[INFO] Initialising O2 Data Processing Layer. Driver PID: 37132.
[INFO] Driver listening on port: 15212
[INFO] Rate limiting set up at 2000 MB and 64 timeframes distributed over 1 readers
[INFO] O2 Data Processing Layer initialised. We brake for nobody.
[INFO] Optimised build. O2DEBUG / LOG(debug) / LOGF(debug) / assert statement will not be shown.
[INFO] Redeployment of configuration asked.
[INFO] Starting internal-dpl-clock on pid 37141
[INFO] Starting tf-reader on pid 37142
[INFO] Starting internal-dpl-ccdb-backend on pid 37143
[INFO] Starting ctp-raw-decoder on pid 37144
[INFO] Starting ctp-digit-writer on pid 37145
[INFO] Starting internal-dpl-injected-dummy-sink on pid 37146
[INFO] Redeployment of configuration done.
[37141:internal-dpl-clock]: [INFO] Instrumenting crash signals
[37142:tf-reader]: [INFO] Instrumenting crash signals
[37146:internal-dpl-injected-dummy-sink]: [INFO] Instrumenting crash signals
[37142:tf-reader]: [INFO] Spawning new device tf-reader in process with pid 37142
[37141:internal-dpl-clock]: [INFO] Spawning new device internal-dpl-clock in process with pid 37141
[37146:internal-dpl-injected-dummy-sink]: [INFO] Spawning new device internal-dpl-injected-dummy-sink in process with pid 37146
[37141:internal-dpl-clock]: [18:22:15][INFO] 
[37141:internal-dpl-clock]:       ______      _    _______  _________ 
[37141:internal-dpl-clock]:      / ____/___ _(_)_______   |/  /_  __ \    version 1.10.1
[37141:internal-dpl-clock]:     / /_  / __ `/ / ___/__  /|_/ /_  / / /    build RELWITHDEBINFO
[37141:internal-dpl-clock]:    / __/ / /_/ / / /    _  /  / / / /_/ /     https://github.com/FairRootGroup/FairMQ
[37141:internal-dpl-clock]:   /_/    \__,_/_/_/     /_/  /_/  \___\_\     LGPL-3.0  © 2012-2025 GSI
[37141:internal-dpl-clock]: 
[37142:tf-reader]: [18:22:15][INFO] 
[37142:tf-reader]:       ______      _    _______  _________ 
[37142:tf-reader]:      / ____/___ _(_)_______   |/  /_  __ \    version 1.10.1
[37142:tf-reader]:     / /_  / __ `/ / ___/__  /|_/ /_  / / /    build RELWITHDEBINFO
[37142:tf-reader]:    / __/ / /_/ / / /    _  /  / / / /_/ /     https://github.com/FairRootGroup/FairMQ
[37142:tf-reader]:   /_/    \__,_/_/_/     /_/  /_/  \___\_\     LGPL-3.0  © 2012-2025 GSI
[37142:tf-reader]: 
[37141:internal-dpl-clock]: [18:22:15][STATE] Starting FairMQ state machine --> IDLE
[37142:tf-reader]: [18:22:15][STATE] Starting FairMQ state machine --> IDLE
[37146:internal-dpl-injected-dummy-sink]: [18:22:15][INFO] 
[37146:internal-dpl-injected-dummy-sink]:       ______      _    _______  _________ 
[37146:internal-dpl-injected-dummy-sink]:      / ____/___ _(_)_______   |/  /_  __ \    version 1.10.1
[37146:internal-dpl-injected-dummy-sink]:     / /_  / __ `/ / ___/__  /|_/ /_  / / /    build RELWITHDEBINFO
[37146:internal-dpl-injected-dummy-sink]:    / __/ / /_/ / / /    _  /  / / / /_/ /     https://github.com/FairRootGroup/FairMQ
[37146:internal-dpl-injected-dummy-sink]:   /_/    \__,_/_/_/     /_/  /_/  \___\_\     LGPL-3.0  © 2012-2025 GSI
[37146:internal-dpl-injected-dummy-sink]: 
[37146:internal-dpl-injected-dummy-sink]: [18:22:15][STATE] Starting FairMQ state machine --> IDLE
[37141:internal-dpl-clock]: [18:22:15][STATE] IDLE ---> INITIALIZING DEVICE
[37142:tf-reader]: [18:22:15][STATE] IDLE ---> INITIALIZING DEVICE
[37146:internal-dpl-injected-dummy-sink]: [18:22:15][STATE] IDLE ---> INITIALIZING DEVICE
[37141:internal-dpl-clock]: [18:22:15][STATE] INITIALIZING DEVICE ---> INITIALIZED
[37141:internal-dpl-clock]: [18:22:15][STATE] INITIALIZED ---> BINDING
[37146:internal-dpl-injected-dummy-sink]: [18:22:15][STATE] INITIALIZING DEVICE ---> INITIALIZED
[37142:tf-reader]: [18:22:15][INFO] Input contains 1 files, 0 remote
[37146:internal-dpl-injected-dummy-sink]: [18:22:15][STATE] INITIALIZED ---> BINDING
[37146:internal-dpl-injected-dummy-sink]: [18:22:15][STATE] BINDING ---> BOUND
[37146:internal-dpl-injected-dummy-sink]: [18:22:15][STATE] BOUND ---> CONNECTING
[37146:internal-dpl-injected-dummy-sink]: [18:22:15][STATE] CONNECTING ---> DEVICE READY
[37146:internal-dpl-injected-dummy-sink]: [18:22:15][STATE] DEVICE READY ---> INITIALIZING TASK
[37142:tf-reader]: [18:22:15][INFO] Finished file fetching: 1 of 1 files fetched successfully in 0 iterations
[37141:internal-dpl-clock]: [18:22:15][STATE] BINDING ---> BOUND
[37146:internal-dpl-injected-dummy-sink]: [18:22:15][STATE] INITIALIZING TASK ---> READY
[37141:internal-dpl-clock]: [18:22:15][STATE] BOUND ---> CONNECTING
[37141:internal-dpl-clock]: [18:22:15][STATE] CONNECTING ---> DEVICE READY
[37146:internal-dpl-injected-dummy-sink]: [18:22:15][STATE] READY ---> RUNNING
[37146:internal-dpl-injected-dummy-sink]: [18:22:15][INFO] fair::mq::Device running...
[37141:internal-dpl-clock]: [18:22:15][STATE] DEVICE READY ---> INITIALIZING TASK
[37141:internal-dpl-clock]: [18:22:15][STATE] INITIALIZING TASK ---> READY
[37141:internal-dpl-clock]: [18:22:15][STATE] READY ---> RUNNING
[37141:internal-dpl-clock]: [18:22:15][INFO] fair::mq::Device running...
[37146:internal-dpl-injected-dummy-sink]: [18:22:15][INFO] LHCPeriod is not available, using current month MAY
[37141:internal-dpl-clock]: [18:22:15][INFO] LHCPeriod is not available, using current month MAY
[37142:tf-reader]: [18:22:15][STATE] INITIALIZING DEVICE ---> INITIALIZED
[37142:tf-reader]: [18:22:15][STATE] INITIALIZED ---> BINDING
[37146:internal-dpl-injected-dummy-sink]: [18:22:15][INFO] Correctly handshaken websocket connection.
[37141:internal-dpl-clock]: [18:22:15][INFO] Correctly handshaken websocket connection.
[37142:tf-reader]: [18:22:15][STATE] BINDING ---> BOUND
[37142:tf-reader]: [18:22:15][STATE] BOUND ---> CONNECTING
[37142:tf-reader]: [18:22:15][STATE] CONNECTING ---> DEVICE READY
[37142:tf-reader]: [18:22:15][STATE] DEVICE READY ---> INITIALIZING TASK
[37142:tf-reader]: [18:22:15][STATE] INITIALIZING TASK ---> READY
[37142:tf-reader]: [18:22:15][STATE] READY ---> RUNNING
[37142:tf-reader]: [18:22:15][INFO] fair::mq::Device running...
[37142:tf-reader]: [18:22:15][INFO] LHCPeriod is not available, using current month MAY
[37142:tf-reader]: [18:22:15][INFO] Correctly handshaken websocket connection.
[37142:tf-reader]: [18:22:15][INFO] Processing file o2_rawtf_run00572163_tf03959317_epn183.tf
[37142:tf-reader]: [18:22:15][INFO] Block:1 CTP/RAWDATA with size 89632
[37142:tf-reader]: [18:22:15][INFO] Block:2 FLP/DISTSUBTIMEFRAME with size 168
[37142:tf-reader]: [18:22:15][INFO] Block:1 CTP/LUMI with size 192
[37144:ctp-raw-decoder]: [INFO] Instrumenting crash signals
[37145:ctp-digit-writer]: [INFO] Instrumenting crash signals
[37143:internal-dpl-ccdb-backend]: [INFO] Instrumenting crash signals
[37144:ctp-raw-decoder]: [INFO] Spawning new device ctp-raw-decoder in process with pid 37144
[37145:ctp-digit-writer]: [INFO] Spawning new device ctp-digit-writer in process with pid 37145
[37143:internal-dpl-ccdb-backend]: [INFO] Spawning new device internal-dpl-ccdb-backend in process with pid 37143
[37144:ctp-raw-decoder]: [18:22:15][INFO] 
[37144:ctp-raw-decoder]:       ______      _    _______  _________ 
[37144:ctp-raw-decoder]:      / ____/___ _(_)_______   |/  /_  __ \    version 1.10.1
[37144:ctp-raw-decoder]:     / /_  / __ `/ / ___/__  /|_/ /_  / / /    build RELWITHDEBINFO
[37144:ctp-raw-decoder]:    / __/ / /_/ / / /    _  /  / / / /_/ /     https://github.com/FairRootGroup/FairMQ
[37144:ctp-raw-decoder]:   /_/    \__,_/_/_/     /_/  /_/  \___\_\     LGPL-3.0  © 2012-2025 GSI
[37144:ctp-raw-decoder]: 
[37145:ctp-digit-writer]: [18:22:15][INFO] 
[37145:ctp-digit-writer]:       ______      _    _______  _________ 
[37145:ctp-digit-writer]:      / ____/___ _(_)_______   |/  /_  __ \    version 1.10.1
[37145:ctp-digit-writer]:     / /_  / __ `/ / ___/__  /|_/ /_  / / /    build RELWITHDEBINFO
[37145:ctp-digit-writer]:    / __/ / /_/ / / /    _  /  / / / /_/ /     https://github.com/FairRootGroup/FairMQ
[37145:ctp-digit-writer]:   /_/    \__,_/_/_/     /_/  /_/  \___\_\     LGPL-3.0  © 2012-2025 GSI
[37145:ctp-digit-writer]: 
[37144:ctp-raw-decoder]: [18:22:15][STATE] Starting FairMQ state machine --> IDLE
[37145:ctp-digit-writer]: [18:22:15][STATE] Starting FairMQ state machine --> IDLE
[37143:internal-dpl-ccdb-backend]: [18:22:15][INFO] 
[37143:internal-dpl-ccdb-backend]:       ______      _    _______  _________ 
[37143:internal-dpl-ccdb-backend]:      / ____/___ _(_)_______   |/  /_  __ \    version 1.10.1
[37143:internal-dpl-ccdb-backend]:     / /_  / __ `/ / ___/__  /|_/ /_  / / /    build RELWITHDEBINFO
[37143:internal-dpl-ccdb-backend]:    / __/ / /_/ / / /    _  /  / / / /_/ /     https://github.com/FairRootGroup/FairMQ
[37143:internal-dpl-ccdb-backend]:   /_/    \__,_/_/_/     /_/  /_/  \___\_\     LGPL-3.0  © 2012-2025 GSI
[37143:internal-dpl-ccdb-backend]: 
[37143:internal-dpl-ccdb-backend]: [18:22:15][STATE] Starting FairMQ state machine --> IDLE
[37144:ctp-raw-decoder]: [18:22:15][STATE] IDLE ---> INITIALIZING DEVICE
[37143:internal-dpl-ccdb-backend]: [18:22:15][STATE] IDLE ---> INITIALIZING DEVICE
[37145:ctp-digit-writer]: [18:22:15][STATE] IDLE ---> INITIALIZING DEVICE
[37144:ctp-raw-decoder]: [18:22:15][WARN] Input name without level:TVX
[37144:ctp-raw-decoder]: [18:22:15][WARN] Input name without level:VBA
[37144:ctp-raw-decoder]: [18:22:15][INFO] CTP reco init done. Inputs decoding here:1 DoLumi:0 DoDigits:1 NTF:90 Lumi inputs:TVX:3 VBA:6 Max errors:1000000 Max input size:0 MaxInputSizeFatal:0 CheckConsistency:1
[37144:ctp-raw-decoder]: [18:22:15][STATE] INITIALIZING DEVICE ---> INITIALIZED
[37144:ctp-raw-decoder]: [18:22:15][STATE] INITIALIZED ---> BINDING
[37144:ctp-raw-decoder]: [18:22:15][STATE] BINDING ---> BOUND
[37144:ctp-raw-decoder]: [18:22:15][STATE] BOUND ---> CONNECTING
[37144:ctp-raw-decoder]: [18:22:15][STATE] CONNECTING ---> DEVICE READY
[37144:ctp-raw-decoder]: [18:22:15][STATE] DEVICE READY ---> INITIALIZING TASK
[37144:ctp-raw-decoder]: [18:22:15][STATE] INITIALIZING TASK ---> READY
[37144:ctp-raw-decoder]: [18:22:15][STATE] READY ---> RUNNING
[37144:ctp-raw-decoder]: [18:22:15][INFO] fair::mq::Device running...
[37144:ctp-raw-decoder]: [18:22:15][INFO] LHCPeriod is not available, using current month MAY
[37144:ctp-raw-decoder]: [18:22:15][INFO] Correctly handshaken websocket connection.
[37145:ctp-digit-writer]: [18:22:15][INFO] 0: branch  CTPDigits set up
[37145:ctp-digit-writer]: [18:22:15][STATE] INITIALIZING DEVICE ---> INITIALIZED
[37145:ctp-digit-writer]: [18:22:15][STATE] INITIALIZED ---> BINDING
[37145:ctp-digit-writer]: [18:22:15][STATE] BINDING ---> BOUND
[37145:ctp-digit-writer]: [18:22:15][STATE] BOUND ---> CONNECTING
[37145:ctp-digit-writer]: [18:22:15][STATE] CONNECTING ---> DEVICE READY
[37145:ctp-digit-writer]: [18:22:15][STATE] DEVICE READY ---> INITIALIZING TASK
[37145:ctp-digit-writer]: [18:22:15][STATE] INITIALIZING TASK ---> READY
[37145:ctp-digit-writer]: [18:22:15][STATE] READY ---> RUNNING
[37145:ctp-digit-writer]: [18:22:15][INFO] fair::mq::Device running...
[37145:ctp-digit-writer]: [18:22:15][INFO] LHCPeriod is not available, using current month MAY
[37145:ctp-digit-writer]: [18:22:15][INFO] Correctly handshaken websocket connection.
[37142:tf-reader]: [18:22:16][INFO] Sent TF 0 of size 89992 with 66 parts, 0.0000 s elapsed from previous TF., WaitSending=false
[37143:internal-dpl-ccdb-backend]: [18:22:16][INFO] CCDB Backend at: http://alice-ccdb.cern.ch, validity check for every 2147483647 TF
[37143:internal-dpl-ccdb-backend]: [18:22:16][INFO] Hook to enable signposts for CCDB messages at 0x989231820
[37143:internal-dpl-ccdb-backend]: [18:22:16][INFO] Init CcdApi with UserAgentID: MacOS_app/unknown@37143 target/Darwin_arm64 init/1779898936189 id/romanlietava@192.168.1.45 session/eXKAT7b9, Host: http://alice-ccdb.cern.ch, Curl timeouts: upload:20 download:5
[37143:internal-dpl-ccdb-backend]: [18:22:16][INFO] Initialised default CCDB host http://alice-ccdb.cern.ch
[37143:internal-dpl-ccdb-backend]: [18:22:16][INFO] The following route is a condition CTP/CTPCONFIG/0
[37143:internal-dpl-ccdb-backend]: [18:22:16][INFO] - ccdb-path: CTP/Config/Config
[37143:internal-dpl-ccdb-backend]: [18:22:16][INFO] The following route is a condition CTP/Trig_Offset/0
[37143:internal-dpl-ccdb-backend]: [18:22:16][INFO] - ccdb-path: CTP/Config/TriggerOffsets
[37143:internal-dpl-ccdb-backend]: [18:22:16][STATE] INITIALIZING DEVICE ---> INITIALIZED
[37143:internal-dpl-ccdb-backend]: [18:22:16][STATE] INITIALIZED ---> BINDING
[37143:internal-dpl-ccdb-backend]: [18:22:16][STATE] BINDING ---> BOUND
[37143:internal-dpl-ccdb-backend]: [18:22:16][STATE] BOUND ---> CONNECTING
[37143:internal-dpl-ccdb-backend]: [18:22:16][STATE] CONNECTING ---> DEVICE READY
[37143:internal-dpl-ccdb-backend]: [18:22:16][STATE] DEVICE READY ---> INITIALIZING TASK
[37143:internal-dpl-ccdb-backend]: [18:22:16][STATE] INITIALIZING TASK ---> READY
[37143:internal-dpl-ccdb-backend]: [18:22:16][STATE] READY ---> RUNNING
[37143:internal-dpl-ccdb-backend]: [18:22:16][INFO] fair::mq::Device running...
[37143:internal-dpl-ccdb-backend]: [18:22:16][INFO] LHCPeriod is not available, using current month MAY
[37142:tf-reader]: [18:22:16][INFO] Block:1 CTP/RAWDATA with size 90288
[37142:tf-reader]: [18:22:16][INFO] Block:2 FLP/DISTSUBTIMEFRAME with size 168
[37142:tf-reader]: [18:22:16][INFO] Block:1 CTP/LUMI with size 192
[37142:tf-reader]: [18:22:16][INFO] Sent TF 1 of size 90648 with 66 parts, 0.1595 s elapsed from previous TF., WaitSending=false
[37142:tf-reader]: [18:22:16][INFO] Block:1 CTP/RAWDATA with size 89872
[37142:tf-reader]: [18:22:16][INFO] Block:2 FLP/DISTSUBTIMEFRAME with size 168
[37142:tf-reader]: [18:22:16][INFO] Block:1 CTP/LUMI with size 192
[37142:tf-reader]: [18:22:16][INFO] Sent TF 2 of size 90232 with 66 parts, 0.0003 s elapsed from previous TF., WaitSending=false
[37142:tf-reader]: [18:22:16][INFO] Block:1 CTP/RAWDATA with size 92288
[37142:tf-reader]: [18:22:16][INFO] Block:2 FLP/DISTSUBTIMEFRAME with size 168
[37142:tf-reader]: [18:22:16][INFO] Block:1 CTP/LUMI with size 192
[37142:tf-reader]: [18:22:16][INFO] Sent TF 3 of size 92648 with 66 parts, 0.0002 s elapsed from previous TF., WaitSending=false
[37142:tf-reader]: [18:22:16][INFO] Block:1 CTP/RAWDATA with size 89824
[37142:tf-reader]: [18:22:16][INFO] Block:2 FLP/DISTSUBTIMEFRAME with size 168
[37142:tf-reader]: [18:22:16][INFO] Block:1 CTP/LUMI with size 192
[37142:tf-reader]: [18:22:16][INFO] Sent TF 4 of size 90184 with 66 parts, 0.0061 s elapsed from previous TF., WaitSending=true
[37142:tf-reader]: [18:22:16][INFO] Block:1 CTP/RAWDATA with size 89104
[37142:tf-reader]: [18:22:16][INFO] Block:2 FLP/DISTSUBTIMEFRAME with size 168
[37142:tf-reader]: [18:22:16][INFO] Block:1 CTP/LUMI with size 192
[37142:tf-reader]: [18:22:16][INFO] Sent TF 5 of size 89464 with 66 parts, 0.0127 s elapsed from previous TF., WaitSending=true
[37142:tf-reader]: [18:22:16][INFO] Block:1 CTP/RAWDATA with size 91760
[37142:tf-reader]: [18:22:16][INFO] Block:2 FLP/DISTSUBTIMEFRAME with size 168
[37142:tf-reader]: [18:22:16][INFO] Block:1 CTP/LUMI with size 192
[37142:tf-reader]: [18:22:16][INFO] Sent TF 6 of size 92120 with 66 parts, 0.0001 s elapsed from previous TF., WaitSending=true
[37142:tf-reader]: [18:22:16][INFO] Block:1 CTP/RAWDATA with size 91936
[37142:tf-reader]: [18:22:16][INFO] Block:2 FLP/DISTSUBTIMEFRAME with size 168
[37142:tf-reader]: [18:22:16][INFO] Block:1 CTP/LUMI with size 192
[37142:tf-reader]: [18:22:16][INFO] Sent TF 7 of size 92296 with 66 parts, 0.0126 s elapsed from previous TF., WaitSending=false
[37142:tf-reader]: [18:22:16][INFO] Block:1 CTP/RAWDATA with size 91440
[37142:tf-reader]: [18:22:16][INFO] Block:2 FLP/DISTSUBTIMEFRAME with size 168
[37142:tf-reader]: [18:22:16][INFO] Block:1 CTP/LUMI with size 192
[37142:tf-reader]: [18:22:16][INFO] Sent TF 8 of size 91800 with 66 parts, 0.0001 s elapsed from previous TF., WaitSending=false
[37142:tf-reader]: [18:22:16][INFO] Block:1 CTP/RAWDATA with size 90256
[37142:tf-reader]: [18:22:16][INFO] Block:2 FLP/DISTSUBTIMEFRAME with size 168
[37142:tf-reader]: [18:22:16][INFO] Block:1 CTP/LUMI with size 192
[37142:tf-reader]: [18:22:16][INFO] Sent TF 9 of size 90616 with 66 parts, 0.0001 s elapsed from previous TF., WaitSending=false
[37142:tf-reader]: [18:22:16][INFO] Block:1 CTP/RAWDATA with size 90496
[37142:tf-reader]: [18:22:16][INFO] Block:2 FLP/DISTSUBTIMEFRAME with size 168
[37142:tf-reader]: [18:22:16][INFO] Block:1 CTP/LUMI with size 192
[37142:tf-reader]: [18:22:16][INFO] Sent TF 10 of size 90856 with 66 parts, 0.0121 s elapsed from previous TF., WaitSending=true
[37142:tf-reader]: [18:22:16][INFO] TFReader stops processing
[37142:tf-reader]: [18:22:16][INFO] 11 TFs in 1  loops were sent, spent 0 s in 0 data waiting states
[37142:tf-reader]: [18:22:16][INFO] Sending end-of-stream message to channel from_tf-reader_to_internal-dpl-ccdb-backend
[37142:tf-reader]: [18:22:16][INFO] Sending end-of-stream message to channel from_tf-reader_to_ctp-raw-decoder
[37142:tf-reader]: [18:22:16][INFO] Sending end-of-stream message to channel from_tf-reader_to_internal-dpl-injected-dummy-sink
[37143:internal-dpl-ccdb-backend]: Info in <TJAlienConnectionManager>: Opening connection to JCentral. Please wait
[37143:internal-dpl-ccdb-backend]: Info in <TJAlienConnectionManager>: Opening connection to 128.142.249.17
[37143:internal-dpl-ccdb-backend]: Info in <TJAlienConnectionManager>: Successfully connected to 128.142.249.17
[37143:internal-dpl-ccdb-backend]: Info in <TJAlienFile::Open>: Accessing file /alice/data/CCDB/CTP/Calib/OrbitReset/14/21025/555b8c2f-59af-11f1-b135-0aa140641b9a in SE <ALICE::CCIN2P3::SE>
[37143:internal-dpl-ccdb-backend]: [18:22:18][INFO] ccdb reads http://alice-ccdb.cern.ch/CTP/Calib/OrbitReset/1779874501102/555b8c2f-59af-11f1-b135-0aa140641b9a for 1779888273923 (load to memory, agent_id: MacOS_app/unknown@37143 target/Darwin_arm64 init/1779898936189 id/romanlietava@192.168.1.45 session/eXKAT7b9), 
[37143:internal-dpl-ccdb-backend]: Info in <TJAlienFile::Open>: Accessing file /alice/data/CCDB/CTP/Config/Config/14/19192/1f062358-59b5-11f1-b135-0aa140641b9a in SE <ALICE::CCIN2P3::SE>
[37143:internal-dpl-ccdb-backend]: [18:22:19][INFO] ccdb reads http://alice-ccdb.cern.ch/CTP/Config/Config/1779876386961/1f062358-59b5-11f1-b135-0aa140641b9a for 1779888272908 (load to memory, agent_id: MacOS_app/unknown@37143 target/Darwin_arm64 init/1779898936189 id/romanlietava@192.168.1.45 session/eXKAT7b9), 
[37143:internal-dpl-ccdb-backend]: Info in <TJAlienFile::Open>: Accessing file /alice/data/CCDB/CTP/Config/TriggerOffsets/06/49287/56b4c228-70dc-11ee-bc26-2a010e0a0b16 in SE <ALICE::UPB::CCDB>
[37143:internal-dpl-ccdb-backend]: [18:22:26][INFO] ccdb reads http://alice-ccdb.cern.ch/CTP/Config/TriggerOffsets/1696975200000/56b4c228-70dc-11ee-bc26-2a010e0a0b16 for 1779888272908 (load to memory, agent_id: MacOS_app/unknown@37143 target/Darwin_arm64 init/1779898936189 id/romanlietava@192.168.1.45 session/eXKAT7b9), 
[37143:internal-dpl-ccdb-backend]: [18:22:26][INFO] Correctly handshaken websocket connection.
[37143:internal-dpl-ccdb-backend]: [18:22:26][INFO] Sending end-of-stream message to channel from_internal-dpl-ccdb-backend_to_ctp-raw-decoder
[37143:internal-dpl-ccdb-backend]: [18:22:26][INFO] Sending end-of-stream message to channel from_internal-dpl-ccdb-backend_to_internal-dpl-injected-dummy-sink
[37144:ctp-raw-decoder]: [18:22:26][INFO] Caching in 12886031440 ptr to CTP/Trig_Offset/0 (0x104b18280)
[37144:ctp-raw-decoder]: [18:22:26][INFO] updateing TroggerOffsetsParam: inputs L0_L1:281 classes L0_L1:280
[37144:ctp-raw-decoder]: [18:22:26][INFO] Caching in 12886026520 ptr to CTP/CTPCONFIG/0 (0xac5347c00)
[37144:ctp-raw-decoder]: [18:22:26][INFO] ctpconfig for run done:572163
[37144:ctp-raw-decoder]: tforbit==================>154870592 93b2340
[37144:ctp-raw-decoder]: [18:22:26][INFO] RDH version:7 Padding:0
[37144:ctp-raw-decoder]: tforbit==================>93b2340 93b2340
[37144:ctp-raw-decoder]: [18:22:26][INFO] LOST:BCid:    4 Orbit: 154870592 shift:296
[37144:ctp-raw-decoder]: [18:22:26][INFO] LOST:BCid:    8 Orbit: 154870592 shift:296
[37144:ctp-raw-decoder]: [18:22:26][INFO] LOST:BCid:  286 Orbit: 154870592 shift:296
[37144:ctp-raw-decoder]: [18:22:26][INFO] Checking readout
[37144:ctp-raw-decoder]: e cls=>inps:0
[37144:ctp-raw-decoder]: e cls=>inps:0
[37144:ctp-raw-decoder]: e cls=>inps:0
[37144:ctp-raw-decoder]: e cls=>inps:0
[37144:ctp-raw-decoder]: e cls=>inps:0
[37144:ctp-raw-decoder]: e cls=>inps:0
[37144:ctp-raw-decoder]: e cls=>inps:0
[37144:ctp-raw-decoder]: e cls=>inps:0
[37144:ctp-raw-decoder]: e cls=>inps:0
[37144:ctp-raw-decoder]: e cls=>inps:0
[37144:ctp-raw-decoder]: e cls=>inps:0
[37144:ctp-raw-decoder]: e cls=>inps:0
[37144:ctp-raw-decoder]: e cls=>inps:0
[37144:ctp-raw-decoder]: e cls=>inps:0
[37144:ctp-raw-decoder]: e cls=>inps:0
[37144:ctp-raw-decoder]: e cls=>inps:0
[37144:ctp-raw-decoder]: e cls=>inps:0
[37144:ctp-raw-decoder]: e cls=>inps:0
[37144:ctp-raw-decoder]: e cls=>inps:0
[37144:ctp-raw-decoder]: e cls=>inps:0
[37144:ctp-raw-decoder]: e cls=>inps:0
[37144:ctp-raw-decoder]: e cls=>inps:0
[37144:ctp-raw-decoder]: e cls=>inps:0
[37144:ctp-raw-decoder]: 0 cls=>inps:0
[37144:ctp-raw-decoder]: 1 cls=>inps:0
[37144:ctp-raw-decoder]: 2 cls=>inps:0
[37144:ctp-raw-decoder]: 6 cls=>inps:0
[37144:ctp-raw-decoder]: e cls=>inps:0
[37144:ctp-raw-decoder]: e cls=>inps:0
[37144:ctp-raw-decoder]: e cls=>inps:0
[37144:ctp-raw-decoder]: e cls=>inps:0
[37144:ctp-raw-decoder]: e cls=>inps:0
[37144:ctp-raw-decoder]: e cls=>inps:0
[37144:ctp-raw-decoder]: e cls=>inps:0
[37144:ctp-raw-decoder]: e cls=>inps:0
[37144:ctp-raw-decoder]: e cls=>inps:0
[37144:ctp-raw-decoder]: e cls=>inps:0
[37144:ctp-raw-decoder]: e cls=>inps:0
[37144:ctp-raw-decoder]: e cls=>inps:0
[37144:ctp-raw-decoder]: e cls=>inps:0
[37144:ctp-raw-decoder]: e cls=>inps:0
[37144:ctp-raw-decoder]: e cls=>inps:0
[37144:ctp-raw-decoder]: e cls=>inps:0
[37144:ctp-raw-decoder]: e cls=>inps:0
[37144:ctp-raw-decoder]: e cls=>inps:0
[37144:ctp-raw-decoder]: e cls=>inps:0
[37144:ctp-raw-decoder]: e cls=>inps:0
[37144:ctp-raw-decoder]: a cls=>inps:0
[37144:ctp-raw-decoder]: e cls=>inps:0
[37144:ctp-raw-decoder]: e cls=>inps:0
[37144:ctp-raw-decoder]: e cls=>inps:0
[37144:ctp-raw-decoder]: e cls=>inps:0
[37144:ctp-raw-decoder]: e cls=>inps:0
[37144:ctp-raw-decoder]: e cls=>inps:0
[37144:ctp-raw-decoder]: e cls=>inps:0
[37144:ctp-raw-decoder]: e cls=>inps:0
[37144:ctp-raw-decoder]: e cls=>inps:0
[37144:ctp-raw-decoder]: e cls=>inps:0
[37144:ctp-raw-decoder]: e cls=>inps:0
[37144:ctp-raw-decoder]: e cls=>inps:0
[37144:ctp-raw-decoder]: e cls=>inps:0
[37144:ctp-raw-decoder]: e cls=>inps:0
[37144:ctp-raw-decoder]: e cls=>inps:0
[37144:ctp-raw-decoder]: e cls=>inps:0
[37144:ctp-raw-decoder]: e cls=>inps:0
[37144:ctp-raw-decoder]: e cls=>inps:0
[37144:ctp-raw-decoder]: e cls=>inps:0
[37144:ctp-raw-decoder]: e cls=>inps:0
[37144:ctp-raw-decoder]: e cls=>inps:0
[37144:ctp-raw-decoder]: e cls=>inps:0
[37144:ctp-raw-decoder]: e cls=>inps:0
[37144:ctp-raw-decoder]: e cls=>inps:0
[37144:ctp-raw-decoder]: e cls=>inps:0
[37144:ctp-raw-decoder]: e cls=>inps:0
[37144:ctp-raw-decoder]: e cls=>inps:0
[37144:ctp-raw-decoder]: e cls=>inps:0
[37144:ctp-raw-decoder]: e cls=>inps:0
[37144:ctp-raw-decoder]: e cls=>inps:0
[37144:ctp-raw-decoder]: e cls=>inps:0
[37144:ctp-raw-decoder]: e cls=>inps:0
[37144:ctp-raw-decoder]: e cls=>inps:0
[37144:ctp-raw-decoder]: e cls=>inps:0
[37144:ctp-raw-decoder]: e cls=>inps:0
[37144:ctp-raw-decoder]: e cls=>inps:0
[37144:ctp-raw-decoder]: e cls=>inps:0
[37144:ctp-raw-decoder]: e cls=>inps:0
[37144:ctp-raw-decoder]: e cls=>inps:0
[37144:ctp-raw-decoder]: e cls=>inps:0
[37144:ctp-raw-decoder]: e cls=>inps:0
[37144:ctp-raw-decoder]: e cls=>inps:0
[37144:ctp-raw-decoder]: e cls=>inps:0
[37144:ctp-raw-decoder]: e cls=>inps:0
[37144:ctp-raw-decoder]: e cls=>inps:0
[37144:ctp-raw-decoder]: e cls=>inps:0
[37144:ctp-raw-decoder]: e cls=>inps:0
[37144:ctp-raw-decoder]: e cls=>inps:0
[37144:ctp-raw-decoder]: e cls=>inps:0
[37144:ctp-raw-decoder]: e cls=>inps:0
[37144:ctp-raw-decoder]: e cls=>inps:0
[37144:ctp-raw-decoder]: e cls=>inps:0
[37144:ctp-raw-decoder]: e cls=>inps:0
[37144:ctp-raw-decoder]: e cls=>inps:0
[37144:ctp-raw-decoder]: e cls=>inps:0
[37144:ctp-raw-decoder]: e cls=>inps:0
[37144:ctp-raw-decoder]: e cls=>inps:0
[37144:ctp-raw-decoder]: e cls=>inps:0
[37144:ctp-raw-decoder]: e cls=>inps:0
[37144:ctp-raw-decoder]: e cls=>inps:0
[37144:ctp-raw-decoder]: e cls=>inps:0
[37144:ctp-raw-decoder]: e cls=>inps:0
[37144:ctp-raw-decoder]: e cls=>inps:0
[37144:ctp-raw-decoder]: e cls=>inps:0
[37144:ctp-raw-decoder]: e cls=>inps:0
[37144:ctp-raw-decoder]: e cls=>inps:0
[37144:ctp-raw-decoder]: e cls=>inps:0
[37144:ctp-raw-decoder]: e cls=>inps:0
[37144:ctp-raw-decoder]: e cls=>inps:0
[37144:ctp-raw-decoder]: e cls=>inps:0
[37144:ctp-raw-decoder]: e cls=>inps:0
[37144:ctp-raw-decoder]: e cls=>inps:0
[37144:ctp-raw-decoder]: e cls=>inps:0
[37144:ctp-raw-decoder]: e cls=>inps:0
[37144:ctp-raw-decoder]: e cls=>inps:0
[37144:ctp-raw-decoder]: e cls=>inps:0
[37144:ctp-raw-decoder]: e cls=>inps:0
[37144:ctp-raw-decoder]: e cls=>inps:0
[37144:ctp-raw-decoder]: e cls=>inps:0
[37144:ctp-raw-decoder]: e cls=>inps:0
[37144:ctp-raw-decoder]: e cls=>inps:0
[37144:ctp-raw-decoder]: e cls=>inps:0
[37144:ctp-raw-decoder]: e cls=>inps:0
[37144:ctp-raw-decoder]: e cls=>inps:0
[37144:ctp-raw-decoder]: e cls=>inps:0
[37144:ctp-raw-decoder]: e cls=>inps:0
[37144:ctp-raw-decoder]: e cls=>inps:0
[37144:ctp-raw-decoder]: e cls=>inps:0
[37144:ctp-raw-decoder]: e cls=>inps:0
[37144:ctp-raw-decoder]: e cls=>inps:0
[37144:ctp-raw-decoder]: e cls=>inps:0
[37144:ctp-raw-decoder]: e cls=>inps:0
[37144:ctp-raw-decoder]: e cls=>inps:0
[37144:ctp-raw-decoder]: e cls=>inps:0
[37144:ctp-raw-decoder]: e cls=>inps:0
[37144:ctp-raw-decoder]: e cls=>inps:0
[37144:ctp-raw-decoder]: e cls=>inps:0
[37144:ctp-raw-decoder]: e cls=>inps:0
[37144:ctp-raw-decoder]: e cls=>inps:0
[37144:ctp-raw-decoder]: e cls=>inps:0
[37144:ctp-raw-decoder]: e cls=>inps:0
[37144:ctp-raw-decoder]: e cls=>inps:0
[37144:ctp-raw-decoder]: 0 cls=>inps:0
[37144:ctp-raw-decoder]: 1 cls=>inps:0
[37144:ctp-raw-decoder]: 2 cls=>inps:0
[37144:ctp-raw-decoder]: 6 cls=>inps:0
[37144:ctp-raw-decoder]: e cls=>inps:0
[37144:ctp-raw-decoder]: e cls=>inps:0
[37144:ctp-raw-decoder]: e cls=>inps:0
[37144:ctp-raw-decoder]: e cls=>inps:0
[37144:ctp-raw-decoder]: e cls=>inps:0
[37144:ctp-raw-decoder]: e cls=>inps:0
[37144:ctp-raw-decoder]: e cls=>inps:0
[37144:ctp-raw-decoder]: e cls=>inps:0
[37144:ctp-raw-decoder]: e cls=>inps:0
[37144:ctp-raw-decoder]: e cls=>inps:0
[37144:ctp-raw-decoder]: e cls=>inps:0
[37144:ctp-raw-decoder]: a cls=>inps:0
[37144:ctp-raw-decoder]: e cls=>inps:0
[37144:ctp-raw-decoder]: e cls=>inps:0
[37144:ctp-raw-decoder]: e cls=>inps:0
[37144:ctp-raw-decoder]: e cls=>inps:0
[37144:ctp-raw-decoder]: e cls=>inps:0
[37144:ctp-raw-decoder]: e cls=>inps:0
[37144:ctp-raw-decoder]: e cls=>inps:0
[37144:ctp-raw-decoder]: e cls=>inps:0
[37144:ctp-raw-decoder]: e cls=>inps:0
[37144:ctp-raw-decoder]: e cls=>inps:0
[37144:ctp-raw-decoder]: e cls=>inps:0
[37144:ctp-raw-decoder]: e cls=>inps:0
[37144:ctp-raw-decoder]: e cls=>inps:0
[37144:ctp-raw-decoder]: e cls=>inps:0
[37144:ctp-raw-decoder]: e cls=>inps:0
[37144:ctp-raw-decoder]: e cls=>inps:0
[37144:ctp-raw-decoder]: e cls=>inps:0
[37144:ctp-raw-decoder]: e cls=>inps:0
[37144:ctp-raw-decoder]: e cls=>inps:0
[37144:ctp-raw-decoder]: e cls=>inps:0
[37144:ctp-raw-decoder]: e cls=>inps:0
[37144:ctp-raw-decoder]: e cls=>inps:0
[37144:ctp-raw-decoder]: e cls=>inps:0
[37144:ctp-raw-decoder]: e cls=>inps:0
[37144:ctp-raw-decoder]: e cls=>inps:0
[37144:ctp-raw-decoder]: e cls=>inps:0
[37144:ctp-raw-decoder]: e cls=>inps:0
[37144:ctp-raw-decoder]: e cls=>inps:0
[37144:ctp-raw-decoder]: e cls=>inps:0
[37144:ctp-raw-decoder]: e cls=>inps:0
[37144:ctp-raw-decoder]: e cls=>inps:0
[37144:ctp-raw-decoder]: e cls=>inps:0
[37144:ctp-raw-decoder]: e cls=>inps:0
[37144:ctp-raw-decoder]: e cls=>inps:0
[37144:ctp-raw-decoder]: e cls=>inps:0
[37144:ctp-raw-decoder]: e cls=>inps:0
[37144:ctp-raw-decoder]: e cls=>inps:0
[37144:ctp-raw-decoder]: e cls=>inps:0
[37144:ctp-raw-decoder]: e cls=>inps:0
[37144:ctp-raw-decoder]: e cls=>inps:0
[37144:ctp-raw-decoder]: e cls=>inps:0
[37144:ctp-raw-decoder]: e cls=>inps:0
[37144:ctp-raw-decoder]: e cls=>inps:0
[37144:ctp-raw-decoder]: e cls=>inps:0
[37144:ctp-raw-decoder]: e cls=>inps:0
[37144:ctp-raw-decoder]: e cls=>inps:0
[37144:ctp-raw-decoder]: e cls=>inps:0
[37144:ctp-raw-decoder]: e cls=>inps:0
[37144:ctp-raw-decoder]: e cls=>inps:0
[37144:ctp-raw-decoder]: 0 cls=>inps:0
[37144:ctp-raw-decoder]: 1 cls=>inps:0
[37144:ctp-raw-decoder]: 2 cls=>inps:0
[37144:ctp-raw-decoder]: 6 cls=>inps:0
[37144:ctp-raw-decoder]: e cls=>inps:0
[37144:ctp-raw-decoder]: e cls=>inps:0
[37144:ctp-raw-decoder]: e cls=>inps:0
[37144:ctp-raw-decoder]: e cls=>inps:0
[37144:ctp-raw-decoder]: e cls=>inps:0
[37144:ctp-raw-decoder]: e cls=>inps:0
[37144:ctp-raw-decoder]: e cls=>inps:0
[37144:ctp-raw-decoder]: e cls=>inps:0
[37144:ctp-raw-decoder]: e cls=>inps:0
[37144:ctp-raw-decoder]: e cls=>inps:0
[37144:ctp-raw-decoder]: e cls=>inps:0
[37144:ctp-raw-decoder]: 0 cls=>inps:0
[37144:ctp-raw-decoder]: 1 cls=>inps:0
[37144:ctp-raw-decoder]: 2 cls=>inps:0
[37144:ctp-raw-decoder]: 6 cls=>inps:0
[37144:ctp-raw-decoder]: e cls=>inps:0
[37144:ctp-raw-decoder]: e cls=>inps:0
[37144:ctp-raw-decoder]: e cls=>inps:0
[37144:ctp-raw-decoder]: e cls=>inps:0
[37144:ctp-raw-decoder]: e cls=>inps:0
[37144:ctp-raw-decoder]: e cls=>inps:0
[37144:ctp-raw-decoder]: e cls=>inps:0
[37144:ctp-raw-decoder]: e cls=>inps:0
[37144:ctp-raw-decoder]: e cls=>inps:0
[37144:ctp-raw-decoder]: e cls=>inps:0
[37144:ctp-raw-decoder]: e cls=>inps:0
[37144:ctp-raw-decoder]: e cls=>inps:0
[37144:ctp-raw-decoder]: e cls=>inps:0
[37144:ctp-raw-decoder]: e cls=>inps:0
[37144:ctp-raw-decoder]: e cls=>inps:0
[37144:ctp-raw-decoder]: e cls=>inps:0
[37144:ctp-raw-decoder]: e cls=>inps:0
[37144:ctp-raw-decoder]: e cls=>inps:0
[37144:ctp-raw-decoder]: e cls=>inps:0
[37144:ctp-raw-decoder]: e cls=>inps:0
[37144:ctp-raw-decoder]: e cls=>inps:0
[37144:ctp-raw-decoder]: e cls=>inps:0
[37144:ctp-raw-decoder]: e cls=>inps:0
[37144:ctp-raw-decoder]: e cls=>inps:0
[37144:ctp-raw-decoder]: e cls=>inps:0
[37144:ctp-raw-decoder]: e cls=>inps:0
[37144:ctp-raw-decoder]: e cls=>inps:0
[37144:ctp-raw-decoder]: a cls=>inps:0
[37144:ctp-raw-decoder]: e cls=>inps:0
[37144:ctp-raw-decoder]: a cls=>inps:0
[37144:ctp-raw-decoder]: e cls=>inps:0
[37144:ctp-raw-decoder]: e cls=>inps:0
[37144:ctp-raw-decoder]: e cls=>inps:0
[37144:ctp-raw-decoder]: e cls=>inps:0
[37144:ctp-raw-decoder]: e cls=>inps:0
[37144:ctp-raw-decoder]: e cls=>inps:0
[37144:ctp-raw-decoder]: e cls=>inps:0
[37144:ctp-raw-decoder]: a cls=>inps:0
[37144:ctp-raw-decoder]: e cls=>inps:0
[37144:ctp-raw-decoder]: e cls=>inps:0
[37144:ctp-raw-decoder]: e cls=>inps:0
[37144:ctp-raw-decoder]: e cls=>inps:0
[37144:ctp-raw-decoder]: e cls=>inps:0
[37144:ctp-raw-decoder]: e cls=>inps:0
[37144:ctp-raw-decoder]: e cls=>inps:0
[37144:ctp-raw-decoder]: e cls=>inps:0
[37144:ctp-raw-decoder]: e cls=>inps:0
[37144:ctp-raw-decoder]: e cls=>inps:0
[37144:ctp-raw-decoder]: e cls=>inps:0
[37144:ctp-raw-decoder]: e cls=>inps:0
[37144:ctp-raw-decoder]: e cls=>inps:0
[37144:ctp-raw-decoder]: e cls=>inps:0
[37144:ctp-raw-decoder]: e cls=>inps:0
[37144:ctp-raw-decoder]: e cls=>inps:0
[37144:ctp-raw-decoder]: e cls=>inps:0
[37144:ctp-raw-decoder]: e cls=>inps:0
[37144:ctp-raw-decoder]: e cls=>inps:0
[37144:ctp-raw-decoder]: e cls=>inps:0
[37144:ctp-raw-decoder]: e cls=>inps:0
[37144:ctp-raw-decoder]: a cls=>inps:0
[37144:ctp-raw-decoder]: e cls=>inps:0
[37144:ctp-raw-decoder]: e cls=>inps:0
[37144:ctp-raw-decoder]: e cls=>inps:0
[37144:ctp-raw-decoder]: e cls=>inps:0
[37144:ctp-raw-decoder]: e cls=>inps:0
[37144:ctp-raw-decoder]: 0 cls=>inps:0
[37144:ctp-raw-decoder]: 2 cls=>inps:0
[37144:ctp-raw-decoder]: e cls=>inps:0
[37144:ctp-raw-decoder]: e cls=>inps:0
[37144:ctp-raw-decoder]: e cls=>inps:0
[37144:ctp-raw-decoder]: e cls=>inps:0
[37144:ctp-raw-decoder]: e cls=>inps:0
[37144:ctp-raw-decoder]: e cls=>inps:0
[37144:ctp-raw-decoder]: e cls=>inps:0
[37144:ctp-raw-decoder]: e cls=>inps:0
[37144:ctp-raw-decoder]: e cls=>inps:0
[37144:ctp-raw-decoder]: e cls=>inps:0
[37144:ctp-raw-decoder]: e cls=>inps:0
[37144:ctp-raw-decoder]: e cls=>inps:0
[37144:ctp-raw-decoder]: e cls=>inps:0
[37144:ctp-raw-decoder]: e cls=>inps:0
[37144:ctp-raw-decoder]: e cls=>inps:0
[37144:ctp-raw-decoder]: e cls=>inps:0
[37144:ctp-raw-decoder]: e cls=>inps:0
[37144:ctp-raw-decoder]: e cls=>inps:0
[37144:ctp-raw-decoder]: e cls=>inps:0
[37144:ctp-raw-decoder]: a cls=>inps:0
[37144:ctp-raw-decoder]: e cls=>inps:0
[37144:ctp-raw-decoder]: e cls=>inps:0
[37144:ctp-raw-decoder]: e cls=>inps:0
[37144:ctp-raw-decoder]: e cls=>inps:0
[37144:ctp-raw-decoder]: e cls=>inps:0
[37144:ctp-raw-decoder]: 0 cls=>inps:0
[37144:ctp-raw-decoder]: 1 cls=>inps:0
[37144:ctp-raw-decoder]: 2 cls=>inps:0
[37144:ctp-raw-decoder]: 6 cls=>inps:0
[37144:ctp-raw-decoder]: e cls=>inps:0
[37144:ctp-raw-decoder]: e cls=>inps:0
[37144:ctp-raw-decoder]: e cls=>inps:0
[37144:ctp-raw-decoder]: e cls=>inps:0
[37144:ctp-raw-decoder]: e cls=>inps:0
[37144:ctp-raw-decoder]: e cls=>inps:0
[37144:ctp-raw-decoder]: 0 cls=>inps:0
[37144:ctp-raw-decoder]: 1 cls=>inps:0
[37144:ctp-raw-decoder]: 2 cls=>inps:0
[37144:ctp-raw-decoder]: 6 cls=>inps:0
[37144:ctp-raw-decoder]: e cls=>inps:0
[37144:ctp-raw-decoder]: e cls=>inps:0
[37144:ctp-raw-decoder]: e cls=>inps:0
[37144:ctp-raw-decoder]: e cls=>inps:0
[37144:ctp-raw-decoder]: e cls=>inps:0
[37144:ctp-raw-decoder]: e cls=>inps:0
[37144:ctp-raw-decoder]: e cls=>inps:0
[37144:ctp-raw-decoder]: e cls=>inps:0
[37144:ctp-raw-decoder]: e cls=>inps:0
[37144:ctp-raw-decoder]: e cls=>inps:0
[37144:ctp-raw-decoder]: e cls=>inps:0
[37144:ctp-raw-decoder]: e cls=>inps:0
[37144:ctp-raw-decoder]: e cls=>inps:0
[37144:ctp-raw-decoder]: e cls=>inps:0
[37144:ctp-raw-decoder]: e cls=>inps:0
[37144:ctp-raw-decoder]: e cls=>inps:0
[37144:ctp-raw-decoder]: e cls=>inps:0
[37144:ctp-raw-decoder]: e cls=>inps:0
[37144:ctp-raw-decoder]: e cls=>inps:0
[37144:ctp-raw-decoder]: e cls=>inps:0
[37144:ctp-raw-decoder]: e cls=>inps:0
[37144:ctp-raw-decoder]: e cls=>inps:0
[37144:ctp-raw-decoder]: e cls=>inps:0
[37144:ctp-raw-decoder]: e cls=>inps:0
[37144:ctp-raw-decoder]: e cls=>inps:0
[37144:ctp-raw-decoder]: e cls=>inps:0
[37144:ctp-raw-decoder]: e cls=>inps:0
[37144:ctp-raw-decoder]: e cls=>inps:0
[37144:ctp-raw-decoder]: e cls=>inps:0
[37144:ctp-raw-decoder]: e cls=>inps:0
[37144:ctp-raw-decoder]: e cls=>inps:0
[37144:ctp-raw-decoder]: e cls=>inps:0
[37144:ctp-raw-decoder]: e cls=>inps:0
[37144:ctp-raw-decoder]: e cls=>inps:0
[37144:ctp-raw-decoder]: e cls=>inps:0
[37144:ctp-raw-decoder]: e cls=>inps:0
[37144:ctp-raw-decoder]: e cls=>inps:0
[37144:ctp-raw-decoder]: e cls=>inps:0
[37144:ctp-raw-decoder]: e cls=>inps:0
[37144:ctp-raw-decoder]: e cls=>inps:0
[37144:ctp-raw-decoder]: e cls=>inps:0
[37144:ctp-raw-decoder]: e cls=>inps:0
[37144:ctp-raw-decoder]: e cls=>inps:0
[37144:ctp-raw-decoder]: e cls=>inps:0
[37144:ctp-raw-decoder]: e cls=>inps:0
[37144:ctp-raw-decoder]: e cls=>inps:0
[37144:ctp-raw-decoder]: e cls=>inps:0
[37144:ctp-raw-decoder]: e cls=>inps:0
[37144:ctp-raw-decoder]: e cls=>inps:0
[37144:ctp-raw-decoder]: e cls=>inps:0
[37144:ctp-raw-decoder]: e cls=>inps:0
[37144:ctp-raw-decoder]: e cls=>inps:0
[37144:ctp-raw-decoder]: e cls=>inps:0
[37144:ctp-raw-decoder]: e cls=>inps:0
[37144:ctp-raw-decoder]: e cls=>inps:0
[37144:ctp-raw-decoder]: e cls=>inps:0
[37144:ctp-raw-decoder]: e cls=>inps:0
[37144:ctp-raw-decoder]: e cls=>inps:0
[37144:ctp-raw-decoder]: e cls=>inps:0
[37144:ctp-raw-decoder]: e cls=>inps:0
[37144:ctp-raw-decoder]: e cls=>inps:0
[37144:ctp-raw-decoder]: e cls=>inps:0
[37144:ctp-raw-decoder]: e cls=>inps:0
[37144:ctp-raw-decoder]: e cls=>inps:0
[37144:ctp-raw-decoder]: e cls=>inps:0
[37144:ctp-raw-decoder]: e cls=>inps:0
[37144:ctp-raw-decoder]: e cls=>inps:0
[37144:ctp-raw-decoder]: e cls=>inps:0
[37144:ctp-raw-decoder]: e cls=>inps:0
[37144:ctp-raw-decoder]: e cls=>inps:0
[37144:ctp-raw-decoder]: e cls=>inps:0
[37144:ctp-raw-decoder]: e cls=>inps:0
[37144:ctp-raw-decoder]: e cls=>inps:0
[37144:ctp-raw-decoder]: e cls=>inps:0
[37144:ctp-raw-decoder]: e cls=>inps:0
[37144:ctp-raw-decoder]: e cls=>inps:0
[37144:ctp-raw-decoder]: e cls=>inps:0
[37144:ctp-raw-decoder]: e cls=>inps:0
[37144:ctp-raw-decoder]: e cls=>inps:0
[37144:ctp-raw-decoder]: e cls=>inps:0
[37144:ctp-raw-decoder]: e cls=>inps:0
[37144:ctp-raw-decoder]: e cls=>inps:0
[37144:ctp-raw-decoder]: e cls=>inps:0
[37144:ctp-raw-decoder]: e cls=>inps:0
[37144:ctp-raw-decoder]: e cls=>inps:0
[37144:ctp-raw-decoder]: e cls=>inps:0
[37144:ctp-raw-decoder]: e cls=>inps:0
[37144:ctp-raw-decoder]: e cls=>inps:0
[37144:ctp-raw-decoder]: e cls=>inps:0
[37144:ctp-raw-decoder]: e cls=>inps:0
[37144:ctp-raw-decoder]: e cls=>inps:0
[37144:ctp-raw-decoder]: e cls=>inps:0
[37144:ctp-raw-decoder]: e cls=>inps:0
[37144:ctp-raw-decoder]: e cls=>inps:0
[37144:ctp-raw-decoder]: e cls=>inps:0
[37144:ctp-raw-decoder]: e cls=>inps:0
[37144:ctp-raw-decoder]: e cls=>inps:0
[37144:ctp-raw-decoder]: e cls=>inps:0
[37144:ctp-raw-decoder]: e cls=>inps:0
[37144:ctp-raw-decoder]: a cls=>inps:0
[37144:ctp-raw-decoder]: e cls=>inps:0
[37144:ctp-raw-decoder]: 0 cls=>inps:0
[37144:ctp-raw-decoder]: 1 cls=>inps:0
[37144:ctp-raw-decoder]: 2 cls=>inps:0
[37144:ctp-raw-decoder]: 6 cls=>inps:0
[37144:ctp-raw-decoder]: e cls=>inps:0
[37144:ctp-raw-decoder]: e cls=>inps:0
[37144:ctp-raw-decoder]: e cls=>inps:0
[37144:ctp-raw-decoder]: e cls=>inps:0
[37144:ctp-raw-decoder]: e cls=>inps:0
[37144:ctp-raw-decoder]: e cls=>inps:0
[37144:ctp-raw-decoder]: e cls=>inps:0
[37144:ctp-raw-decoder]: e cls=>inps:0
[37144:ctp-raw-decoder]: e cls=>inps:0
[37144:ctp-raw-decoder]: e cls=>inps:0
[37144:ctp-raw-decoder]: e cls=>inps:0
[37144:ctp-raw-decoder]: e cls=>inps:0
[37144:ctp-raw-decoder]: e cls=>inps:0
[37144:ctp-raw-decoder]: e cls=>inps:0
[37144:ctp-raw-decoder]: e cls=>inps:0
[37144:ctp-raw-decoder]: e cls=>inps:0
[37144:ctp-raw-decoder]: e cls=>inps:0
[37144:ctp-raw-decoder]: e cls=>inps:0
[37144:ctp-raw-decoder]: e cls=>inps:0
[37144:ctp-raw-decoder]: e cls=>inps:0
[37144:ctp-raw-decoder]: e cls=>inps:0
[37144:ctp-raw-decoder]: e cls=>inps:0
[37144:ctp-raw-decoder]: e cls=>inps:0
[37144:ctp-raw-decoder]: e cls=>inps:0
[37144:ctp-raw-decoder]: e cls=>inps:0
[37144:ctp-raw-decoder]: e cls=>inps:0
[37144:ctp-raw-decoder]: a cls=>inps:0
[37144:ctp-raw-decoder]: e cls=>inps:0
[37144:ctp-raw-decoder]: e cls=>inps:0
[37144:ctp-raw-decoder]: e cls=>inps:0
[37144:ctp-raw-decoder]: e cls=>inps:0
[37144:ctp-raw-decoder]: e cls=>inps:0
[37144:ctp-raw-decoder]: e cls=>inps:0
[37144:ctp-raw-decoder]: e cls=>inps:0
[37144:ctp-raw-decoder]: e cls=>inps:0
[37144:ctp-raw-decoder]: e cls=>inps:0
[37144:ctp-raw-decoder]: e cls=>inps:0
[37144:ctp-raw-decoder]: a cls=>inps:0
[37144:ctp-raw-decoder]: e cls=>inps:0
[37144:ctp-raw-decoder]: e cls=>inps:0
[37144:ctp-raw-decoder]: e cls=>inps:0
[37144:ctp-raw-decoder]: e cls=>inps:0
[37144:ctp-raw-decoder]: e cls=>inps:0
[37144:ctp-raw-decoder]: e cls=>inps:0
[37144:ctp-raw-decoder]: e cls=>inps:0
[37144:ctp-raw-decoder]: e cls=>inps:0
[37144:ctp-raw-decoder]: e cls=>inps:0
[37144:ctp-raw-decoder]: e cls=>inps:0
[37144:ctp-raw-decoder]: e cls=>inps:0
[37144:ctp-raw-decoder]: e cls=>inps:0
[37144:ctp-raw-decoder]: e cls=>inps:0
[37144:ctp-raw-decoder]: e cls=>inps:0
[37144:ctp-raw-decoder]: e cls=>inps:0
[37144:ctp-raw-decoder]: e cls=>inps:0
[37144:ctp-raw-decoder]: e cls=>inps:0
[37144:ctp-raw-decoder]: e cls=>inps:0
[37144:ctp-raw-decoder]: e cls=>inps:0
[37144:ctp-raw-decoder]: e cls=>inps:0
[37144:ctp-raw-decoder]: e cls=>inps:0
[37144:ctp-raw-decoder]: e cls=>inps:0
[37144:ctp-raw-decoder]: e cls=>inps:0
[37144:ctp-raw-decoder]: e cls=>inps:0
[37144:ctp-raw-decoder]: e cls=>inps:0
[37144:ctp-raw-decoder]: e cls=>inps:0
[37144:ctp-raw-decoder]: e cls=>inps:0
[37144:ctp-raw-decoder]: e cls=>inps:0
[37144:ctp-raw-decoder]: e cls=>inps:0
[37144:ctp-raw-decoder]: e cls=>inps:0
[37144:ctp-raw-decoder]: e cls=>inps:0
[37144:ctp-raw-decoder]: e cls=>inps:0
[37144:ctp-raw-decoder]: e cls=>inps:0
[37144:ctp-raw-decoder]: e cls=>inps:0
[37144:ctp-raw-decoder]: e cls=>inps:0
[37144:ctp-raw-decoder]: e cls=>inps:0
[37144:ctp-raw-decoder]: e cls=>inps:0
[37144:ctp-raw-decoder]: e cls=>inps:0
[37144:ctp-raw-decoder]: e cls=>inps:0
[37144:ctp-raw-decoder]: e cls=>inps:0
[37144:ctp-raw-decoder]: e cls=>inps:0
[37144:ctp-raw-decoder]: e cls=>inps:0
[37144:ctp-raw-decoder]: e cls=>inps:0
[37144:ctp-raw-decoder]: e cls=>inps:0
[37144:ctp-raw-decoder]: e cls=>inps:0
[37144:ctp-raw-decoder]: e cls=>inps:0
[37144:ctp-raw-decoder]: e cls=>inps:0
[37144:ctp-raw-decoder]: e cls=>inps:0
[37144:ctp-raw-decoder]: e cls=>inps:0
[37144:ctp-raw-decoder]: e cls=>inps:0
[37144:ctp-raw-decoder]: e cls=>inps:0
[37144:ctp-raw-decoder]: e cls=>inps:0
[37144:ctp-raw-decoder]: e cls=>inps:0
[37144:ctp-raw-decoder]: e cls=>inps:0
[37144:ctp-raw-decoder]: e cls=>inps:0
[37144:ctp-raw-decoder]: e cls=>inps:0
[37144:ctp-raw-decoder]: e cls=>inps:0
[37144:ctp-raw-decoder]: e cls=>inps:0
[37144:ctp-raw-decoder]: e cls=>inps:0
[37144:ctp-raw-decoder]: e cls=>inps:0
[37144:ctp-raw-decoder]: e cls=>inps:0
[37144:ctp-raw-decoder]: e cls=>inps:0
[37144:ctp-raw-decoder]: e cls=>inps:0
[37144:ctp-raw-decoder]: e cls=>inps:0
[37144:ctp-raw-decoder]: e cls=>inps:0
[37144:ctp-raw-decoder]: e cls=>inps:0
[37144:ctp-raw-decoder]: e cls=>inps:0
[37144:ctp-raw-decoder]: e cls=>inps:0
[37144:ctp-raw-decoder]: e cls=>inps:0
[37144:ctp-raw-decoder]: e cls=>inps:0
[37144:ctp-raw-decoder]: e cls=>inps:0
[37144:ctp-raw-decoder]: e cls=>inps:0
[37144:ctp-raw-decoder]: 0 cls=>inps:0
[37144:ctp-raw-decoder]: 1 cls=>inps:0
[37144:ctp-raw-decoder]: 2 cls=>inps:0
[37144:ctp-raw-decoder]: 6 cls=>inps:0
[37144:ctp-raw-decoder]: e cls=>inps:0
[37144:ctp-raw-decoder]: e cls=>inps:0
[37144:ctp-raw-decoder]: e cls=>inps:0
[37144:ctp-raw-decoder]: e cls=>inps:0
[37144:ctp-raw-decoder]: e cls=>inps:0
[37144:ctp-raw-decoder]: e cls=>inps:0
[37144:ctp-raw-decoder]: e cls=>inps:0
[37144:ctp-raw-decoder]: e cls=>inps:0
[37144:ctp-raw-decoder]: e cls=>inps:0
[37144:ctp-raw-decoder]: e cls=>inps:0
[37144:ctp-raw-decoder]: a cls=>inps:0
[37144:ctp-raw-decoder]: e cls=>inps:0
[37144:ctp-raw-decoder]: e cls=>inps:0
[37144:ctp-raw-decoder]: e cls=>inps:0
[37144:ctp-raw-decoder]: e cls=>inps:0
[37144:ctp-raw-decoder]: e cls=>inps:0
[37144:ctp-raw-decoder]: e cls=>inps:0
[37144:ctp-raw-decoder]: e cls=>inps:0
[37144:ctp-raw-decoder]: e cls=>inps:0
[37144:ctp-raw-decoder]: e cls=>inps:0
[37144:ctp-raw-decoder]: e cls=>inps:0
[37144:ctp-raw-decoder]: e cls=>inps:0
[37144:ctp-raw-decoder]: e cls=>inps:0
[37144:ctp-raw-decoder]: e cls=>inps:0
[37144:ctp-raw-decoder]: e cls=>inps:0
[37144:ctp-raw-decoder]: e cls=>inps:0
[37144:ctp-raw-decoder]: e cls=>inps:0
[37144:ctp-raw-decoder]: e cls=>inps:0
[37144:ctp-raw-decoder]: e cls=>inps:0
[37144:ctp-raw-decoder]: e cls=>inps:0
[37144:ctp-raw-decoder]: e cls=>inps:0
[37144:ctp-raw-decoder]: e cls=>inps:0
[37144:ctp-raw-decoder]: e cls=>inps:0
[37144:ctp-raw-decoder]: e cls=>inps:0
[37144:ctp-raw-decoder]: e cls=>inps:0
[37144:ctp-raw-decoder]: e cls=>inps:0
[37144:ctp-raw-decoder]: e cls=>inps:0
[37144:ctp-raw-decoder]: e cls=>inps:0
[37144:ctp-raw-decoder]: e cls=>inps:0
[37144:ctp-raw-decoder]: e cls=>inps:0
[37144:ctp-raw-decoder]: e cls=>inps:0
[37144:ctp-raw-decoder]: e cls=>inps:0
[37144:ctp-raw-decoder]: e cls=>inps:0
[37144:ctp-raw-decoder]: e cls=>inps:0
[37144:ctp-raw-decoder]: e cls=>inps:0
[37144:ctp-raw-decoder]: e cls=>inps:0
[37144:ctp-raw-decoder]: e cls=>inps:0
[37144:ctp-raw-decoder]: e cls=>inps:0
[37144:ctp-raw-decoder]: e cls=>inps:0
[37144:ctp-raw-decoder]: e cls=>inps:0
[37144:ctp-raw-decoder]: e cls=>inps:0
[37144:ctp-raw-decoder]: e cls=>inps:0
[37144:ctp-raw-decoder]: a cls=>inps:0
[37144:ctp-raw-decoder]: e cls=>inps:0
[37144:ctp-raw-decoder]: e cls=>inps:0
[37144:ctp-raw-decoder]: e cls=>inps:0
[37144:ctp-raw-decoder]: e cls=>inps:0
[37144:ctp-raw-decoder]: e cls=>inps:0
[37144:ctp-raw-decoder]: e cls=>inps:0
[37144:ctp-raw-decoder]: e cls=>inps:0
[37144:ctp-raw-decoder]: e cls=>inps:0
[37144:ctp-raw-decoder]: e cls=>inps:0
[37144:ctp-raw-decoder]: e cls=>inps:0
[37144:ctp-raw-decoder]: e cls=>inps:0
[37144:ctp-raw-decoder]: e cls=>inps:0
[37144:ctp-raw-decoder]: e cls=>inps:0
[37144:ctp-raw-decoder]: 0 cls=>inps:0
[37144:ctp-raw-decoder]: 1 cls=>inps:0
[37144:ctp-raw-decoder]: 2 cls=>inps:0
[37144:ctp-raw-decoder]: 6 cls=>inps:0
[37144:ctp-raw-decoder]: e cls=>inps:0
[37144:ctp-raw-decoder]: e cls=>inps:0
[37144:ctp-raw-decoder]: e cls=>inps:0
[37144:ctp-raw-decoder]: e cls=>inps:0
[37144:ctp-raw-decoder]: e cls=>inps:0
[37144:ctp-raw-decoder]: e cls=>inps:0
[37144:ctp-raw-decoder]: e cls=>inps:0
[37144:ctp-raw-decoder]: e cls=>inps:0
[37144:ctp-raw-decoder]: e cls=>inps:0
[37144:ctp-raw-decoder]: e cls=>inps:0
[37144:ctp-raw-decoder]: e cls=>inps:0
[37144:ctp-raw-decoder]: e cls=>inps:0
[37144:ctp-raw-decoder]: e cls=>inps:0
[37144:ctp-raw-decoder]: e cls=>inps:0
[37144:ctp-raw-decoder]: e cls=>inps:0
[37144:ctp-raw-decoder]: e cls=>inps:0
[37144:ctp-raw-decoder]: e cls=>inps:0
[37144:ctp-raw-decoder]: e cls=>inps:0
[37144:ctp-raw-decoder]: e cls=>inps:0
[37144:ctp-raw-decoder]: e cls=>inps:0
[37144:ctp-raw-decoder]: e cls=>inps:0
[37144:ctp-raw-decoder]: e cls=>inps:0
[37144:ctp-raw-decoder]: e cls=>inps:0
[37144:ctp-raw-decoder]: e cls=>inps:0
[37144:ctp-raw-decoder]: e cls=>inps:0
[37144:ctp-raw-decoder]: e cls=>inps:0
[37144:ctp-raw-decoder]: e cls=>inps:0
[37144:ctp-raw-decoder]: e cls=>inps:0
[37144:ctp-raw-decoder]: e cls=>inps:0
[37144:ctp-raw-decoder]: e cls=>inps:0
[37144:ctp-raw-decoder]: e cls=>inps:0
[37144:ctp-raw-decoder]: e cls=>inps:0
[37144:ctp-raw-decoder]: e cls=>inps:0
[37144:ctp-raw-decoder]: e cls=>inps:0
[37144:ctp-raw-decoder]: e cls=>inps:0
[37144:ctp-raw-decoder]: e cls=>inps:0
[37144:ctp-raw-decoder]: e cls=>inps:0
[37144:ctp-raw-decoder]: e cls=>inps:0
[37144:ctp-raw-decoder]: e cls=>inps:0
[37144:ctp-raw-decoder]: e cls=>inps:0
[37144:ctp-raw-decoder]: e cls=>inps:0
[37144:ctp-raw-decoder]: e cls=>inps:0
[37144:ctp-raw-decoder]: e cls=>inps:0
[37144:ctp-raw-decoder]: e cls=>inps:0
[37144:ctp-raw-decoder]: 0 cls=>inps:0
[37144:ctp-raw-decoder]: 1 cls=>inps:0
[37144:ctp-raw-decoder]: 2 cls=>inps:0
[37144:ctp-raw-decoder]: 6 cls=>inps:0
[37144:ctp-raw-decoder]: e cls=>inps:0
[37144:ctp-raw-decoder]: e cls=>inps:0
[37144:ctp-raw-decoder]: e cls=>inps:0
[37144:ctp-raw-decoder]: e cls=>inps:0
[37144:ctp-raw-decoder]: e cls=>inps:0
[37144:ctp-raw-decoder]: e cls=>inps:0
[37144:ctp-raw-decoder]: e cls=>inps:0
[37144:ctp-raw-decoder]: e cls=>inps:0
[37144:ctp-raw-decoder]: e cls=>inps:0
[37144:ctp-raw-decoder]: e cls=>inps:0
[37144:ctp-raw-decoder]: e cls=>inps:0
[37144:ctp-raw-decoder]: e cls=>inps:0
[37144:ctp-raw-decoder]: e cls=>inps:0
[37144:ctp-raw-decoder]: e cls=>inps:0
[37144:ctp-raw-decoder]: e cls=>inps:0
[37144:ctp-raw-decoder]: e cls=>inps:0
[37144:ctp-raw-decoder]: e cls=>inps:0
[37144:ctp-raw-decoder]: e cls=>inps:0
[37144:ctp-raw-decoder]: e cls=>inps:0
[37144:ctp-raw-decoder]: e cls=>inps:0
[37144:ctp-raw-decoder]: e cls=>inps:0
[37144:ctp-raw-decoder]: e cls=>inps:0
[37144:ctp-raw-decoder]: e cls=>inps:0
[37144:ctp-raw-decoder]: e cls=>inps:0
[37144:ctp-raw-decoder]: e cls=>inps:0
[37144:ctp-raw-decoder]: e cls=>inps:0
[37144:ctp-raw-decoder]: e cls=>inps:0
[37144:ctp-raw-decoder]: e cls=>inps:0
[37144:ctp-raw-decoder]: e cls=>inps:0
[37144:ctp-raw-decoder]: e cls=>inps:0
[37144:ctp-raw-decoder]: e cls=>inps:0
[37144:ctp-raw-decoder]: e cls=>inps:0
[37144:ctp-raw-decoder]: e cls=>inps:0
[37144:ctp-raw-decoder]: e cls=>inps:0
[37144:ctp-raw-decoder]: e cls=>inps:0
[37144:ctp-raw-decoder]: e cls=>inps:0
[37144:ctp-raw-decoder]: e cls=>inps:0
[37144:ctp-raw-decoder]: e cls=>inps:0
[37144:ctp-raw-decoder]: e cls=>inps:0
[37144:ctp-raw-decoder]: e cls=>inps:0
[37144:ctp-raw-decoder]: e cls=>inps:0
[37144:ctp-raw-decoder]: e cls=>inps:0
[37144:ctp-raw-decoder]: e cls=>inps:0
[37144:ctp-raw-decoder]: e cls=>inps:0
[37144:ctp-raw-decoder]: e cls=>inps:0
[37144:ctp-raw-decoder]: e cls=>inps:0
[37144:ctp-raw-decoder]: e cls=>inps:0
[37144:ctp-raw-decoder]: e cls=>inps:0
[37144:ctp-raw-decoder]: e cls=>inps:0
[37144:ctp-raw-decoder]: e cls=>inps:0
[37144:ctp-raw-decoder]: e cls=>inps:0
[37144:ctp-raw-decoder]: e cls=>inps:0
[37144:ctp-raw-decoder]: e cls=>inps:0
[37144:ctp-raw-decoder]: e cls=>inps:0
[37144:ctp-raw-decoder]: e cls=>inps:0
[37144:ctp-raw-decoder]: e cls=>inps:0
[37144:ctp-raw-decoder]: e cls=>inps:0
[37144:ctp-raw-decoder]: e cls=>inps:0
[37144:ctp-raw-decoder]: e cls=>inps:0
[37144:ctp-raw-decoder]: e cls=>inps:0
[37144:ctp-raw-decoder]: e cls=>inps:0
[37144:ctp-raw-decoder]: e cls=>inps:0
[37144:ctp-raw-decoder]: e cls=>inps:0
[37144:ctp-raw-decoder]: e cls=>inps:0
[37144:ctp-raw-decoder]: e cls=>inps:0
[37144:ctp-raw-decoder]: e cls=>inps:0
[37144:ctp-raw-decoder]: e cls=>inps:0
[37144:ctp-raw-decoder]: e cls=>inps:0
[37144:ctp-raw-decoder]: e cls=>inps:0
[37144:ctp-raw-decoder]: e cls=>inps:0
[37144:ctp-raw-decoder]: e cls=>inps:0
[37144:ctp-raw-decoder]: e cls=>inps:0
[37144:ctp-raw-decoder]: e cls=>inps:0
[37144:ctp-raw-decoder]: e cls=>inps:0
[37144:ctp-raw-decoder]: e cls=>inps:0
[37144:ctp-raw-decoder]: e cls=>inps:0
[37144:ctp-raw-decoder]: e cls=>inps:0
[37144:ctp-raw-decoder]: e cls=>inps:0
[37144:ctp-raw-decoder]: e cls=>inps:0
[37144:ctp-raw-decoder]: e cls=>inps:0
[37144:ctp-raw-decoder]: e cls=>inps:0
[37144:ctp-raw-decoder]: e cls=>inps:0
[37144:ctp-raw-decoder]: e cls=>inps:0
[37144:ctp-raw-decoder]: e cls=>inps:0
[37144:ctp-raw-decoder]: e cls=>inps:0
[37144:ctp-raw-decoder]: 0 cls=>inps:0
[37144:ctp-raw-decoder]: 1 cls=>inps:0
[37144:ctp-raw-decoder]: 2 cls=>inps:0
[37144:ctp-raw-decoder]: 6 cls=>inps:0
[37144:ctp-raw-decoder]: e cls=>inps:0
[37144:ctp-raw-decoder]: e cls=>inps:0
[37144:ctp-raw-decoder]: e cls=>inps:0
[37144:ctp-raw-decoder]: e cls=>inps:0
[37144:ctp-raw-decoder]: e cls=>inps:0
[37144:ctp-raw-decoder]: e cls=>inps:0
[37144:ctp-raw-decoder]: e cls=>inps:0
[37144:ctp-raw-decoder]: 0 cls=>inps:0
[37144:ctp-raw-decoder]: 1 cls=>inps:0
[37144:ctp-raw-decoder]: 2 cls=>inps:0
[37144:ctp-raw-decoder]: 6 cls=>inps:0
[37144:ctp-raw-decoder]: e cls=>inps:0
[37144:ctp-raw-decoder]: e cls=>inps:0
[37144:ctp-raw-decoder]: e cls=>inps:0
[37144:ctp-raw-decoder]: a cls=>inps:0
[37144:ctp-raw-decoder]: e cls=>inps:0
[37144:ctp-raw-decoder]: e cls=>inps:0
[37144:ctp-raw-decoder]: e cls=>inps:0
[37144:ctp-raw-decoder]: e cls=>inps:0
[37144:ctp-raw-decoder]: e cls=>inps:0
[37144:ctp-raw-decoder]: e cls=>inps:0
[37144:ctp-raw-decoder]: e cls=>inps:0
[37144:ctp-raw-decoder]: e cls=>inps:0
[37144:ctp-raw-decoder]: e cls=>inps:0
[37144:ctp-raw-decoder]: e cls=>inps:0
[37144:ctp-raw-decoder]: a cls=>inps:0
[37144:ctp-raw-decoder]: e cls=>inps:0
[37144:ctp-raw-decoder]: e cls=>inps:0
[37144:ctp-raw-decoder]: e cls=>inps:0
[37144:ctp-raw-decoder]: e cls=>inps:0
[37144:ctp-raw-decoder]: e cls=>inps:0
[37144:ctp-raw-decoder]: e cls=>inps:0
[37144:ctp-raw-decoder]: e cls=>inps:0
[37144:ctp-raw-decoder]: e cls=>inps:0
[37144:ctp-raw-decoder]: e cls=>inps:0
[37144:ctp-raw-decoder]: e cls=>inps:0
[37144:ctp-raw-decoder]: e cls=>inps:0
[37144:ctp-raw-decoder]: e cls=>inps:0
[37144:ctp-raw-decoder]: e cls=>inps:0
[37144:ctp-raw-decoder]: e cls=>inps:0
[37144:ctp-raw-decoder]: e cls=>inps:0
[37144:ctp-raw-decoder]: e cls=>inps:0
[37144:ctp-raw-decoder]: e cls=>inps:0
[37144:ctp-raw-decoder]: 0 cls=>inps:0
[37144:ctp-raw-decoder]: 1 cls=>inps:0
[37144:ctp-raw-decoder]: 2 cls=>inps:0
[37144:ctp-raw-decoder]: 6 cls=>inps:0
[37144:ctp-raw-decoder]: e cls=>inps:0
[37144:ctp-raw-decoder]: e cls=>inps:0
[37144:ctp-raw-decoder]: e cls=>inps:0
[37144:ctp-raw-decoder]: e cls=>inps:0
[37144:ctp-raw-decoder]: e cls=>inps:0
[37144:ctp-raw-decoder]: e cls=>inps:0
[37144:ctp-raw-decoder]: e cls=>inps:0
[37144:ctp-raw-decoder]: e cls=>inps:0
[37144:ctp-raw-decoder]: e cls=>inps:0
[37144:ctp-raw-decoder]: e cls=>inps:0
[37144:ctp-raw-decoder]: e cls=>inps:0
[37144:ctp-raw-decoder]: e cls=>inps:0
[37144:ctp-raw-decoder]: a cls=>inps:0
[37144:ctp-raw-decoder]: e cls=>inps:0
[37144:ctp-raw-decoder]: e cls=>inps:0
[37144:ctp-raw-decoder]: e cls=>inps:0
[37144:ctp-raw-decoder]: e cls=>inps:0
[37144:ctp-raw-decoder]: e cls=>inps:0
[37144:ctp-raw-decoder]: e cls=>inps:0
[37144:ctp-raw-decoder]: e cls=>inps:0
[37144:ctp-raw-decoder]: e cls=>inps:0
[37144:ctp-raw-decoder]: e cls=>inps:0
[37144:ctp-raw-decoder]: e cls=>inps:0
[37144:ctp-raw-decoder]: e cls=>inps:0
[37144:ctp-raw-decoder]: e cls=>inps:0
[37144:ctp-raw-decoder]: e cls=>inps:0
[37144:ctp-raw-decoder]: e cls=>inps:0
[37144:ctp-raw-decoder]: e cls=>inps:0
[37144:ctp-raw-decoder]: e cls=>inps:0
[37144:ctp-raw-decoder]: e cls=>inps:0
[37144:ctp-raw-decoder]: e cls=>inps:0
[37144:ctp-raw-decoder]: 0 cls=>inps:0
[37144:ctp-raw-decoder]: 1 cls=>inps:0
[37144:ctp-raw-decoder]: 2 cls=>inps:0
[37144:ctp-raw-decoder]: 6 cls=>inps:0
[37144:ctp-raw-decoder]: e cls=>inps:0
[37144:ctp-raw-decoder]: e cls=>inps:0
[37144:ctp-raw-decoder]: e cls=>inps:0
[37144:ctp-raw-decoder]: e cls=>inps:0
[37144:ctp-raw-decoder]: e cls=>inps:0
[37144:ctp-raw-decoder]: e cls=>inps:0
[37144:ctp-raw-decoder]: e cls=>inps:0
[37144:ctp-raw-decoder]: a cls=>inps:0
[37144:ctp-raw-decoder]: e cls=>inps:0
[37144:ctp-raw-decoder]: e cls=>inps:0
[37144:ctp-raw-decoder]: e cls=>inps:0
[37144:ctp-raw-decoder]: e cls=>inps:0
[37144:ctp-raw-decoder]: e cls=>inps:0
[37144:ctp-raw-decoder]: e cls=>inps:0
[37144:ctp-raw-decoder]: e cls=>inps:0
[37144:ctp-raw-decoder]: e cls=>inps:0
[37144:ctp-raw-decoder]: e cls=>inps:0
[37144:ctp-raw-decoder]: e cls=>inps:0
[37144:ctp-raw-decoder]: e cls=>inps:0
[37144:ctp-raw-decoder]: e cls=>inps:0
[37144:ctp-raw-decoder]: e cls=>inps:0
[37144:ctp-raw-decoder]: e cls=>inps:0
[37144:ctp-raw-decoder]: e cls=>inps:0
[37144:ctp-raw-decoder]: e cls=>inps:0
[37144:ctp-raw-decoder]: e cls=>inps:0
[37144:ctp-raw-decoder]: e cls=>inps:0
[37144:ctp-raw-decoder]: e cls=>inps:0
[37144:ctp-raw-decoder]: e cls=>inps:0
[37144:ctp-raw-decoder]: e cls=>inps:0
[37144:ctp-raw-decoder]: e cls=>inps:0
[37144:ctp-raw-decoder]: e cls=>inps:0
[37144:ctp-raw-decoder]: e cls=>inps:0
[37144:ctp-raw-decoder]: e cls=>inps:0
[37144:ctp-raw-decoder]: e cls=>inps:0
[37144:ctp-raw-decoder]: e cls=>inps:0
[37144:ctp-raw-decoder]: e cls=>inps:0
[37144:ctp-raw-decoder]: e cls=>inps:0
[37144:ctp-raw-decoder]: e cls=>inps:0
[37144:ctp-raw-decoder]: e cls=>inps:0
[37144:ctp-raw-decoder]: e cls=>inps:0
[37144:ctp-raw-decoder]: e cls=>inps:0
[37144:ctp-raw-decoder]: e cls=>inps:0
[37144:ctp-raw-decoder]: e cls=>inps:0
[37144:ctp-raw-decoder]: e cls=>inps:0
[37144:ctp-raw-decoder]: e cls=>inps:0
[37144:ctp-raw-decoder]: e cls=>inps:0
[37144:ctp-raw-decoder]: e cls=>inps:0
[37144:ctp-raw-decoder]: e cls=>inps:0
[37144:ctp-raw-decoder]: e cls=>inps:0
[37144:ctp-raw-decoder]: e cls=>inps:0
[37144:ctp-raw-decoder]: e cls=>inps:0
[37144:ctp-raw-decoder]: e cls=>inps:0
[37144:ctp-raw-decoder]: e cls=>inps:0
[37144:ctp-raw-decoder]: e cls=>inps:0
[37144:ctp-raw-decoder]: e cls=>inps:0
[37144:ctp-raw-decoder]: e cls=>inps:0
[37144:ctp-raw-decoder]: e cls=>inps:0
[37144:ctp-raw-decoder]: e cls=>inps:0
[37144:ctp-raw-decoder]: e cls=>inps:0
[37144:ctp-raw-decoder]: e cls=>inps:0
[37144:ctp-raw-decoder]: e cls=>inps:0
[37144:ctp-raw-decoder]: e cls=>inps:0
[37144:ctp-raw-decoder]: e cls=>inps:0
[37144:ctp-raw-decoder]: e cls=>inps:0
[37144:ctp-raw-decoder]: 0 cls=>inps:0
[37144:ctp-raw-decoder]: 1 cls=>inps:0
[37144:ctp-raw-decoder]: 2 cls=>inps:0
[37144:ctp-raw-decoder]: 6 cls=>inps:0
[37144:ctp-raw-decoder]: e cls=>inps:0
[37144:ctp-raw-decoder]: e cls=>inps:0
[37144:ctp-raw-decoder]: e cls=>inps:0
[37144:ctp-raw-decoder]: e cls=>inps:0
[37144:ctp-raw-decoder]: e cls=>inps:0
[37144:ctp-raw-decoder]: e cls=>inps:0
[37144:ctp-raw-decoder]: e cls=>inps:0
[37144:ctp-raw-decoder]: e cls=>inps:0
[37144:ctp-raw-decoder]: e cls=>inps:0
[37144:ctp-raw-decoder]: a cls=>inps:0
[37144:ctp-raw-decoder]: e cls=>inps:0
[37144:ctp-raw-decoder]: e cls=>inps:0
[37144:ctp-raw-decoder]: e cls=>inps:0
[37144:ctp-raw-decoder]: e cls=>inps:0
[37144:ctp-raw-decoder]: e cls=>inps:0
[37144:ctp-raw-decoder]: e cls=>inps:0
[37144:ctp-raw-decoder]: e cls=>inps:0
[37144:ctp-raw-decoder]: e cls=>inps:0
[37144:ctp-raw-decoder]: e cls=>inps:0
[37144:ctp-raw-decoder]: e cls=>inps:0
[37144:ctp-raw-decoder]: e cls=>inps:0
[37144:ctp-raw-decoder]: e cls=>inps:0
[37144:ctp-raw-decoder]: e cls=>inps:0
[37144:ctp-raw-decoder]: e cls=>inps:0
[37144:ctp-raw-decoder]: e cls=>inps:0
[37144:ctp-raw-decoder]: e cls=>inps:0
[37144:ctp-raw-decoder]: e cls=>inps:0
[37144:ctp-raw-decoder]: 0 cls=>inps:0
[37144:ctp-raw-decoder]: 1 cls=>inps:0
[37144:ctp-raw-decoder]: 2 cls=>inps:0
[37144:ctp-raw-decoder]: 6 cls=>inps:0
[37144:ctp-raw-decoder]: e cls=>inps:0
[37144:ctp-raw-decoder]: e cls=>inps:0
[37144:ctp-raw-decoder]: e cls=>inps:0
[37144:ctp-raw-decoder]: e cls=>inps:0
[37144:ctp-raw-decoder]: e cls=>inps:0
[37144:ctp-raw-decoder]: e cls=>inps:0
[37144:ctp-raw-decoder]: e cls=>inps:0
[37144:ctp-raw-decoder]: e cls=>inps:0
[37144:ctp-raw-decoder]: e cls=>inps:0
[37144:ctp-raw-decoder]: e cls=>inps:0
[37144:ctp-raw-decoder]: e cls=>inps:0
[37144:ctp-raw-decoder]: e cls=>inps:0
[37144:ctp-raw-decoder]: e cls=>inps:0
[37144:ctp-raw-decoder]: e cls=>inps:0
[37144:ctp-raw-decoder]: e cls=>inps:0
[37144:ctp-raw-decoder]: e cls=>inps:0
[37144:ctp-raw-decoder]: e cls=>inps:0
[37144:ctp-raw-decoder]: e cls=>inps:0
[37144:ctp-raw-decoder]: e cls=>inps:0
[37144:ctp-raw-decoder]: e cls=>inps:0
[37144:ctp-raw-decoder]: e cls=>inps:0
[37144:ctp-raw-decoder]: e cls=>inps:0
[37144:ctp-raw-decoder]: e cls=>inps:0
[37144:ctp-raw-decoder]: e cls=>inps:0
[37144:ctp-raw-decoder]: e cls=>inps:0
[37144:ctp-raw-decoder]: e cls=>inps:0
[37144:ctp-raw-decoder]: e cls=>inps:0
[37144:ctp-raw-decoder]: 0 cls=>inps:0
[37144:ctp-raw-decoder]: 1 cls=>inps:0
[37144:ctp-raw-decoder]: 2 cls=>inps:0
[37144:ctp-raw-decoder]: 6 cls=>inps:0
[37144:ctp-raw-decoder]: e cls=>inps:0
[37144:ctp-raw-decoder]: e cls=>inps:0
[37144:ctp-raw-decoder]: e cls=>inps:0
[37144:ctp-raw-decoder]: e cls=>inps:0
[37144:ctp-raw-decoder]: e cls=>inps:0
[37144:ctp-raw-decoder]: 0 cls=>inps:0
[37144:ctp-raw-decoder]: 1 cls=>inps:0
[37144:ctp-raw-decoder]: 2 cls=>inps:0
[37144:ctp-raw-decoder]: 6 cls=>inps:0
[37144:ctp-raw-decoder]: e cls=>inps:0
[37144:ctp-raw-decoder]: e cls=>inps:0
[37144:ctp-raw-decoder]: e cls=>inps:0
[37144:ctp-raw-decoder]: e cls=>inps:0
[37144:ctp-raw-decoder]: e cls=>inps:0
[37144:ctp-raw-decoder]: e cls=>inps:0
[37144:ctp-raw-decoder]: e cls=>inps:0
[37144:ctp-raw-decoder]: e cls=>inps:0
[37144:ctp-raw-decoder]: e cls=>inps:0
[37144:ctp-raw-decoder]: e cls=>inps:0
[37144:ctp-raw-decoder]: e cls=>inps:0
[37144:ctp-raw-decoder]: e cls=>inps:0
[37144:ctp-raw-decoder]: e cls=>inps:0
[37144:ctp-raw-decoder]: e cls=>inps:0
[37144:ctp-raw-decoder]: e cls=>inps:0
[37144:ctp-raw-decoder]: e cls=>inps:0
[37144:ctp-raw-decoder]: e cls=>inps:0
[37144:ctp-raw-decoder]: e cls=>inps:0
[37144:ctp-raw-decoder]: e cls=>inps:0
[37144:ctp-raw-decoder]: e cls=>inps:0
[37144:ctp-raw-decoder]: e cls=>inps:0
[37144:ctp-raw-decoder]: e cls=>inps:0
[37144:ctp-raw-decoder]: e cls=>inps:0
[37144:ctp-raw-decoder]: e cls=>inps:0
[37144:ctp-raw-decoder]: e cls=>inps:0
[37144:ctp-raw-decoder]: e cls=>inps:0
[37144:ctp-raw-decoder]: e cls=>inps:0
[37144:ctp-raw-decoder]: e cls=>inps:0
[37144:ctp-raw-decoder]: e cls=>inps:0
[37144:ctp-raw-decoder]: e cls=>inps:0
[37144:ctp-raw-decoder]: e cls=>inps:0
[37144:ctp-raw-decoder]: e cls=>inps:0
[37144:ctp-raw-decoder]: e cls=>inps:0
[37144:ctp-raw-decoder]: e cls=>inps:0
[37144:ctp-raw-decoder]: e cls=>inps:0
[37144:ctp-raw-decoder]: e cls=>inps:0
[37144:ctp-raw-decoder]: e cls=>inps:0
[37144:ctp-raw-decoder]: e cls=>inps:0
[37144:ctp-raw-decoder]: e cls=>inps:0
[37144:ctp-raw-decoder]: e cls=>inps:0
[37144:ctp-raw-decoder]: e cls=>inps:0
[37144:ctp-raw-decoder]: e cls=>inps:0
[37144:ctp-raw-decoder]: e cls=>inps:0
[37144:ctp-raw-decoder]: e cls=>inps:0
[37144:ctp-raw-decoder]: e cls=>inps:0
[37144:ctp-raw-decoder]: e cls=>inps:0
[37144:ctp-raw-decoder]: e cls=>inps:0
[37144:ctp-raw-decoder]: e cls=>inps:0
[37144:ctp-raw-decoder]: e cls=>inps:0
[37144:ctp-raw-decoder]: e cls=>inps:0
[37144:ctp-raw-decoder]: e cls=>inps:0
[37144:ctp-raw-decoder]: e cls=>inps:0
[37144:ctp-raw-decoder]: e cls=>inps:0
[37144:ctp-raw-decoder]: e cls=>inps:0
[37144:ctp-raw-decoder]: e cls=>inps:0
[37144:ctp-raw-decoder]: e cls=>inps:0
[37144:ctp-raw-decoder]: e cls=>inps:0
[37144:ctp-raw-decoder]: e cls=>inps:0
[37144:ctp-raw-decoder]: e cls=>inps:0
[37144:ctp-raw-decoder]: e cls=>inps:0
[37144:ctp-raw-decoder]: e cls=>inps:0
[37144:ctp-raw-decoder]: e cls=>inps:0
[37144:ctp-raw-decoder]: e cls=>inps:0
[37144:ctp-raw-decoder]: e cls=>inps:0
[37144:ctp-raw-decoder]: e cls=>inps:0
[37144:ctp-raw-decoder]: e cls=>inps:0
[37144:ctp-raw-decoder]: e cls=>inps:0
[37144:ctp-raw-decoder]: e cls=>inps:0
[37144:ctp-raw-decoder]: e cls=>inps:0
[37144:ctp-raw-decoder]: e cls=>inps:0
[37144:ctp-raw-decoder]: e cls=>inps:0
[37144:ctp-raw-decoder]: e cls=>inps:0
[37144:ctp-raw-decoder]: e cls=>inps:0
[37144:ctp-raw-decoder]: [18:22:26][INFO] [CTPRawToDigitConverter - run] Writing 6769 digits. IR rejected:0 TCR rejected:2
[37144:ctp-raw-decoder]: tforbit==================>93b3cc0 93b3cc0
[37145:ctp-digit-writer]: [18:22:26][INFO] CTPDigitWriter pulled 6769 digits
[37144:ctp-raw-decoder]: tforbit==================>93b3cc0 93b3cc0
[37144:ctp-raw-decoder]: [18:22:26][INFO] LOST:BCid:    4 Orbit: 154877120 shift:296
[37144:ctp-raw-decoder]: [18:22:26][INFO] LOST:BCid:   13 Orbit: 154877120 shift:15
[37144:ctp-raw-decoder]: [18:22:26][INFO] LOST:BCid:   58 Orbit: 154877120 shift:296
[37144:ctp-raw-decoder]: [18:22:26][INFO] LOST:BCid:   76 Orbit: 154877120 shift:296
[37144:ctp-raw-decoder]: [18:22:26][INFO] LOST:BCid:   84 Orbit: 154877120 shift:296
[37144:ctp-raw-decoder]: [18:22:26][INFO] LOST:BCid:   90 Orbit: 154877120 shift:296
[37144:ctp-raw-decoder]: [18:22:26][INFO] LOST:BCid:  145 Orbit: 154877120 shift:296
[37144:ctp-raw-decoder]: [18:22:26][INFO] LOST:BCid:  290 Orbit: 154877120 shift:296
[37144:ctp-raw-decoder]: [18:22:26][INFO] Checking readout
[37144:ctp-raw-decoder]: e cls=>inps:0
[37144:ctp-raw-decoder]: e cls=>inps:0
[37144:ctp-raw-decoder]: e cls=>inps:0
[37144:ctp-raw-decoder]: e cls=>inps:0
[37144:ctp-raw-decoder]: e cls=>inps:0
[37144:ctp-raw-decoder]: e cls=>inps:0
[37144:ctp-raw-decoder]: e cls=>inps:0
[37144:ctp-raw-decoder]: e cls=>inps:0
[37144:ctp-raw-decoder]: e cls=>inps:0
[37144:ctp-raw-decoder]: e cls=>inps:0
[37144:ctp-raw-decoder]: e cls=>inps:0
[37144:ctp-raw-decoder]: e cls=>inps:0
[37144:ctp-raw-decoder]: e cls=>inps:0
[37144:ctp-raw-decoder]: e cls=>inps:0
[37144:ctp-raw-decoder]: e cls=>inps:0
[37144:ctp-raw-decoder]: e cls=>inps:0
[37144:ctp-raw-decoder]: e cls=>inps:0
[37144:ctp-raw-decoder]: e cls=>inps:0
[37144:ctp-raw-decoder]: e cls=>inps:0
[37144:ctp-raw-decoder]: e cls=>inps:0
[37144:ctp-raw-decoder]: e cls=>inps:0
[37144:ctp-raw-decoder]: e cls=>inps:0
[37144:ctp-raw-decoder]: e cls=>inps:0
[37144:ctp-raw-decoder]: e cls=>inps:0
[37144:ctp-raw-decoder]: e cls=>inps:0
[37144:ctp-raw-decoder]: e cls=>inps:0
[37144:ctp-raw-decoder]: e cls=>inps:0
[37144:ctp-raw-decoder]: e cls=>inps:0
[37144:ctp-raw-decoder]: a cls=>inps:0
[37144:ctp-raw-decoder]: e cls=>inps:0
[37144:ctp-raw-decoder]: e cls=>inps:0
[37144:ctp-raw-decoder]: e cls=>inps:0
[37144:ctp-raw-decoder]: e cls=>inps:0
[37144:ctp-raw-decoder]: e cls=>inps:0
[37144:ctp-raw-decoder]: e cls=>inps:0
[37144:ctp-raw-decoder]: e cls=>inps:0
[37144:ctp-raw-decoder]: e cls=>inps:0
[37144:ctp-raw-decoder]: e cls=>inps:0
[37144:ctp-raw-decoder]: e cls=>inps:0
[37144:ctp-raw-decoder]: e cls=>inps:0
[37144:ctp-raw-decoder]: e cls=>inps:0
[37144:ctp-raw-decoder]: e cls=>inps:0
[37144:ctp-raw-decoder]: e cls=>inps:0
[37144:ctp-raw-decoder]: e cls=>inps:0
[37144:ctp-raw-decoder]: e cls=>inps:0
[37144:ctp-raw-decoder]: e cls=>inps:0
[37144:ctp-raw-decoder]: e cls=>inps:0
[37144:ctp-raw-decoder]: e cls=>inps:0
[37144:ctp-raw-decoder]: e cls=>inps:0
[37144:ctp-raw-decoder]: e cls=>inps:0
[37144:ctp-raw-decoder]: e cls=>inps:0
[37144:ctp-raw-decoder]: e cls=>inps:0
[37144:ctp-raw-decoder]: e cls=>inps:0
[37144:ctp-raw-decoder]: e cls=>inps:0
[37144:ctp-raw-decoder]: e cls=>inps:0
[37144:ctp-raw-decoder]: e cls=>inps:0
[37144:ctp-raw-decoder]: e cls=>inps:0
[37144:ctp-raw-decoder]: e cls=>inps:0
[37144:ctp-raw-decoder]: e cls=>inps:0
[37144:ctp-raw-decoder]: e cls=>inps:0
[37144:ctp-raw-decoder]: e cls=>inps:0
[37144:ctp-raw-decoder]: e cls=>inps:0
[37144:ctp-raw-decoder]: e cls=>inps:0
[37144:ctp-raw-decoder]: e cls=>inps:0
[37144:ctp-raw-decoder]: e cls=>inps:0
[37144:ctp-raw-decoder]: e cls=>inps:0
[37144:ctp-raw-decoder]: e cls=>inps:0
[37144:ctp-raw-decoder]: e cls=>inps:0
[37144:ctp-raw-decoder]: e cls=>inps:0
[37144:ctp-raw-decoder]: e cls=>inps:0
[37144:ctp-raw-decoder]: e cls=>inps:0
[37144:ctp-raw-decoder]: e cls=>inps:0
[37144:ctp-raw-decoder]: e cls=>inps:0
[37144:ctp-raw-decoder]: e cls=>inps:0
[37144:ctp-raw-decoder]: e cls=>inps:0
[37144:ctp-raw-decoder]: e cls=>inps:0
[37144:ctp-raw-decoder]: e cls=>inps:0
[37144:ctp-raw-decoder]: e cls=>inps:0
[37144:ctp-raw-decoder]: e cls=>inps:0
[37144:ctp-raw-decoder]: e cls=>inps:0
[37144:ctp-raw-decoder]: e cls=>inps:0
[37144:ctp-raw-decoder]: e cls=>inps:0
[37144:ctp-raw-decoder]: e cls=>inps:0
[37144:ctp-raw-decoder]: e cls=>inps:0
[37144:ctp-raw-decoder]: e cls=>inps:0
[37144:ctp-raw-decoder]: e cls=>inps:0
[37144:ctp-raw-decoder]: e cls=>inps:0
[37144:ctp-raw-decoder]: e cls=>inps:0
[37144:ctp-raw-decoder]: e cls=>inps:0
[37144:ctp-raw-decoder]: e cls=>inps:0
[37144:ctp-raw-decoder]: e cls=>inps:0
[37144:ctp-raw-decoder]: e cls=>inps:0
[37144:ctp-raw-decoder]: e cls=>inps:0
[37144:ctp-raw-decoder]: e cls=>inps:0
[37144:ctp-raw-decoder]: e cls=>inps:0
[37144:ctp-raw-decoder]: e cls=>inps:0
[37144:ctp-raw-decoder]: e cls=>inps:0
[37144:ctp-raw-decoder]: e cls=>inps:0
[37144:ctp-raw-decoder]: e cls=>inps:0
[37144:ctp-raw-decoder]: e cls=>inps:0
[37144:ctp-raw-decoder]: e cls=>inps:0
[37144:ctp-raw-decoder]: e cls=>inps:0
[37144:ctp-raw-decoder]: e cls=>inps:0
[37144:ctp-raw-decoder]: e cls=>inps:0
[37144:ctp-raw-decoder]: e cls=>inps:0
[37144:ctp-raw-decoder]: e cls=>inps:0
[37144:ctp-raw-decoder]: e cls=>inps:0
[37144:ctp-raw-decoder]: e cls=>inps:0
[37144:ctp-raw-decoder]: e cls=>inps:0
[37144:ctp-raw-decoder]: a cls=>inps:0
[37144:ctp-raw-decoder]: e cls=>inps:0
[37144:ctp-raw-decoder]: e cls=>inps:0
[37144:ctp-raw-decoder]: a cls=>inps:0
[37144:ctp-raw-decoder]: e cls=>inps:0
[37144:ctp-raw-decoder]: e cls=>inps:0
[37144:ctp-raw-decoder]: e cls=>inps:0
[37144:ctp-raw-decoder]: e cls=>inps:0
[37144:ctp-raw-decoder]: e cls=>inps:0
[37144:ctp-raw-decoder]: 0 cls=>inps:0
[37144:ctp-raw-decoder]: 1 cls=>inps:0
[37144:ctp-raw-decoder]: 2 cls=>inps:0
[37144:ctp-raw-decoder]: 6 cls=>inps:0
[37144:ctp-raw-decoder]: e cls=>inps:0
[37144:ctp-raw-decoder]: e cls=>inps:0
[37144:ctp-raw-decoder]: e cls=>inps:0
[37144:ctp-raw-decoder]: e cls=>inps:0
[37144:ctp-raw-decoder]: e cls=>inps:0
[37144:ctp-raw-decoder]: e cls=>inps:0
[37144:ctp-raw-decoder]: e cls=>inps:0
[37144:ctp-raw-decoder]: e cls=>inps:0
[37144:ctp-raw-decoder]: e cls=>inps:0
[37144:ctp-raw-decoder]: e cls=>inps:0
[37144:ctp-raw-decoder]: e cls=>inps:0
[37144:ctp-raw-decoder]: e cls=>inps:0
[37144:ctp-raw-decoder]: e cls=>inps:0
[37144:ctp-raw-decoder]: e cls=>inps:0
[37144:ctp-raw-decoder]: e cls=>inps:0
[37144:ctp-raw-decoder]: e cls=>inps:0
[37144:ctp-raw-decoder]: e cls=>inps:0
[37144:ctp-raw-decoder]: a cls=>inps:0
[37144:ctp-raw-decoder]: e cls=>inps:0
[37144:ctp-raw-decoder]: e cls=>inps:0
[37144:ctp-raw-decoder]: e cls=>inps:0
[37144:ctp-raw-decoder]: e cls=>inps:0
[37144:ctp-raw-decoder]: 0 cls=>inps:0
[37144:ctp-raw-decoder]: 1 cls=>inps:0
[37144:ctp-raw-decoder]: 2 cls=>inps:0
[37144:ctp-raw-decoder]: 6 cls=>inps:0
[37144:ctp-raw-decoder]: e cls=>inps:0
[37144:ctp-raw-decoder]: e cls=>inps:0
[37144:ctp-raw-decoder]: e cls=>inps:0
[37144:ctp-raw-decoder]: e cls=>inps:0
[37144:ctp-raw-decoder]: e cls=>inps:0
[37144:ctp-raw-decoder]: e cls=>inps:0
[37144:ctp-raw-decoder]: e cls=>inps:0
[37144:ctp-raw-decoder]: e cls=>inps:0
[37144:ctp-raw-decoder]: e cls=>inps:0
[37144:ctp-raw-decoder]: e cls=>inps:0
[37144:ctp-raw-decoder]: e cls=>inps:0
[37144:ctp-raw-decoder]: e cls=>inps:0
[37144:ctp-raw-decoder]: e cls=>inps:0
[37144:ctp-raw-decoder]: e cls=>inps:0
[37144:ctp-raw-decoder]: e cls=>inps:0
[37144:ctp-raw-decoder]: e cls=>inps:0
[37144:ctp-raw-decoder]: e cls=>inps:0
[37144:ctp-raw-decoder]: e cls=>inps:0
[37144:ctp-raw-decoder]: e cls=>inps:0
[37144:ctp-raw-decoder]: e cls=>inps:0
[37144:ctp-raw-decoder]: e cls=>inps:0
[37144:ctp-raw-decoder]: e cls=>inps:0
[37144:ctp-raw-decoder]: e cls=>inps:0
[37144:ctp-raw-decoder]: e cls=>inps:0
[37144:ctp-raw-decoder]: e cls=>inps:0
[37144:ctp-raw-decoder]: e cls=>inps:0
[37144:ctp-raw-decoder]: e cls=>inps:0
[37144:ctp-raw-decoder]: e cls=>inps:0
[37144:ctp-raw-decoder]: e cls=>inps:0
[37144:ctp-raw-decoder]: e cls=>inps:0
[37144:ctp-raw-decoder]: e cls=>inps:0
[37144:ctp-raw-decoder]: e cls=>inps:0
[37144:ctp-raw-decoder]: e cls=>inps:0
[37144:ctp-raw-decoder]: e cls=>inps:0
[37144:ctp-raw-decoder]: e cls=>inps:0
[37144:ctp-raw-decoder]: e cls=>inps:0
[37144:ctp-raw-decoder]: e cls=>inps:0
[37144:ctp-raw-decoder]: e cls=>inps:0
[37144:ctp-raw-decoder]: e cls=>inps:0
[37144:ctp-raw-decoder]: e cls=>inps:0
[37144:ctp-raw-decoder]: e cls=>inps:0
[37144:ctp-raw-decoder]: e cls=>inps:0
[37144:ctp-raw-decoder]: e cls=>inps:0
[37144:ctp-raw-decoder]: e cls=>inps:0
[37144:ctp-raw-decoder]: e cls=>inps:0
[37144:ctp-raw-decoder]: e cls=>inps:0
[37144:ctp-raw-decoder]: e cls=>inps:0
[37144:ctp-raw-decoder]: e cls=>inps:0
[37144:ctp-raw-decoder]: e cls=>inps:0
[37144:ctp-raw-decoder]: e cls=>inps:0
[37144:ctp-raw-decoder]: a cls=>inps:0
[37144:ctp-raw-decoder]: e cls=>inps:0
[37144:ctp-raw-decoder]: e cls=>inps:0
[37144:ctp-raw-decoder]: e cls=>inps:0
[37144:ctp-raw-decoder]: e cls=>inps:0
[37144:ctp-raw-decoder]: e cls=>inps:0
[37144:ctp-raw-decoder]: e cls=>inps:0
[37144:ctp-raw-decoder]: e cls=>inps:0
[37144:ctp-raw-decoder]: e cls=>inps:0
[37144:ctp-raw-decoder]: e cls=>inps:0
[37144:ctp-raw-decoder]: e cls=>inps:0
[37144:ctp-raw-decoder]: e cls=>inps:0
[37144:ctp-raw-decoder]: e cls=>inps:0
[37144:ctp-raw-decoder]: e cls=>inps:0
[37144:ctp-raw-decoder]: 0 cls=>inps:0
[37144:ctp-raw-decoder]: 1 cls=>inps:0
[37144:ctp-raw-decoder]: 2 cls=>inps:0
[37144:ctp-raw-decoder]: 6 cls=>inps:0
[37144:ctp-raw-decoder]: e cls=>inps:0
[37144:ctp-raw-decoder]: e cls=>inps:0
[37144:ctp-raw-decoder]: e cls=>inps:0
[37144:ctp-raw-decoder]: e cls=>inps:0
[37144:ctp-raw-decoder]: 0 cls=>inps:0
[37144:ctp-raw-decoder]: 1 cls=>inps:0
[37144:ctp-raw-decoder]: 2 cls=>inps:0
[37144:ctp-raw-decoder]: 6 cls=>inps:0
[37144:ctp-raw-decoder]: e cls=>inps:0
[37144:ctp-raw-decoder]: e cls=>inps:0
[37144:ctp-raw-decoder]: e cls=>inps:0
[37144:ctp-raw-decoder]: e cls=>inps:0
[37144:ctp-raw-decoder]: e cls=>inps:0
[37144:ctp-raw-decoder]: e cls=>inps:0
[37144:ctp-raw-decoder]: e cls=>inps:0
[37144:ctp-raw-decoder]: e cls=>inps:0
[37144:ctp-raw-decoder]: e cls=>inps:0
[37144:ctp-raw-decoder]: e cls=>inps:0
[37144:ctp-raw-decoder]: e cls=>inps:0
[37144:ctp-raw-decoder]: e cls=>inps:0
[37144:ctp-raw-decoder]: e cls=>inps:0
[37144:ctp-raw-decoder]: e cls=>inps:0
[37144:ctp-raw-decoder]: e cls=>inps:0
[37144:ctp-raw-decoder]: e cls=>inps:0
[37144:ctp-raw-decoder]: e cls=>inps:0
[37144:ctp-raw-decoder]: e cls=>inps:0
[37144:ctp-raw-decoder]: e cls=>inps:0
[37144:ctp-raw-decoder]: e cls=>inps:0
[37144:ctp-raw-decoder]: e cls=>inps:0
[37144:ctp-raw-decoder]: e cls=>inps:0
[37144:ctp-raw-decoder]: e cls=>inps:0
[37144:ctp-raw-decoder]: e cls=>inps:0
[37144:ctp-raw-decoder]: e cls=>inps:0
[37144:ctp-raw-decoder]: e cls=>inps:0
[37144:ctp-raw-decoder]: e cls=>inps:0
[37144:ctp-raw-decoder]: e cls=>inps:0
[37144:ctp-raw-decoder]: e cls=>inps:0
[37144:ctp-raw-decoder]: e cls=>inps:0
[37144:ctp-raw-decoder]: e cls=>inps:0
[37144:ctp-raw-decoder]: e cls=>inps:0
[37144:ctp-raw-decoder]: e cls=>inps:0
[37144:ctp-raw-decoder]: e cls=>inps:0
[37144:ctp-raw-decoder]: e cls=>inps:0
[37144:ctp-raw-decoder]: a cls=>inps:0
[37144:ctp-raw-decoder]: e cls=>inps:0
[37144:ctp-raw-decoder]: e cls=>inps:0
[37144:ctp-raw-decoder]: 0 cls=>inps:0
[37144:ctp-raw-decoder]: 1 cls=>inps:0
[37144:ctp-raw-decoder]: 2 cls=>inps:0
[37144:ctp-raw-decoder]: 6 cls=>inps:0
[37144:ctp-raw-decoder]: e cls=>inps:0
[37144:ctp-raw-decoder]: e cls=>inps:0
[37144:ctp-raw-decoder]: e cls=>inps:0
[37144:ctp-raw-decoder]: e cls=>inps:0
[37144:ctp-raw-decoder]: e cls=>inps:0
[37144:ctp-raw-decoder]: e cls=>inps:0
[37144:ctp-raw-decoder]: e cls=>inps:0
[37144:ctp-raw-decoder]: e cls=>inps:0
[37144:ctp-raw-decoder]: e cls=>inps:0
[37144:ctp-raw-decoder]: e cls=>inps:0
[37144:ctp-raw-decoder]: e cls=>inps:0
[37144:ctp-raw-decoder]: e cls=>inps:0
[37144:ctp-raw-decoder]: e cls=>inps:0
[37144:ctp-raw-decoder]: e cls=>inps:0
[37144:ctp-raw-decoder]: e cls=>inps:0
[37144:ctp-raw-decoder]: e cls=>inps:0
[37144:ctp-raw-decoder]: e cls=>inps:0
[37144:ctp-raw-decoder]: e cls=>inps:0
[37144:ctp-raw-decoder]: e cls=>inps:0
[37144:ctp-raw-decoder]: e cls=>inps:0
[37144:ctp-raw-decoder]: e cls=>inps:0
[37144:ctp-raw-decoder]: e cls=>inps:0
[37144:ctp-raw-decoder]: e cls=>inps:0
[37144:ctp-raw-decoder]: e cls=>inps:0
[37144:ctp-raw-decoder]: e cls=>inps:0
[37144:ctp-raw-decoder]: e cls=>inps:0
[37144:ctp-raw-decoder]: e cls=>inps:0
[37144:ctp-raw-decoder]: e cls=>inps:0
[37144:ctp-raw-decoder]: e cls=>inps:0
[37144:ctp-raw-decoder]: e cls=>inps:0
[37144:ctp-raw-decoder]: e cls=>inps:0
[37144:ctp-raw-decoder]: e cls=>inps:0
[37144:ctp-raw-decoder]: e cls=>inps:0
[37144:ctp-raw-decoder]: e cls=>inps:0
[37144:ctp-raw-decoder]: e cls=>inps:0
[37144:ctp-raw-decoder]: e cls=>inps:0
[37144:ctp-raw-decoder]: e cls=>inps:0
[37144:ctp-raw-decoder]: e cls=>inps:0
[37144:ctp-raw-decoder]: e cls=>inps:0
[37144:ctp-raw-decoder]: e cls=>inps:0
[37144:ctp-raw-decoder]: e cls=>inps:0
[37144:ctp-raw-decoder]: e cls=>inps:0
[37144:ctp-raw-decoder]: e cls=>inps:0
[37144:ctp-raw-decoder]: e cls=>inps:0
[37144:ctp-raw-decoder]: e cls=>inps:0
[37144:ctp-raw-decoder]: e cls=>inps:0
[37144:ctp-raw-decoder]: e cls=>inps:0
[37144:ctp-raw-decoder]: e cls=>inps:0
[37144:ctp-raw-decoder]: e cls=>inps:0
[37144:ctp-raw-decoder]: e cls=>inps:0
[37144:ctp-raw-decoder]: e cls=>inps:0
[37144:ctp-raw-decoder]: e cls=>inps:0
[37144:ctp-raw-decoder]: e cls=>inps:0
[37144:ctp-raw-decoder]: e cls=>inps:0
[37144:ctp-raw-decoder]: e cls=>inps:0
[37144:ctp-raw-decoder]: e cls=>inps:0
[37144:ctp-raw-decoder]: e cls=>inps:0
[37144:ctp-raw-decoder]: e cls=>inps:0
[37144:ctp-raw-decoder]: e cls=>inps:0
[37144:ctp-raw-decoder]: e cls=>inps:0
[37144:ctp-raw-decoder]: e cls=>inps:0
[37144:ctp-raw-decoder]: e cls=>inps:0
[37144:ctp-raw-decoder]: e cls=>inps:0
[37144:ctp-raw-decoder]: e cls=>inps:0
[37144:ctp-raw-decoder]: e cls=>inps:0
[37144:ctp-raw-decoder]: e cls=>inps:0
[37144:ctp-raw-decoder]: e cls=>inps:0
[37144:ctp-raw-decoder]: e cls=>inps:0
[37144:ctp-raw-decoder]: e cls=>inps:0
[37144:ctp-raw-decoder]: 0 cls=>inps:0
[37144:ctp-raw-decoder]: 1 cls=>inps:0
[37144:ctp-raw-decoder]: 2 cls=>inps:0
[37144:ctp-raw-decoder]: 6 cls=>inps:0
[37144:ctp-raw-decoder]: e cls=>inps:0
[37144:ctp-raw-decoder]: e cls=>inps:0
[37144:ctp-raw-decoder]: e cls=>inps:0
[37144:ctp-raw-decoder]: e cls=>inps:0
[37144:ctp-raw-decoder]: e cls=>inps:0
[37144:ctp-raw-decoder]: e cls=>inps:0
[37144:ctp-raw-decoder]: e cls=>inps:0
[37144:ctp-raw-decoder]: e cls=>inps:0
[37144:ctp-raw-decoder]: e cls=>inps:0
[37144:ctp-raw-decoder]: e cls=>inps:0
[37144:ctp-raw-decoder]: e cls=>inps:0
[37144:ctp-raw-decoder]: e cls=>inps:0
[37144:ctp-raw-decoder]: e cls=>inps:0
[37144:ctp-raw-decoder]: e cls=>inps:0
[37144:ctp-raw-decoder]: e cls=>inps:0
[37144:ctp-raw-decoder]: e cls=>inps:0
[37144:ctp-raw-decoder]: e cls=>inps:0
[37144:ctp-raw-decoder]: e cls=>inps:0
[37144:ctp-raw-decoder]: e cls=>inps:0
[37144:ctp-raw-decoder]: e cls=>inps:0
[37144:ctp-raw-decoder]: e cls=>inps:0
[37144:ctp-raw-decoder]: e cls=>inps:0
[37144:ctp-raw-decoder]: e cls=>inps:0
[37144:ctp-raw-decoder]: e cls=>inps:0
[37144:ctp-raw-decoder]: e cls=>inps:0
[37144:ctp-raw-decoder]: e cls=>inps:0
[37144:ctp-raw-decoder]: e cls=>inps:0
[37144:ctp-raw-decoder]: e cls=>inps:0
[37144:ctp-raw-decoder]: e cls=>inps:0
[37144:ctp-raw-decoder]: e cls=>inps:0
[37144:ctp-raw-decoder]: e cls=>inps:0
[37144:ctp-raw-decoder]: e cls=>inps:0
[37144:ctp-raw-decoder]: e cls=>inps:0
[37144:ctp-raw-decoder]: e cls=>inps:0
[37144:ctp-raw-decoder]: e cls=>inps:0
[37144:ctp-raw-decoder]: 0 cls=>inps:0
[37144:ctp-raw-decoder]: 1 cls=>inps:0
[37144:ctp-raw-decoder]: 2 cls=>inps:0
[37144:ctp-raw-decoder]: 6 cls=>inps:0
[37144:ctp-raw-decoder]: e cls=>inps:0
[37144:ctp-raw-decoder]: e cls=>inps:0
[37144:ctp-raw-decoder]: e cls=>inps:0
[37144:ctp-raw-decoder]: a cls=>inps:0
[37144:ctp-raw-decoder]: e cls=>inps:0
[37144:ctp-raw-decoder]: e cls=>inps:0
[37144:ctp-raw-decoder]: e cls=>inps:0
[37144:ctp-raw-decoder]: e cls=>inps:0
[37144:ctp-raw-decoder]: e cls=>inps:0
[37144:ctp-raw-decoder]: e cls=>inps:0
[37144:ctp-raw-decoder]: e cls=>inps:0
[37144:ctp-raw-decoder]: 0 cls=>inps:0
[37144:ctp-raw-decoder]: 1 cls=>inps:0
[37144:ctp-raw-decoder]: 2 cls=>inps:0
[37144:ctp-raw-decoder]: 6 cls=>inps:0
[37144:ctp-raw-decoder]: e cls=>inps:0
[37144:ctp-raw-decoder]: e cls=>inps:0
[37144:ctp-raw-decoder]: e cls=>inps:0
[37144:ctp-raw-decoder]: e cls=>inps:0
[37144:ctp-raw-decoder]: e cls=>inps:0
[37144:ctp-raw-decoder]: e cls=>inps:0
[37144:ctp-raw-decoder]: e cls=>inps:0
[37144:ctp-raw-decoder]: e cls=>inps:0
[37144:ctp-raw-decoder]: e cls=>inps:0
[37144:ctp-raw-decoder]: e cls=>inps:0
[37144:ctp-raw-decoder]: e cls=>inps:0
[37144:ctp-raw-decoder]: e cls=>inps:0
[37144:ctp-raw-decoder]: e cls=>inps:0
[37144:ctp-raw-decoder]: e cls=>inps:0
[37144:ctp-raw-decoder]: e cls=>inps:0
[37144:ctp-raw-decoder]: 0 cls=>inps:0
[37144:ctp-raw-decoder]: 1 cls=>inps:0
[37144:ctp-raw-decoder]: 2 cls=>inps:0
[37144:ctp-raw-decoder]: 6 cls=>inps:0
[37144:ctp-raw-decoder]: e cls=>inps:0
[37144:ctp-raw-decoder]: e cls=>inps:0
[37144:ctp-raw-decoder]: e cls=>inps:0
[37144:ctp-raw-decoder]: 0 cls=>inps:0
[37144:ctp-raw-decoder]: 1 cls=>inps:0
[37144:ctp-raw-decoder]: 2 cls=>inps:0
[37144:ctp-raw-decoder]: 6 cls=>inps:0
[37144:ctp-raw-decoder]: e cls=>inps:0
[37144:ctp-raw-decoder]: e cls=>inps:0
[37144:ctp-raw-decoder]: e cls=>inps:0
[37144:ctp-raw-decoder]: e cls=>inps:0
[37144:ctp-raw-decoder]: e cls=>inps:0
[37144:ctp-raw-decoder]: e cls=>inps:0
[37144:ctp-raw-decoder]: e cls=>inps:0
[37144:ctp-raw-decoder]: e cls=>inps:0
[37144:ctp-raw-decoder]: e cls=>inps:0
[37144:ctp-raw-decoder]: e cls=>inps:0
[37144:ctp-raw-decoder]: 0 cls=>inps:0
[37144:ctp-raw-decoder]: 1 cls=>inps:0
[37144:ctp-raw-decoder]: 2 cls=>inps:0
[37144:ctp-raw-decoder]: 6 cls=>inps:0
[37144:ctp-raw-decoder]: e cls=>inps:0
[37144:ctp-raw-decoder]: e cls=>inps:0
[37144:ctp-raw-decoder]: e cls=>inps:0
[37144:ctp-raw-decoder]: e cls=>inps:0
[37144:ctp-raw-decoder]: e cls=>inps:0
[37144:ctp-raw-decoder]: e cls=>inps:0
[37144:ctp-raw-decoder]: e cls=>inps:0
[37144:ctp-raw-decoder]: 0 cls=>inps:0
[37144:ctp-raw-decoder]: 1 cls=>inps:0
[37144:ctp-raw-decoder]: 2 cls=>inps:0
[37144:ctp-raw-decoder]: 6 cls=>inps:0
[37144:ctp-raw-decoder]: e cls=>inps:0
[37144:ctp-raw-decoder]: e cls=>inps:0
[37144:ctp-raw-decoder]: e cls=>inps:0
[37144:ctp-raw-decoder]: e cls=>inps:0
[37144:ctp-raw-decoder]: e cls=>inps:0
[37144:ctp-raw-decoder]: e cls=>inps:0
[37144:ctp-raw-decoder]: e cls=>inps:0
[37144:ctp-raw-decoder]: e cls=>inps:0
[37144:ctp-raw-decoder]: e cls=>inps:0
[37144:ctp-raw-decoder]: e cls=>inps:0
[37144:ctp-raw-decoder]: e cls=>inps:0
[37144:ctp-raw-decoder]: e cls=>inps:0
[37144:ctp-raw-decoder]: e cls=>inps:0
[37144:ctp-raw-decoder]: e cls=>inps:0
[37144:ctp-raw-decoder]: e cls=>inps:0
[37144:ctp-raw-decoder]: e cls=>inps:0
[37144:ctp-raw-decoder]: e cls=>inps:0
[37144:ctp-raw-decoder]: e cls=>inps:0
[37144:ctp-raw-decoder]: e cls=>inps:0
[37144:ctp-raw-decoder]: e cls=>inps:0
[37144:ctp-raw-decoder]: e cls=>inps:0
[37144:ctp-raw-decoder]: e cls=>inps:0
[37144:ctp-raw-decoder]: e cls=>inps:0
[37144:ctp-raw-decoder]: e cls=>inps:0
[37144:ctp-raw-decoder]: e cls=>inps:0
[37144:ctp-raw-decoder]: e cls=>inps:0
[37144:ctp-raw-decoder]: e cls=>inps:0
[37144:ctp-raw-decoder]: e cls=>inps:0
[37144:ctp-raw-decoder]: e cls=>inps:0
[37144:ctp-raw-decoder]: e cls=>inps:0
[37144:ctp-raw-decoder]: e cls=>inps:0
[37144:ctp-raw-decoder]: e cls=>inps:0
[37144:ctp-raw-decoder]: e cls=>inps:0
[37144:ctp-raw-decoder]: e cls=>inps:0
[37144:ctp-raw-decoder]: e cls=>inps:0
[37144:ctp-raw-decoder]: e cls=>inps:0
[37144:ctp-raw-decoder]: e cls=>inps:0
[37144:ctp-raw-decoder]: e cls=>inps:0
[37144:ctp-raw-decoder]: e cls=>inps:0
[37144:ctp-raw-decoder]: e cls=>inps:0
[37144:ctp-raw-decoder]: e cls=>inps:0
[37144:ctp-raw-decoder]: e cls=>inps:0
[37144:ctp-raw-decoder]: a cls=>inps:0
[37144:ctp-raw-decoder]: e cls=>inps:0
[37144:ctp-raw-decoder]: e cls=>inps:0
[37144:ctp-raw-decoder]: e cls=>inps:0
[37144:ctp-raw-decoder]: e cls=>inps:0
[37144:ctp-raw-decoder]: e cls=>inps:0
[37144:ctp-raw-decoder]: e cls=>inps:0
[37144:ctp-raw-decoder]: e cls=>inps:0
[37144:ctp-raw-decoder]: e cls=>inps:0
[37144:ctp-raw-decoder]: e cls=>inps:0
[37144:ctp-raw-decoder]: e cls=>inps:0
[37144:ctp-raw-decoder]: e cls=>inps:0
[37144:ctp-raw-decoder]: e cls=>inps:0
[37144:ctp-raw-decoder]: e cls=>inps:0
[37144:ctp-raw-decoder]: e cls=>inps:0
[37144:ctp-raw-decoder]: e cls=>inps:0
[37144:ctp-raw-decoder]: e cls=>inps:0
[37144:ctp-raw-decoder]: e cls=>inps:0
[37144:ctp-raw-decoder]: e cls=>inps:0
[37144:ctp-raw-decoder]: e cls=>inps:0
[37144:ctp-raw-decoder]: e cls=>inps:0
[37144:ctp-raw-decoder]: e cls=>inps:0
[37144:ctp-raw-decoder]: e cls=>inps:0
[37144:ctp-raw-decoder]: e cls=>inps:0
[37144:ctp-raw-decoder]: e cls=>inps:0
[37144:ctp-raw-decoder]: e cls=>inps:0
[37144:ctp-raw-decoder]: e cls=>inps:0
[37144:ctp-raw-decoder]: e cls=>inps:0
[37144:ctp-raw-decoder]: e cls=>inps:0
[37144:ctp-raw-decoder]: e cls=>inps:0
[37144:ctp-raw-decoder]: e cls=>inps:0
[37144:ctp-raw-decoder]: e cls=>inps:0
[37144:ctp-raw-decoder]: e cls=>inps:0
[37144:ctp-raw-decoder]: e cls=>inps:0
[37144:ctp-raw-decoder]: e cls=>inps:0
[37144:ctp-raw-decoder]: e cls=>inps:0
[37144:ctp-raw-decoder]: e cls=>inps:0
[37144:ctp-raw-decoder]: e cls=>inps:0
[37144:ctp-raw-decoder]: e cls=>inps:0
[37144:ctp-raw-decoder]: e cls=>inps:0
[37144:ctp-raw-decoder]: e cls=>inps:0
[37144:ctp-raw-decoder]: e cls=>inps:0
[37144:ctp-raw-decoder]: e cls=>inps:0
[37144:ctp-raw-decoder]: e cls=>inps:0
[37144:ctp-raw-decoder]: 0 cls=>inps:0
[37144:ctp-raw-decoder]: 1 cls=>inps:0
[37144:ctp-raw-decoder]: 2 cls=>inps:0
[37144:ctp-raw-decoder]: 6 cls=>inps:0
[37144:ctp-raw-decoder]: e cls=>inps:0
[37144:ctp-raw-decoder]: e cls=>inps:0
[37144:ctp-raw-decoder]: e cls=>inps:0
[37144:ctp-raw-decoder]: e cls=>inps:0
[37144:ctp-raw-decoder]: e cls=>inps:0
[37144:ctp-raw-decoder]: e cls=>inps:0
[37144:ctp-raw-decoder]: e cls=>inps:0
[37144:ctp-raw-decoder]: e cls=>inps:0
[37144:ctp-raw-decoder]: e cls=>inps:0
[37144:ctp-raw-decoder]: e cls=>inps:0
[37144:ctp-raw-decoder]: e cls=>inps:0
[37144:ctp-raw-decoder]: e cls=>inps:0
[37144:ctp-raw-decoder]: e cls=>inps:0
[37144:ctp-raw-decoder]: e cls=>inps:0
[37144:ctp-raw-decoder]: e cls=>inps:0
[37144:ctp-raw-decoder]: e cls=>inps:0
[37144:ctp-raw-decoder]: e cls=>inps:0
[37144:ctp-raw-decoder]: e cls=>inps:0
[37144:ctp-raw-decoder]: e cls=>inps:0
[37144:ctp-raw-decoder]: e cls=>inps:0
[37144:ctp-raw-decoder]: e cls=>inps:0
[37144:ctp-raw-decoder]: e cls=>inps:0
[37144:ctp-raw-decoder]: e cls=>inps:0
[37144:ctp-raw-decoder]: e cls=>inps:0
[37144:ctp-raw-decoder]: e cls=>inps:0
[37144:ctp-raw-decoder]: e cls=>inps:0
[37144:ctp-raw-decoder]: e cls=>inps:0
[37144:ctp-raw-decoder]: e cls=>inps:0
[37144:ctp-raw-decoder]: e cls=>inps:0
[37144:ctp-raw-decoder]: e cls=>inps:0
[37144:ctp-raw-decoder]: e cls=>inps:0
[37144:ctp-raw-decoder]: e cls=>inps:0
[37144:ctp-raw-decoder]: a cls=>inps:0
[37144:ctp-raw-decoder]: e cls=>inps:0
[37144:ctp-raw-decoder]: e cls=>inps:0
[37144:ctp-raw-decoder]: e cls=>inps:0
[37144:ctp-raw-decoder]: e cls=>inps:0
[37144:ctp-raw-decoder]: e cls=>inps:0
[37144:ctp-raw-decoder]: e cls=>inps:0
[37144:ctp-raw-decoder]: e cls=>inps:0
[37144:ctp-raw-decoder]: e cls=>inps:0
[37144:ctp-raw-decoder]: e cls=>inps:0
[37144:ctp-raw-decoder]: e cls=>inps:0
[37144:ctp-raw-decoder]: e cls=>inps:0
[37144:ctp-raw-decoder]: e cls=>inps:0
[37144:ctp-raw-decoder]: e cls=>inps:0
[37144:ctp-raw-decoder]: e cls=>inps:0
[37144:ctp-raw-decoder]: e cls=>inps:0
[37144:ctp-raw-decoder]: e cls=>inps:0
[37144:ctp-raw-decoder]: a cls=>inps:0
[37144:ctp-raw-decoder]: e cls=>inps:0
[37144:ctp-raw-decoder]: e cls=>inps:0
[37144:ctp-raw-decoder]: e cls=>inps:0
[37144:ctp-raw-decoder]: e cls=>inps:0
[37144:ctp-raw-decoder]: a cls=>inps:0
[37144:ctp-raw-decoder]: e cls=>inps:0
[37144:ctp-raw-decoder]: e cls=>inps:0
[37144:ctp-raw-decoder]: e cls=>inps:0
[37144:ctp-raw-decoder]: e cls=>inps:0
[37144:ctp-raw-decoder]: e cls=>inps:0
[37144:ctp-raw-decoder]: e cls=>inps:0
[37144:ctp-raw-decoder]: e cls=>inps:0
[37144:ctp-raw-decoder]: e cls=>inps:0
[37144:ctp-raw-decoder]: e cls=>inps:0
[37144:ctp-raw-decoder]: e cls=>inps:0
[37144:ctp-raw-decoder]: e cls=>inps:0
[37144:ctp-raw-decoder]: e cls=>inps:0
[37144:ctp-raw-decoder]: e cls=>inps:0
[37144:ctp-raw-decoder]: e cls=>inps:0
[37144:ctp-raw-decoder]: e cls=>inps:0
[37144:ctp-raw-decoder]: e cls=>inps:0
[37144:ctp-raw-decoder]: e cls=>inps:0
[37144:ctp-raw-decoder]: e cls=>inps:0
[37144:ctp-raw-decoder]: e cls=>inps:0
[37144:ctp-raw-decoder]: e cls=>inps:0
[37144:ctp-raw-decoder]: e cls=>inps:0
[37144:ctp-raw-decoder]: e cls=>inps:0
[37144:ctp-raw-decoder]: e cls=>inps:0
[37144:ctp-raw-decoder]: e cls=>inps:0
[37144:ctp-raw-decoder]: e cls=>inps:0
[37144:ctp-raw-decoder]: e cls=>inps:0
[37144:ctp-raw-decoder]: e cls=>inps:0
[37144:ctp-raw-decoder]: 0 cls=>inps:0
[37144:ctp-raw-decoder]: 1 cls=>inps:0
[37144:ctp-raw-decoder]: 2 cls=>inps:0
[37144:ctp-raw-decoder]: 6 cls=>inps:0
[37144:ctp-raw-decoder]: e cls=>inps:0
[37144:ctp-raw-decoder]: e cls=>inps:0
[37144:ctp-raw-decoder]: e cls=>inps:0
[37144:ctp-raw-decoder]: e cls=>inps:0
[37144:ctp-raw-decoder]: 0 cls=>inps:0
[37144:ctp-raw-decoder]: 1 cls=>inps:0
[37144:ctp-raw-decoder]: 2 cls=>inps:0
[37144:ctp-raw-decoder]: 6 cls=>inps:0
[37144:ctp-raw-decoder]: e cls=>inps:0
[37144:ctp-raw-decoder]: e cls=>inps:0
[37144:ctp-raw-decoder]: e cls=>inps:0
[37144:ctp-raw-decoder]: e cls=>inps:0
[37144:ctp-raw-decoder]: e cls=>inps:0
[37144:ctp-raw-decoder]: e cls=>inps:0
[37144:ctp-raw-decoder]: e cls=>inps:0
[37144:ctp-raw-decoder]: e cls=>inps:0
[37144:ctp-raw-decoder]: e cls=>inps:0
[37144:ctp-raw-decoder]: e cls=>inps:0
[37144:ctp-raw-decoder]: e cls=>inps:0
[37144:ctp-raw-decoder]: e cls=>inps:0
[37144:ctp-raw-decoder]: e cls=>inps:0
[37144:ctp-raw-decoder]: e cls=>inps:0
[37144:ctp-raw-decoder]: e cls=>inps:0
[37144:ctp-raw-decoder]: e cls=>inps:0
[37144:ctp-raw-decoder]: e cls=>inps:0
[37144:ctp-raw-decoder]: e cls=>inps:0
[37144:ctp-raw-decoder]: e cls=>inps:0
[37144:ctp-raw-decoder]: e cls=>inps:0
[37144:ctp-raw-decoder]: e cls=>inps:0
[37144:ctp-raw-decoder]: e cls=>inps:0
[37144:ctp-raw-decoder]: e cls=>inps:0
[37144:ctp-raw-decoder]: e cls=>inps:0
[37144:ctp-raw-decoder]: e cls=>inps:0
[37144:ctp-raw-decoder]: e cls=>inps:0
[37144:ctp-raw-decoder]: e cls=>inps:0
[37144:ctp-raw-decoder]: e cls=>inps:0
[37144:ctp-raw-decoder]: e cls=>inps:0
[37144:ctp-raw-decoder]: e cls=>inps:0
[37144:ctp-raw-decoder]: e cls=>inps:0
[37144:ctp-raw-decoder]: e cls=>inps:0
[37144:ctp-raw-decoder]: e cls=>inps:0
[37144:ctp-raw-decoder]: e cls=>inps:0
[37144:ctp-raw-decoder]: e cls=>inps:0
[37144:ctp-raw-decoder]: e cls=>inps:0
[37144:ctp-raw-decoder]: e cls=>inps:0
[37144:ctp-raw-decoder]: e cls=>inps:0
[37144:ctp-raw-decoder]: e cls=>inps:0
[37144:ctp-raw-decoder]: e cls=>inps:0
[37144:ctp-raw-decoder]: e cls=>inps:0
[37144:ctp-raw-decoder]: e cls=>inps:0
[37144:ctp-raw-decoder]: e cls=>inps:0
[37144:ctp-raw-decoder]: e cls=>inps:0
[37144:ctp-raw-decoder]: e cls=>inps:0
[37144:ctp-raw-decoder]: e cls=>inps:0
[37144:ctp-raw-decoder]: e cls=>inps:0
[37144:ctp-raw-decoder]: e cls=>inps:0
[37144:ctp-raw-decoder]: e cls=>inps:0
[37144:ctp-raw-decoder]: e cls=>inps:0
[37144:ctp-raw-decoder]: e cls=>inps:0
[37144:ctp-raw-decoder]: e cls=>inps:0
[37144:ctp-raw-decoder]: e cls=>inps:0
[37144:ctp-raw-decoder]: e cls=>inps:0
[37144:ctp-raw-decoder]: e cls=>inps:0
[37144:ctp-raw-decoder]: e cls=>inps:0
[37144:ctp-raw-decoder]: e cls=>inps:0
[37144:ctp-raw-decoder]: e cls=>inps:0
[37144:ctp-raw-decoder]: e cls=>inps:0
[37144:ctp-raw-decoder]: e cls=>inps:0
[37144:ctp-raw-decoder]: e cls=>inps:0
[37144:ctp-raw-decoder]: e cls=>inps:0
[37144:ctp-raw-decoder]: e cls=>inps:0
[37144:ctp-raw-decoder]: e cls=>inps:0
[37144:ctp-raw-decoder]: e cls=>inps:0
[37144:ctp-raw-decoder]: e cls=>inps:0
[37144:ctp-raw-decoder]: e cls=>inps:0
[37144:ctp-raw-decoder]: e cls=>inps:0
[37144:ctp-raw-decoder]: e cls=>inps:0
[37144:ctp-raw-decoder]: e cls=>inps:0
[37144:ctp-raw-decoder]: e cls=>inps:0
[37144:ctp-raw-decoder]: e cls=>inps:0
[37144:ctp-raw-decoder]: e cls=>inps:0
[37144:ctp-raw-decoder]: e cls=>inps:0
[37144:ctp-raw-decoder]: e cls=>inps:0
[37144:ctp-raw-decoder]: e cls=>inps:0
[37144:ctp-raw-decoder]: e cls=>inps:0
[37144:ctp-raw-decoder]: e cls=>inps:0
[37144:ctp-raw-decoder]: e cls=>inps:0
[37144:ctp-raw-decoder]: e cls=>inps:0
[37144:ctp-raw-decoder]: e cls=>inps:0
[37144:ctp-raw-decoder]: a cls=>inps:0
[37144:ctp-raw-decoder]: e cls=>inps:0
[37144:ctp-raw-decoder]: e cls=>inps:0
[37144:ctp-raw-decoder]: e cls=>inps:0
[37144:ctp-raw-decoder]: e cls=>inps:0
[37144:ctp-raw-decoder]: e cls=>inps:0
[37144:ctp-raw-decoder]: e cls=>inps:0
[37144:ctp-raw-decoder]: e cls=>inps:0
[37144:ctp-raw-decoder]: e cls=>inps:0
[37144:ctp-raw-decoder]: e cls=>inps:0
[37144:ctp-raw-decoder]: e cls=>inps:0
[37144:ctp-raw-decoder]: e cls=>inps:0
[37144:ctp-raw-decoder]: e cls=>inps:0
[37144:ctp-raw-decoder]: e cls=>inps:0
[37144:ctp-raw-decoder]: e cls=>inps:0
[37144:ctp-raw-decoder]: e cls=>inps:0
[37144:ctp-raw-decoder]: e cls=>inps:0
[37144:ctp-raw-decoder]: e cls=>inps:0
[37144:ctp-raw-decoder]: e cls=>inps:0
[37144:ctp-raw-decoder]: e cls=>inps:0
[37144:ctp-raw-decoder]: e cls=>inps:0
[37144:ctp-raw-decoder]: e cls=>inps:0
[37144:ctp-raw-decoder]: e cls=>inps:0
[37144:ctp-raw-decoder]: e cls=>inps:0
[37144:ctp-raw-decoder]: e cls=>inps:0
[37144:ctp-raw-decoder]: e cls=>inps:0
[37144:ctp-raw-decoder]: e cls=>inps:0
[37144:ctp-raw-decoder]: e cls=>inps:0
[37144:ctp-raw-decoder]: e cls=>inps:0
[37144:ctp-raw-decoder]: e cls=>inps:0
[37144:ctp-raw-decoder]: e cls=>inps:0
[37144:ctp-raw-decoder]: e cls=>inps:0
[37144:ctp-raw-decoder]: e cls=>inps:0
[37144:ctp-raw-decoder]: e cls=>inps:0
[37144:ctp-raw-decoder]: e cls=>inps:0
[37144:ctp-raw-decoder]: e cls=>inps:0
[37144:ctp-raw-decoder]: e cls=>inps:0
[37144:ctp-raw-decoder]: e cls=>inps:0
[37144:ctp-raw-decoder]: e cls=>inps:0
[37144:ctp-raw-decoder]: e cls=>inps:0
[37144:ctp-raw-decoder]: e cls=>inps:0
[37144:ctp-raw-decoder]: e cls=>inps:0
[37144:ctp-raw-decoder]: e cls=>inps:0
[37144:ctp-raw-decoder]: e cls=>inps:0
[37144:ctp-raw-decoder]: e cls=>inps:0
[37144:ctp-raw-decoder]: e cls=>inps:0
[37144:ctp-raw-decoder]: e cls=>inps:0
[37144:ctp-raw-decoder]: e cls=>inps:0
[37144:ctp-raw-decoder]: e cls=>inps:0
[37144:ctp-raw-decoder]: e cls=>inps:0
[37144:ctp-raw-decoder]: e cls=>inps:0
[37144:ctp-raw-decoder]: e cls=>inps:0
[37144:ctp-raw-decoder]: e cls=>inps:0
[37144:ctp-raw-decoder]: e cls=>inps:0
[37144:ctp-raw-decoder]: e cls=>inps:0
[37144:ctp-raw-decoder]: e cls=>inps:0
[37144:ctp-raw-decoder]: e cls=>inps:0
[37144:ctp-raw-decoder]: e cls=>inps:0
[37144:ctp-raw-decoder]: e cls=>inps:0
[37144:ctp-raw-decoder]: e cls=>inps:0
[37144:ctp-raw-decoder]: e cls=>inps:0
[37144:ctp-raw-decoder]: e cls=>inps:0
[37144:ctp-raw-decoder]: e cls=>inps:0
[37144:ctp-raw-decoder]: e cls=>inps:0
[37144:ctp-raw-decoder]: e cls=>inps:0
[37144:ctp-raw-decoder]: e cls=>inps:0
[37144:ctp-raw-decoder]: e cls=>inps:0
[37144:ctp-raw-decoder]: e cls=>inps:0
[37144:ctp-raw-decoder]: e cls=>inps:0
[37144:ctp-raw-decoder]: e cls=>inps:0
[37144:ctp-raw-decoder]: e cls=>inps:0
[37144:ctp-raw-decoder]: e cls=>inps:0
[37144:ctp-raw-decoder]: e cls=>inps:0
[37144:ctp-raw-decoder]: e cls=>inps:0
[37144:ctp-raw-decoder]: e cls=>inps:0
[37144:ctp-raw-decoder]: e cls=>inps:0
[37144:ctp-raw-decoder]: e cls=>inps:0
[37144:ctp-raw-decoder]: e cls=>inps:0
[37144:ctp-raw-decoder]: e cls=>inps:0
[37144:ctp-raw-decoder]: 0 cls=>inps:0
[37144:ctp-raw-decoder]: 1 cls=>inps:0
[37144:ctp-raw-decoder]: 2 cls=>inps:0
[37144:ctp-raw-decoder]: 6 cls=>inps:0
[37144:ctp-raw-decoder]: e cls=>inps:0
[37144:ctp-raw-decoder]: 0 cls=>inps:0
[37144:ctp-raw-decoder]: 1 cls=>inps:0
[37144:ctp-raw-decoder]: 2 cls=>inps:0
[37144:ctp-raw-decoder]: 6 cls=>inps:0
[37144:ctp-raw-decoder]: e cls=>inps:0
[37144:ctp-raw-decoder]: e cls=>inps:0
[37144:ctp-raw-decoder]: e cls=>inps:0
[37144:ctp-raw-decoder]: e cls=>inps:0
[37144:ctp-raw-decoder]: e cls=>inps:0
[37144:ctp-raw-decoder]: e cls=>inps:0
[37144:ctp-raw-decoder]: e cls=>inps:0
[37144:ctp-raw-decoder]: e cls=>inps:0
[37144:ctp-raw-decoder]: e cls=>inps:0
[37144:ctp-raw-decoder]: e cls=>inps:0
[37144:ctp-raw-decoder]: e cls=>inps:0
[37144:ctp-raw-decoder]: e cls=>inps:0
[37144:ctp-raw-decoder]: e cls=>inps:0
[37144:ctp-raw-decoder]: a cls=>inps:0
[37144:ctp-raw-decoder]: e cls=>inps:0
[37144:ctp-raw-decoder]: e cls=>inps:0
[37144:ctp-raw-decoder]: e cls=>inps:0
[37144:ctp-raw-decoder]: e cls=>inps:0
[37144:ctp-raw-decoder]: e cls=>inps:0
[37144:ctp-raw-decoder]: e cls=>inps:0
[37144:ctp-raw-decoder]: e cls=>inps:0
[37144:ctp-raw-decoder]: e cls=>inps:0
[37144:ctp-raw-decoder]: e cls=>inps:0
[37144:ctp-raw-decoder]: e cls=>inps:0
[37144:ctp-raw-decoder]: e cls=>inps:0
[37144:ctp-raw-decoder]: e cls=>inps:0
[37144:ctp-raw-decoder]: e cls=>inps:0
[37144:ctp-raw-decoder]: e cls=>inps:0
[37144:ctp-raw-decoder]: e cls=>inps:0
[37144:ctp-raw-decoder]: e cls=>inps:0
[37144:ctp-raw-decoder]: e cls=>inps:0
[37144:ctp-raw-decoder]: e cls=>inps:0
[37144:ctp-raw-decoder]: e cls=>inps:0
[37144:ctp-raw-decoder]: e cls=>inps:0
[37144:ctp-raw-decoder]: e cls=>inps:0
[37144:ctp-raw-decoder]: e cls=>inps:0
[37144:ctp-raw-decoder]: e cls=>inps:0
[37144:ctp-raw-decoder]: e cls=>inps:0
[37144:ctp-raw-decoder]: e cls=>inps:0
[37144:ctp-raw-decoder]: e cls=>inps:0
[37144:ctp-raw-decoder]: e cls=>inps:0
[37144:ctp-raw-decoder]: e cls=>inps:0
[37144:ctp-raw-decoder]: e cls=>inps:0
[37144:ctp-raw-decoder]: e cls=>inps:0
[37144:ctp-raw-decoder]: e cls=>inps:0
[37144:ctp-raw-decoder]: e cls=>inps:0
[37144:ctp-raw-decoder]: e cls=>inps:0
[37144:ctp-raw-decoder]: e cls=>inps:0
[37144:ctp-raw-decoder]: e cls=>inps:0
[37144:ctp-raw-decoder]: e cls=>inps:0
[37144:ctp-raw-decoder]: e cls=>inps:0
[37144:ctp-raw-decoder]: e cls=>inps:0
[37144:ctp-raw-decoder]: e cls=>inps:0
[37144:ctp-raw-decoder]: e cls=>inps:0
[37144:ctp-raw-decoder]: e cls=>inps:0
[37144:ctp-raw-decoder]: e cls=>inps:0
[37144:ctp-raw-decoder]: e cls=>inps:0
[37144:ctp-raw-decoder]: e cls=>inps:0
[37144:ctp-raw-decoder]: e cls=>inps:0
[37144:ctp-raw-decoder]: e cls=>inps:0
[37144:ctp-raw-decoder]: e cls=>inps:0
[37144:ctp-raw-decoder]: e cls=>inps:0
[37144:ctp-raw-decoder]: e cls=>inps:0
[37144:ctp-raw-decoder]: e cls=>inps:0
[37144:ctp-raw-decoder]: e cls=>inps:0
[37144:ctp-raw-decoder]: e cls=>inps:0
[37144:ctp-raw-decoder]: e cls=>inps:0
[37144:ctp-raw-decoder]: e cls=>inps:0
[37144:ctp-raw-decoder]: e cls=>inps:0
[37144:ctp-raw-decoder]: e cls=>inps:0
[37144:ctp-raw-decoder]: e cls=>inps:0
[37144:ctp-raw-decoder]: e cls=>inps:0
[37144:ctp-raw-decoder]: e cls=>inps:0
[37144:ctp-raw-decoder]: e cls=>inps:0
[37144:ctp-raw-decoder]: e cls=>inps:0
[37144:ctp-raw-decoder]: 0 cls=>inps:0
[37144:ctp-raw-decoder]: 1 cls=>inps:0
[37144:ctp-raw-decoder]: 2 cls=>inps:0
[37144:ctp-raw-decoder]: 6 cls=>inps:0
[37144:ctp-raw-decoder]: e cls=>inps:0
[37144:ctp-raw-decoder]: e cls=>inps:0
[37144:ctp-raw-decoder]: e cls=>inps:0
[37144:ctp-raw-decoder]: e cls=>inps:0
[37144:ctp-raw-decoder]: e cls=>inps:0
[37144:ctp-raw-decoder]: e cls=>inps:0
[37144:ctp-raw-decoder]: e cls=>inps:0
[37144:ctp-raw-decoder]: e cls=>inps:0
[37144:ctp-raw-decoder]: e cls=>inps:0
[37144:ctp-raw-decoder]: e cls=>inps:0
[37144:ctp-raw-decoder]: e cls=>inps:0
[37144:ctp-raw-decoder]: e cls=>inps:0
[37144:ctp-raw-decoder]: e cls=>inps:0
[37144:ctp-raw-decoder]: e cls=>inps:0
[37144:ctp-raw-decoder]: e cls=>inps:0
[37144:ctp-raw-decoder]: e cls=>inps:0
[37144:ctp-raw-decoder]: e cls=>inps:0
[37144:ctp-raw-decoder]: e cls=>inps:0
[37144:ctp-raw-decoder]: e cls=>inps:0
[37144:ctp-raw-decoder]: e cls=>inps:0
[37144:ctp-raw-decoder]: e cls=>inps:0
[37144:ctp-raw-decoder]: a cls=>inps:0
[37144:ctp-raw-decoder]: e cls=>inps:0
[37144:ctp-raw-decoder]: e cls=>inps:0
[37144:ctp-raw-decoder]: e cls=>inps:0
[37144:ctp-raw-decoder]: e cls=>inps:0
[37144:ctp-raw-decoder]: e cls=>inps:0
[37144:ctp-raw-decoder]: e cls=>inps:0
[37144:ctp-raw-decoder]: e cls=>inps:0
[37144:ctp-raw-decoder]: e cls=>inps:0
[37144:ctp-raw-decoder]: e cls=>inps:0
[37144:ctp-raw-decoder]: e cls=>inps:0
[37144:ctp-raw-decoder]: e cls=>inps:0
[37144:ctp-raw-decoder]: e cls=>inps:0
[37144:ctp-raw-decoder]: e cls=>inps:0
[37144:ctp-raw-decoder]: e cls=>inps:0
[37144:ctp-raw-decoder]: e cls=>inps:0
[37144:ctp-raw-decoder]: e cls=>inps:0
[37144:ctp-raw-decoder]: e cls=>inps:0
[37144:ctp-raw-decoder]: e cls=>inps:0
[37144:ctp-raw-decoder]: e cls=>inps:0
[37144:ctp-raw-decoder]: e cls=>inps:0
[37144:ctp-raw-decoder]: e cls=>inps:0
[37144:ctp-raw-decoder]: 0 cls=>inps:0
[37144:ctp-raw-decoder]: 1 cls=>inps:0
[37144:ctp-raw-decoder]: 2 cls=>inps:0
[37144:ctp-raw-decoder]: 6 cls=>inps:0
[37144:ctp-raw-decoder]: e cls=>inps:0
[37144:ctp-raw-decoder]: e cls=>inps:0
[37144:ctp-raw-decoder]: e cls=>inps:0
[37144:ctp-raw-decoder]: e cls=>inps:0
[37144:ctp-raw-decoder]: e cls=>inps:0
[37144:ctp-raw-decoder]: e cls=>inps:0
[37144:ctp-raw-decoder]: e cls=>inps:0
[37144:ctp-raw-decoder]: e cls=>inps:0
[37144:ctp-raw-decoder]: e cls=>inps:0
[37144:ctp-raw-decoder]: e cls=>inps:0
[37144:ctp-raw-decoder]: e cls=>inps:0
[37144:ctp-raw-decoder]: e cls=>inps:0
[37144:ctp-raw-decoder]: e cls=>inps:0
[37144:ctp-raw-decoder]: e cls=>inps:0
[37144:ctp-raw-decoder]: e cls=>inps:0
[37144:ctp-raw-decoder]: e cls=>inps:0
[37144:ctp-raw-decoder]: e cls=>inps:0
[37144:ctp-raw-decoder]: e cls=>inps:0
[37144:ctp-raw-decoder]: e cls=>inps:0
[37144:ctp-raw-decoder]: e cls=>inps:0
[37144:ctp-raw-decoder]: e cls=>inps:0
[37144:ctp-raw-decoder]: e cls=>inps:0
[37144:ctp-raw-decoder]: e cls=>inps:0
[37144:ctp-raw-decoder]: e cls=>inps:0
[37144:ctp-raw-decoder]: e cls=>inps:0
[37144:ctp-raw-decoder]: e cls=>inps:0
[37144:ctp-raw-decoder]: e cls=>inps:0
[37144:ctp-raw-decoder]: e cls=>inps:0
[37144:ctp-raw-decoder]: e cls=>inps:0
[37144:ctp-raw-decoder]: e cls=>inps:0
[37144:ctp-raw-decoder]: e cls=>inps:0
[37144:ctp-raw-decoder]: e cls=>inps:0
[37144:ctp-raw-decoder]: e cls=>inps:0
[37144:ctp-raw-decoder]: e cls=>inps:0
[37144:ctp-raw-decoder]: e cls=>inps:0
[37144:ctp-raw-decoder]: e cls=>inps:0
[37144:ctp-raw-decoder]: e cls=>inps:0
[37144:ctp-raw-decoder]: 0 cls=>inps:0
[37144:ctp-raw-decoder]: 1 cls=>inps:0
[37144:ctp-raw-decoder]: 2 cls=>inps:0
[37144:ctp-raw-decoder]: 6 cls=>inps:0
[37144:ctp-raw-decoder]: e cls=>inps:0
[37144:ctp-raw-decoder]: e cls=>inps:0
[37144:ctp-raw-decoder]: e cls=>inps:0
[37144:ctp-raw-decoder]: e cls=>inps:0
[37144:ctp-raw-decoder]: e cls=>inps:0
[37144:ctp-raw-decoder]: e cls=>inps:0
[37144:ctp-raw-decoder]: e cls=>inps:0
[37144:ctp-raw-decoder]: e cls=>inps:0
[37144:ctp-raw-decoder]: e cls=>inps:0
[37144:ctp-raw-decoder]: e cls=>inps:0
[37144:ctp-raw-decoder]: e cls=>inps:0
[37144:ctp-raw-decoder]: e cls=>inps:0
[37144:ctp-raw-decoder]: e cls=>inps:0
[37144:ctp-raw-decoder]: e cls=>inps:0
[37144:ctp-raw-decoder]: e cls=>inps:0
[37144:ctp-raw-decoder]: a cls=>inps:0
[37144:ctp-raw-decoder]: e cls=>inps:0
[37144:ctp-raw-decoder]: e cls=>inps:0
[37144:ctp-raw-decoder]: e cls=>inps:0
[37144:ctp-raw-decoder]: e cls=>inps:0
[37144:ctp-raw-decoder]: e cls=>inps:0
[37144:ctp-raw-decoder]: e cls=>inps:0
[37144:ctp-raw-decoder]: a cls=>inps:0
[37144:ctp-raw-decoder]: e cls=>inps:0
[37144:ctp-raw-decoder]: e cls=>inps:0
[37144:ctp-raw-decoder]: a cls=>inps:0
[37144:ctp-raw-decoder]: e cls=>inps:0
[37144:ctp-raw-decoder]: e cls=>inps:0
[37144:ctp-raw-decoder]: e cls=>inps:0
[37144:ctp-raw-decoder]: e cls=>inps:0
[37144:ctp-raw-decoder]: e cls=>inps:0
[37144:ctp-raw-decoder]: e cls=>inps:0
[37144:ctp-raw-decoder]: e cls=>inps:0
[37144:ctp-raw-decoder]: 0 cls=>inps:0
[37144:ctp-raw-decoder]: 1 cls=>inps:0
[37144:ctp-raw-decoder]: 2 cls=>inps:0
[37144:ctp-raw-decoder]: 6 cls=>inps:0
[37144:ctp-raw-decoder]: e cls=>inps:0
[37144:ctp-raw-decoder]: e cls=>inps:0
[37144:ctp-raw-decoder]: e cls=>inps:0
[37144:ctp-raw-decoder]: e cls=>inps:0
[37144:ctp-raw-decoder]: e cls=>inps:0
[37144:ctp-raw-decoder]: e cls=>inps:0
[37144:ctp-raw-decoder]: e cls=>inps:0
[37144:ctp-raw-decoder]: e cls=>inps:0
[37144:ctp-raw-decoder]: e cls=>inps:0
[37144:ctp-raw-decoder]: e cls=>inps:0
[37144:ctp-raw-decoder]: e cls=>inps:0
[37144:ctp-raw-decoder]: e cls=>inps:0
[37144:ctp-raw-decoder]: e cls=>inps:0
[37144:ctp-raw-decoder]: e cls=>inps:0
[37144:ctp-raw-decoder]: e cls=>inps:0
[37144:ctp-raw-decoder]: e cls=>inps:0
[37144:ctp-raw-decoder]: e cls=>inps:0
[37144:ctp-raw-decoder]: e cls=>inps:0
[37144:ctp-raw-decoder]: e cls=>inps:0
[37144:ctp-raw-decoder]: e cls=>inps:0
[37144:ctp-raw-decoder]: e cls=>inps:0
[37144:ctp-raw-decoder]: e cls=>inps:0
[37144:ctp-raw-decoder]: e cls=>inps:0
[37144:ctp-raw-decoder]: e cls=>inps:0
[37144:ctp-raw-decoder]: e cls=>inps:0
[37144:ctp-raw-decoder]: e cls=>inps:0
[37144:ctp-raw-decoder]: e cls=>inps:0
[37144:ctp-raw-decoder]: e cls=>inps:0
[37144:ctp-raw-decoder]: e cls=>inps:0
[37144:ctp-raw-decoder]: e cls=>inps:0
[37144:ctp-raw-decoder]: e cls=>inps:0
[37144:ctp-raw-decoder]: e cls=>inps:0
[37144:ctp-raw-decoder]: e cls=>inps:0
[37144:ctp-raw-decoder]: e cls=>inps:0
[37144:ctp-raw-decoder]: e cls=>inps:0
[37144:ctp-raw-decoder]: e cls=>inps:0
[37144:ctp-raw-decoder]: e cls=>inps:0
[37144:ctp-raw-decoder]: e cls=>inps:0
[37144:ctp-raw-decoder]: e cls=>inps:0
[37144:ctp-raw-decoder]: e cls=>inps:0
[37144:ctp-raw-decoder]: e cls=>inps:0
[37144:ctp-raw-decoder]: e cls=>inps:0
[37144:ctp-raw-decoder]: e cls=>inps:0
[37144:ctp-raw-decoder]: e cls=>inps:0
[37144:ctp-raw-decoder]: e cls=>inps:0
[37144:ctp-raw-decoder]: e cls=>inps:0
[37144:ctp-raw-decoder]: e cls=>inps:0
[37144:ctp-raw-decoder]: e cls=>inps:0
[37144:ctp-raw-decoder]: e cls=>inps:0
[37144:ctp-raw-decoder]: e cls=>inps:0
[37144:ctp-raw-decoder]: e cls=>inps:0
[37144:ctp-raw-decoder]: e cls=>inps:0
[37144:ctp-raw-decoder]: e cls=>inps:0
[37144:ctp-raw-decoder]: e cls=>inps:0
[37144:ctp-raw-decoder]: e cls=>inps:0
[37144:ctp-raw-decoder]: e cls=>inps:0
[37144:ctp-raw-decoder]: e cls=>inps:0
[37144:ctp-raw-decoder]: e cls=>inps:0
[37144:ctp-raw-decoder]: e cls=>inps:0
[37144:ctp-raw-decoder]: e cls=>inps:0
[37144:ctp-raw-decoder]: e cls=>inps:0
[37144:ctp-raw-decoder]: e cls=>inps:0
[37144:ctp-raw-decoder]: 0 cls=>inps:0
[37144:ctp-raw-decoder]: 1 cls=>inps:0
[37144:ctp-raw-decoder]: 2 cls=>inps:0
[37144:ctp-raw-decoder]: 6 cls=>inps:0
[37144:ctp-raw-decoder]: e cls=>inps:0
[37144:ctp-raw-decoder]: e cls=>inps:0
[37144:ctp-raw-decoder]: e cls=>inps:0
[37144:ctp-raw-decoder]: [18:22:26][INFO] [CTPRawToDigitConverter - run] Writing 6781 digits. IR rejected:0 TCR rejected:4
[37145:ctp-digit-writer]: [18:22:26][INFO] CTPDigitWriter pulled 6781 digits
[37144:ctp-raw-decoder]: tforbit==================>93b5640 93b5640
[37144:ctp-raw-decoder]: tforbit==================>93b5640 93b5640
[37144:ctp-raw-decoder]: [18:22:26][INFO] LOST:BCid:    8 Orbit: 154883648 shift:296
[37144:ctp-raw-decoder]: [18:22:26][INFO] LOST:BCid:   13 Orbit: 154883648 shift:15
[37144:ctp-raw-decoder]: [18:22:26][INFO] LOST:BCid:   26 Orbit: 154883648 shift:296
[37144:ctp-raw-decoder]: [18:22:26][INFO] LOST:BCid:   30 Orbit: 154883648 shift:296
[37144:ctp-raw-decoder]: [18:22:26][INFO] LOST:BCid:   44 Orbit: 154883648 shift:296
[37144:ctp-raw-decoder]: [18:22:26][INFO] LOST:BCid:   54 Orbit: 154883648 shift:296
[37144:ctp-raw-decoder]: [18:22:26][INFO] LOST:BCid:   66 Orbit: 154883648 shift:296
[37144:ctp-raw-decoder]: [18:22:26][INFO] LOST:BCid:   84 Orbit: 154883648 shift:296
[37144:ctp-raw-decoder]: [18:22:26][INFO] LOST:BCid:   94 Orbit: 154883648 shift:296
[37144:ctp-raw-decoder]: [18:22:26][INFO] LOST:BCid:  290 Orbit: 154883648 shift:296
[37144:ctp-raw-decoder]: [18:22:26][INFO] Checking readout
[37144:ctp-raw-decoder]: e cls=>inps:0
[37144:ctp-raw-decoder]: e cls=>inps:0
[37144:ctp-raw-decoder]: e cls=>inps:0
[37144:ctp-raw-decoder]: e cls=>inps:0
[37144:ctp-raw-decoder]: e cls=>inps:0
[37144:ctp-raw-decoder]: e cls=>inps:0
[37144:ctp-raw-decoder]: e cls=>inps:0
[37144:ctp-raw-decoder]: e cls=>inps:0
[37144:ctp-raw-decoder]: e cls=>inps:0
[37144:ctp-raw-decoder]: e cls=>inps:0
[37144:ctp-raw-decoder]: e cls=>inps:0
[37144:ctp-raw-decoder]: e cls=>inps:0
[37144:ctp-raw-decoder]: e cls=>inps:0
[37144:ctp-raw-decoder]: e cls=>inps:0
[37144:ctp-raw-decoder]: e cls=>inps:0
[37144:ctp-raw-decoder]: e cls=>inps:0
[37144:ctp-raw-decoder]: e cls=>inps:0
[37144:ctp-raw-decoder]: e cls=>inps:0
[37144:ctp-raw-decoder]: e cls=>inps:0
[37144:ctp-raw-decoder]: 0 cls=>inps:0
[37144:ctp-raw-decoder]: 1 cls=>inps:0
[37144:ctp-raw-decoder]: 2 cls=>inps:0
[37144:ctp-raw-decoder]: 6 cls=>inps:0
[37144:ctp-raw-decoder]: e cls=>inps:0
[37144:ctp-raw-decoder]: e cls=>inps:0
[37144:ctp-raw-decoder]: e cls=>inps:0
[37144:ctp-raw-decoder]: e cls=>inps:0
[37144:ctp-raw-decoder]: e cls=>inps:0
[37144:ctp-raw-decoder]: e cls=>inps:0
[37144:ctp-raw-decoder]: e cls=>inps:0
[37144:ctp-raw-decoder]: e cls=>inps:0
[37144:ctp-raw-decoder]: e cls=>inps:0
[37144:ctp-raw-decoder]: e cls=>inps:0
[37144:ctp-raw-decoder]: e cls=>inps:0
[37144:ctp-raw-decoder]: e cls=>inps:0
[37144:ctp-raw-decoder]: e cls=>inps:0
[37144:ctp-raw-decoder]: e cls=>inps:0
[37144:ctp-raw-decoder]: e cls=>inps:0
[37144:ctp-raw-decoder]: e cls=>inps:0
[37144:ctp-raw-decoder]: e cls=>inps:0
[37144:ctp-raw-decoder]: e cls=>inps:0
[37144:ctp-raw-decoder]: e cls=>inps:0
[37144:ctp-raw-decoder]: e cls=>inps:0
[37144:ctp-raw-decoder]: e cls=>inps:0
[37144:ctp-raw-decoder]: e cls=>inps:0
[37144:ctp-raw-decoder]: e cls=>inps:0
[37144:ctp-raw-decoder]: e cls=>inps:0
[37144:ctp-raw-decoder]: e cls=>inps:0
[37144:ctp-raw-decoder]: e cls=>inps:0
[37144:ctp-raw-decoder]: e cls=>inps:0
[37144:ctp-raw-decoder]: e cls=>inps:0
[37144:ctp-raw-decoder]: e cls=>inps:0
[37144:ctp-raw-decoder]: e cls=>inps:0
[37144:ctp-raw-decoder]: e cls=>inps:0
[37144:ctp-raw-decoder]: e cls=>inps:0
[37144:ctp-raw-decoder]: e cls=>inps:0
[37144:ctp-raw-decoder]: e cls=>inps:0
[37144:ctp-raw-decoder]: e cls=>inps:0
[37144:ctp-raw-decoder]: e cls=>inps:0
[37144:ctp-raw-decoder]: e cls=>inps:0
[37144:ctp-raw-decoder]: 0 cls=>inps:0
[37144:ctp-raw-decoder]: 1 cls=>inps:0
[37144:ctp-raw-decoder]: 2 cls=>inps:0
[37144:ctp-raw-decoder]: 6 cls=>inps:0
[37144:ctp-raw-decoder]: e cls=>inps:0
[37144:ctp-raw-decoder]: e cls=>inps:0
[37144:ctp-raw-decoder]: e cls=>inps:0
[37144:ctp-raw-decoder]: e cls=>inps:0
[37144:ctp-raw-decoder]: e cls=>inps:0
[37144:ctp-raw-decoder]: e cls=>inps:0
[37144:ctp-raw-decoder]: e cls=>inps:0
[37144:ctp-raw-decoder]: e cls=>inps:0
[37144:ctp-raw-decoder]: e cls=>inps:0
[37144:ctp-raw-decoder]: e cls=>inps:0
[37144:ctp-raw-decoder]: e cls=>inps:0
[37144:ctp-raw-decoder]: e cls=>inps:0
[37144:ctp-raw-decoder]: e cls=>inps:0
[37144:ctp-raw-decoder]: e cls=>inps:0
[37144:ctp-raw-decoder]: e cls=>inps:0
[37144:ctp-raw-decoder]: e cls=>inps:0
[37144:ctp-raw-decoder]: e cls=>inps:0
[37144:ctp-raw-decoder]: e cls=>inps:0
[37144:ctp-raw-decoder]: e cls=>inps:0
[37144:ctp-raw-decoder]: e cls=>inps:0
[37144:ctp-raw-decoder]: e cls=>inps:0
[37144:ctp-raw-decoder]: e cls=>inps:0
[37144:ctp-raw-decoder]: e cls=>inps:0
[37144:ctp-raw-decoder]: e cls=>inps:0
[37144:ctp-raw-decoder]: e cls=>inps:0
[37144:ctp-raw-decoder]: e cls=>inps:0
[37144:ctp-raw-decoder]: e cls=>inps:0
[37144:ctp-raw-decoder]: e cls=>inps:0
[37144:ctp-raw-decoder]: e cls=>inps:0
[37144:ctp-raw-decoder]: e cls=>inps:0
[37144:ctp-raw-decoder]: e cls=>inps:0
[37144:ctp-raw-decoder]: e cls=>inps:0
[37144:ctp-raw-decoder]: e cls=>inps:0
[37144:ctp-raw-decoder]: e cls=>inps:0
[37144:ctp-raw-decoder]: e cls=>inps:0
[37144:ctp-raw-decoder]: e cls=>inps:0
[37144:ctp-raw-decoder]: e cls=>inps:0
[37144:ctp-raw-decoder]: e cls=>inps:0
[37144:ctp-raw-decoder]: e cls=>inps:0
[37144:ctp-raw-decoder]: e cls=>inps:0
[37144:ctp-raw-decoder]: e cls=>inps:0
[37144:ctp-raw-decoder]: e cls=>inps:0
[37144:ctp-raw-decoder]: e cls=>inps:0
[37144:ctp-raw-decoder]: e cls=>inps:0
[37144:ctp-raw-decoder]: 0 cls=>inps:0
[37144:ctp-raw-decoder]: 2 cls=>inps:0
[37144:ctp-raw-decoder]: e cls=>inps:0
[37144:ctp-raw-decoder]: e cls=>inps:0
[37144:ctp-raw-decoder]: e cls=>inps:0
[37144:ctp-raw-decoder]: e cls=>inps:0
[37144:ctp-raw-decoder]: e cls=>inps:0
[37144:ctp-raw-decoder]: e cls=>inps:0
[37144:ctp-raw-decoder]: e cls=>inps:0
[37144:ctp-raw-decoder]: e cls=>inps:0
[37144:ctp-raw-decoder]: e cls=>inps:0
[37144:ctp-raw-decoder]: e cls=>inps:0
[37144:ctp-raw-decoder]: e cls=>inps:0
[37144:ctp-raw-decoder]: 0 cls=>inps:0
[37144:ctp-raw-decoder]: 1 cls=>inps:0
[37144:ctp-raw-decoder]: 2 cls=>inps:0
[37144:ctp-raw-decoder]: 6 cls=>inps:0
[37144:ctp-raw-decoder]: e cls=>inps:0
[37144:ctp-raw-decoder]: e cls=>inps:0
[37144:ctp-raw-decoder]: e cls=>inps:0
[37144:ctp-raw-decoder]: e cls=>inps:0
[37144:ctp-raw-decoder]: e cls=>inps:0
[37144:ctp-raw-decoder]: a cls=>inps:0
[37144:ctp-raw-decoder]: e cls=>inps:0
[37144:ctp-raw-decoder]: e cls=>inps:0
[37144:ctp-raw-decoder]: e cls=>inps:0
[37144:ctp-raw-decoder]: e cls=>inps:0
[37144:ctp-raw-decoder]: e cls=>inps:0
[37144:ctp-raw-decoder]: e cls=>inps:0
[37144:ctp-raw-decoder]: e cls=>inps:0
[37144:ctp-raw-decoder]: e cls=>inps:0
[37144:ctp-raw-decoder]: e cls=>inps:0
[37144:ctp-raw-decoder]: e cls=>inps:0
[37144:ctp-raw-decoder]: e cls=>inps:0
[37144:ctp-raw-decoder]: e cls=>inps:0
[37144:ctp-raw-decoder]: e cls=>inps:0
[37144:ctp-raw-decoder]: e cls=>inps:0
[37144:ctp-raw-decoder]: e cls=>inps:0
[37144:ctp-raw-decoder]: e cls=>inps:0
[37144:ctp-raw-decoder]: e cls=>inps:0
[37144:ctp-raw-decoder]: e cls=>inps:0
[37144:ctp-raw-decoder]: e cls=>inps:0
[37144:ctp-raw-decoder]: e cls=>inps:0
[37144:ctp-raw-decoder]: e cls=>inps:0
[37144:ctp-raw-decoder]: e cls=>inps:0
[37144:ctp-raw-decoder]: e cls=>inps:0
[37144:ctp-raw-decoder]: e cls=>inps:0
[37144:ctp-raw-decoder]: e cls=>inps:0
[37144:ctp-raw-decoder]: e cls=>inps:0
[37144:ctp-raw-decoder]: e cls=>inps:0
[37144:ctp-raw-decoder]: e cls=>inps:0
[37144:ctp-raw-decoder]: e cls=>inps:0
[37144:ctp-raw-decoder]: e cls=>inps:0
[37144:ctp-raw-decoder]: e cls=>inps:0
[37144:ctp-raw-decoder]: e cls=>inps:0
[37144:ctp-raw-decoder]: e cls=>inps:0
[37144:ctp-raw-decoder]: e cls=>inps:0
[37144:ctp-raw-decoder]: e cls=>inps:0
[37144:ctp-raw-decoder]: e cls=>inps:0
[37144:ctp-raw-decoder]: e cls=>inps:0
[37144:ctp-raw-decoder]: e cls=>inps:0
[37144:ctp-raw-decoder]: e cls=>inps:0
[37144:ctp-raw-decoder]: e cls=>inps:0
[37144:ctp-raw-decoder]: e cls=>inps:0
[37144:ctp-raw-decoder]: e cls=>inps:0
[37144:ctp-raw-decoder]: e cls=>inps:0
[37144:ctp-raw-decoder]: e cls=>inps:0
[37144:ctp-raw-decoder]: e cls=>inps:0
[37144:ctp-raw-decoder]: e cls=>inps:0
[37144:ctp-raw-decoder]: e cls=>inps:0
[37144:ctp-raw-decoder]: e cls=>inps:0
[37144:ctp-raw-decoder]: e cls=>inps:0
[37144:ctp-raw-decoder]: e cls=>inps:0
[37144:ctp-raw-decoder]: e cls=>inps:0
[37144:ctp-raw-decoder]: e cls=>inps:0
[37144:ctp-raw-decoder]: e cls=>inps:0
[37144:ctp-raw-decoder]: e cls=>inps:0
[37144:ctp-raw-decoder]: e cls=>inps:0
[37144:ctp-raw-decoder]: e cls=>inps:0
[37144:ctp-raw-decoder]: e cls=>inps:0
[37144:ctp-raw-decoder]: e cls=>inps:0
[37144:ctp-raw-decoder]: e cls=>inps:0
[37144:ctp-raw-decoder]: e cls=>inps:0
[37144:ctp-raw-decoder]: e cls=>inps:0
[37144:ctp-raw-decoder]: e cls=>inps:0
[37144:ctp-raw-decoder]: e cls=>inps:0
[37144:ctp-raw-decoder]: e cls=>inps:0
[37144:ctp-raw-decoder]: a cls=>inps:0
[37144:ctp-raw-decoder]: e cls=>inps:0
[37144:ctp-raw-decoder]: e cls=>inps:0
[37144:ctp-raw-decoder]: e cls=>inps:0
[37144:ctp-raw-decoder]: e cls=>inps:0
[37144:ctp-raw-decoder]: e cls=>inps:0
[37144:ctp-raw-decoder]: e cls=>inps:0
[37144:ctp-raw-decoder]: e cls=>inps:0
[37144:ctp-raw-decoder]: e cls=>inps:0
[37144:ctp-raw-decoder]: e cls=>inps:0
[37144:ctp-raw-decoder]: e cls=>inps:0
[37144:ctp-raw-decoder]: e cls=>inps:0
[37144:ctp-raw-decoder]: e cls=>inps:0
[37144:ctp-raw-decoder]: e cls=>inps:0
[37144:ctp-raw-decoder]: e cls=>inps:0
[37144:ctp-raw-decoder]: e cls=>inps:0
[37144:ctp-raw-decoder]: e cls=>inps:0
[37144:ctp-raw-decoder]: e cls=>inps:0
[37144:ctp-raw-decoder]: e cls=>inps:0
[37144:ctp-raw-decoder]: e cls=>inps:0
[37144:ctp-raw-decoder]: e cls=>inps:0
[37144:ctp-raw-decoder]: e cls=>inps:0
[37144:ctp-raw-decoder]: e cls=>inps:0
[37144:ctp-raw-decoder]: e cls=>inps:0
[37144:ctp-raw-decoder]: e cls=>inps:0
[37144:ctp-raw-decoder]: e cls=>inps:0
[37144:ctp-raw-decoder]: e cls=>inps:0
[37144:ctp-raw-decoder]: e cls=>inps:0
[37144:ctp-raw-decoder]: e cls=>inps:0
[37144:ctp-raw-decoder]: e cls=>inps:0
[37144:ctp-raw-decoder]: e cls=>inps:0
[37144:ctp-raw-decoder]: e cls=>inps:0
[37144:ctp-raw-decoder]: e cls=>inps:0
[37144:ctp-raw-decoder]: e cls=>inps:0
[37144:ctp-raw-decoder]: e cls=>inps:0
[37144:ctp-raw-decoder]: e cls=>inps:0
[37144:ctp-raw-decoder]: a cls=>inps:0
[37144:ctp-raw-decoder]: e cls=>inps:0
[37144:ctp-raw-decoder]: 0 cls=>inps:0
[37144:ctp-raw-decoder]: 1 cls=>inps:0
[37144:ctp-raw-decoder]: 2 cls=>inps:0
[37144:ctp-raw-decoder]: 6 cls=>inps:0
[37144:ctp-raw-decoder]: e cls=>inps:0
[37144:ctp-raw-decoder]: e cls=>inps:0
[37144:ctp-raw-decoder]: e cls=>inps:0
[37144:ctp-raw-decoder]: e cls=>inps:0
[37144:ctp-raw-decoder]: e cls=>inps:0
[37144:ctp-raw-decoder]: e cls=>inps:0
[37144:ctp-raw-decoder]: e cls=>inps:0
[37144:ctp-raw-decoder]: e cls=>inps:0
[37144:ctp-raw-decoder]: e cls=>inps:0
[37144:ctp-raw-decoder]: e cls=>inps:0
[37144:ctp-raw-decoder]: e cls=>inps:0
[37144:ctp-raw-decoder]: e cls=>inps:0
[37144:ctp-raw-decoder]: e cls=>inps:0
[37144:ctp-raw-decoder]: e cls=>inps:0
[37144:ctp-raw-decoder]: e cls=>inps:0
[37144:ctp-raw-decoder]: e cls=>inps:0
[37144:ctp-raw-decoder]: e cls=>inps:0
[37144:ctp-raw-decoder]: e cls=>inps:0
[37144:ctp-raw-decoder]: e cls=>inps:0
[37144:ctp-raw-decoder]: e cls=>inps:0
[37144:ctp-raw-decoder]: e cls=>inps:0
[37144:ctp-raw-decoder]: e cls=>inps:0
[37144:ctp-raw-decoder]: e cls=>inps:0
[37144:ctp-raw-decoder]: e cls=>inps:0
[37144:ctp-raw-decoder]: e cls=>inps:0
[37144:ctp-raw-decoder]: e cls=>inps:0
[37144:ctp-raw-decoder]: e cls=>inps:0
[37144:ctp-raw-decoder]: e cls=>inps:0
[37144:ctp-raw-decoder]: e cls=>inps:0
[37144:ctp-raw-decoder]: e cls=>inps:0
[37144:ctp-raw-decoder]: e cls=>inps:0
[37144:ctp-raw-decoder]: e cls=>inps:0
[37144:ctp-raw-decoder]: e cls=>inps:0
[37144:ctp-raw-decoder]: e cls=>inps:0
[37144:ctp-raw-decoder]: e cls=>inps:0
[37144:ctp-raw-decoder]: e cls=>inps:0
[37144:ctp-raw-decoder]: e cls=>inps:0
[37144:ctp-raw-decoder]: e cls=>inps:0
[37144:ctp-raw-decoder]: e cls=>inps:0
[37144:ctp-raw-decoder]: a cls=>inps:0
[37144:ctp-raw-decoder]: e cls=>inps:0
[37144:ctp-raw-decoder]: e cls=>inps:0
[37144:ctp-raw-decoder]: e cls=>inps:0
[37144:ctp-raw-decoder]: e cls=>inps:0
[37144:ctp-raw-decoder]: e cls=>inps:0
[37144:ctp-raw-decoder]: e cls=>inps:0
[37144:ctp-raw-decoder]: e cls=>inps:0
[37144:ctp-raw-decoder]: e cls=>inps:0
[37144:ctp-raw-decoder]: e cls=>inps:0
[37144:ctp-raw-decoder]: e cls=>inps:0
[37144:ctp-raw-decoder]: e cls=>inps:0
[37144:ctp-raw-decoder]: e cls=>inps:0
[37144:ctp-raw-decoder]: e cls=>inps:0
[37144:ctp-raw-decoder]: e cls=>inps:0
[37144:ctp-raw-decoder]: e cls=>inps:0
[37144:ctp-raw-decoder]: e cls=>inps:0
[37144:ctp-raw-decoder]: a cls=>inps:0
[37144:ctp-raw-decoder]: e cls=>inps:0
[37144:ctp-raw-decoder]: e cls=>inps:0
[37144:ctp-raw-decoder]: e cls=>inps:0
[37144:ctp-raw-decoder]: e cls=>inps:0
[37144:ctp-raw-decoder]: e cls=>inps:0
[37144:ctp-raw-decoder]: e cls=>inps:0
[37144:ctp-raw-decoder]: e cls=>inps:0
[37144:ctp-raw-decoder]: e cls=>inps:0
[37144:ctp-raw-decoder]: e cls=>inps:0
[37144:ctp-raw-decoder]: e cls=>inps:0
[37144:ctp-raw-decoder]: e cls=>inps:0
[37144:ctp-raw-decoder]: e cls=>inps:0
[37144:ctp-raw-decoder]: e cls=>inps:0
[37144:ctp-raw-decoder]: e cls=>inps:0
[37144:ctp-raw-decoder]: e cls=>inps:0
[37144:ctp-raw-decoder]: e cls=>inps:0
[37144:ctp-raw-decoder]: e cls=>inps:0
[37144:ctp-raw-decoder]: e cls=>inps:0
[37144:ctp-raw-decoder]: e cls=>inps:0
[37144:ctp-raw-decoder]: e cls=>inps:0
[37144:ctp-raw-decoder]: e cls=>inps:0
[37144:ctp-raw-decoder]: e cls=>inps:0
[37144:ctp-raw-decoder]: e cls=>inps:0
[37144:ctp-raw-decoder]: e cls=>inps:0
[37144:ctp-raw-decoder]: e cls=>inps:0
[37144:ctp-raw-decoder]: e cls=>inps:0
[37144:ctp-raw-decoder]: e cls=>inps:0
[37144:ctp-raw-decoder]: e cls=>inps:0
[37144:ctp-raw-decoder]: e cls=>inps:0
[37144:ctp-raw-decoder]: e cls=>inps:0
[37144:ctp-raw-decoder]: e cls=>inps:0
[37144:ctp-raw-decoder]: e cls=>inps:0
[37144:ctp-raw-decoder]: e cls=>inps:0
[37144:ctp-raw-decoder]: e cls=>inps:0
[37144:ctp-raw-decoder]: e cls=>inps:0
[37144:ctp-raw-decoder]: 0 cls=>inps:0
[37144:ctp-raw-decoder]: 1 cls=>inps:0
[37144:ctp-raw-decoder]: 2 cls=>inps:0
[37144:ctp-raw-decoder]: 6 cls=>inps:0
[37144:ctp-raw-decoder]: e cls=>inps:0
[37144:ctp-raw-decoder]: e cls=>inps:0
[37144:ctp-raw-decoder]: e cls=>inps:0
[37144:ctp-raw-decoder]: e cls=>inps:0
[37144:ctp-raw-decoder]: e cls=>inps:0
[37144:ctp-raw-decoder]: e cls=>inps:0
[37144:ctp-raw-decoder]: e cls=>inps:0
[37144:ctp-raw-decoder]: e cls=>inps:0
[37144:ctp-raw-decoder]: e cls=>inps:0
[37144:ctp-raw-decoder]: e cls=>inps:0
[37144:ctp-raw-decoder]: e cls=>inps:0
[37144:ctp-raw-decoder]: e cls=>inps:0
[37144:ctp-raw-decoder]: e cls=>inps:0
[37144:ctp-raw-decoder]: e cls=>inps:0
[37144:ctp-raw-decoder]: e cls=>inps:0
[37144:ctp-raw-decoder]: e cls=>inps:0
[37144:ctp-raw-decoder]: e cls=>inps:0
[37144:ctp-raw-decoder]: e cls=>inps:0
[37144:ctp-raw-decoder]: e cls=>inps:0
[37144:ctp-raw-decoder]: e cls=>inps:0
[37144:ctp-raw-decoder]: 0 cls=>inps:0
[37144:ctp-raw-decoder]: 2 cls=>inps:0
[37144:ctp-raw-decoder]: e cls=>inps:0
[37144:ctp-raw-decoder]: e cls=>inps:0
[37144:ctp-raw-decoder]: e cls=>inps:0
[37144:ctp-raw-decoder]: e cls=>inps:0
[37144:ctp-raw-decoder]: e cls=>inps:0
[37144:ctp-raw-decoder]: e cls=>inps:0
[37144:ctp-raw-decoder]: e cls=>inps:0
[37144:ctp-raw-decoder]: e cls=>inps:0
[37144:ctp-raw-decoder]: e cls=>inps:0
[37144:ctp-raw-decoder]: e cls=>inps:0
[37144:ctp-raw-decoder]: e cls=>inps:0
[37144:ctp-raw-decoder]: e cls=>inps:0
[37144:ctp-raw-decoder]: e cls=>inps:0
[37144:ctp-raw-decoder]: e cls=>inps:0
[37144:ctp-raw-decoder]: e cls=>inps:0
[37144:ctp-raw-decoder]: e cls=>inps:0
[37144:ctp-raw-decoder]: e cls=>inps:0
[37144:ctp-raw-decoder]: e cls=>inps:0
[37144:ctp-raw-decoder]: e cls=>inps:0
[37144:ctp-raw-decoder]: e cls=>inps:0
[37144:ctp-raw-decoder]: e cls=>inps:0
[37144:ctp-raw-decoder]: e cls=>inps:0
[37144:ctp-raw-decoder]: e cls=>inps:0
[37144:ctp-raw-decoder]: e cls=>inps:0
[37144:ctp-raw-decoder]: e cls=>inps:0
[37144:ctp-raw-decoder]: e cls=>inps:0
[37144:ctp-raw-decoder]: e cls=>inps:0
[37144:ctp-raw-decoder]: e cls=>inps:0
[37144:ctp-raw-decoder]: e cls=>inps:0
[37144:ctp-raw-decoder]: a cls=>inps:0
[37144:ctp-raw-decoder]: e cls=>inps:0
[37144:ctp-raw-decoder]: e cls=>inps:0
[37144:ctp-raw-decoder]: e cls=>inps:0
[37144:ctp-raw-decoder]: e cls=>inps:0
[37144:ctp-raw-decoder]: e cls=>inps:0
[37144:ctp-raw-decoder]: e cls=>inps:0
[37144:ctp-raw-decoder]: e cls=>inps:0
[37144:ctp-raw-decoder]: e cls=>inps:0
[37144:ctp-raw-decoder]: e cls=>inps:0
[37144:ctp-raw-decoder]: e cls=>inps:0
[37144:ctp-raw-decoder]: e cls=>inps:0
[37144:ctp-raw-decoder]: e cls=>inps:0
[37144:ctp-raw-decoder]: e cls=>inps:0
[37144:ctp-raw-decoder]: e cls=>inps:0
[37144:ctp-raw-decoder]: e cls=>inps:0
[37144:ctp-raw-decoder]: e cls=>inps:0
[37144:ctp-raw-decoder]: e cls=>inps:0
[37144:ctp-raw-decoder]: e cls=>inps:0
[37144:ctp-raw-decoder]: e cls=>inps:0
[37144:ctp-raw-decoder]: e cls=>inps:0
[37144:ctp-raw-decoder]: e cls=>inps:0
[37144:ctp-raw-decoder]: e cls=>inps:0
[37144:ctp-raw-decoder]: e cls=>inps:0
[37144:ctp-raw-decoder]: e cls=>inps:0
[37144:ctp-raw-decoder]: e cls=>inps:0
[37144:ctp-raw-decoder]: e cls=>inps:0
[37144:ctp-raw-decoder]: e cls=>inps:0
[37144:ctp-raw-decoder]: e cls=>inps:0
[37144:ctp-raw-decoder]: e cls=>inps:0
[37144:ctp-raw-decoder]: e cls=>inps:0
[37144:ctp-raw-decoder]: e cls=>inps:0
[37144:ctp-raw-decoder]: e cls=>inps:0
[37144:ctp-raw-decoder]: e cls=>inps:0
[37144:ctp-raw-decoder]: e cls=>inps:0
[37144:ctp-raw-decoder]: e cls=>inps:0
[37144:ctp-raw-decoder]: e cls=>inps:0
[37144:ctp-raw-decoder]: e cls=>inps:0
[37144:ctp-raw-decoder]: e cls=>inps:0
[37144:ctp-raw-decoder]: e cls=>inps:0
[37144:ctp-raw-decoder]: e cls=>inps:0
[37144:ctp-raw-decoder]: e cls=>inps:0
[37144:ctp-raw-decoder]: e cls=>inps:0
[37144:ctp-raw-decoder]: e cls=>inps:0
[37144:ctp-raw-decoder]: e cls=>inps:0
[37144:ctp-raw-decoder]: e cls=>inps:0
[37144:ctp-raw-decoder]: e cls=>inps:0
[37144:ctp-raw-decoder]: e cls=>inps:0
[37144:ctp-raw-decoder]: e cls=>inps:0
[37144:ctp-raw-decoder]: e cls=>inps:0
[37144:ctp-raw-decoder]: e cls=>inps:0
[37144:ctp-raw-decoder]: e cls=>inps:0
[37144:ctp-raw-decoder]: e cls=>inps:0
[37144:ctp-raw-decoder]: e cls=>inps:0
[37144:ctp-raw-decoder]: e cls=>inps:0
[37144:ctp-raw-decoder]: e cls=>inps:0
[37144:ctp-raw-decoder]: e cls=>inps:0
[37144:ctp-raw-decoder]: e cls=>inps:0
[37144:ctp-raw-decoder]: e cls=>inps:0
[37144:ctp-raw-decoder]: e cls=>inps:0
[37144:ctp-raw-decoder]: e cls=>inps:0
[37144:ctp-raw-decoder]: e cls=>inps:0
[37144:ctp-raw-decoder]: e cls=>inps:0
[37144:ctp-raw-decoder]: e cls=>inps:0
[37144:ctp-raw-decoder]: e cls=>inps:0
[37144:ctp-raw-decoder]: e cls=>inps:0
[37144:ctp-raw-decoder]: e cls=>inps:0
[37144:ctp-raw-decoder]: e cls=>inps:0
[37144:ctp-raw-decoder]: e cls=>inps:0
[37144:ctp-raw-decoder]: e cls=>inps:0
[37144:ctp-raw-decoder]: e cls=>inps:0
[37144:ctp-raw-decoder]: e cls=>inps:0
[37144:ctp-raw-decoder]: e cls=>inps:0
[37144:ctp-raw-decoder]: e cls=>inps:0
[37144:ctp-raw-decoder]: e cls=>inps:0
[37144:ctp-raw-decoder]: e cls=>inps:0
[37144:ctp-raw-decoder]: e cls=>inps:0
[37144:ctp-raw-decoder]: e cls=>inps:0
[37144:ctp-raw-decoder]: e cls=>inps:0
[37144:ctp-raw-decoder]: e cls=>inps:0
[37144:ctp-raw-decoder]: 0 cls=>inps:0
[37144:ctp-raw-decoder]: 1 cls=>inps:0
[37144:ctp-raw-decoder]: 2 cls=>inps:0
[37144:ctp-raw-decoder]: 6 cls=>inps:0
[37144:ctp-raw-decoder]: e cls=>inps:0
[37144:ctp-raw-decoder]: e cls=>inps:0
[37144:ctp-raw-decoder]: e cls=>inps:0
[37144:ctp-raw-decoder]: e cls=>inps:0
[37144:ctp-raw-decoder]: e cls=>inps:0
[37144:ctp-raw-decoder]: e cls=>inps:0
[37144:ctp-raw-decoder]: e cls=>inps:0
[37144:ctp-raw-decoder]: e cls=>inps:0
[37144:ctp-raw-decoder]: e cls=>inps:0
[37144:ctp-raw-decoder]: e cls=>inps:0
[37144:ctp-raw-decoder]: e cls=>inps:0
[37144:ctp-raw-decoder]: e cls=>inps:0
[37144:ctp-raw-decoder]: e cls=>inps:0
[37144:ctp-raw-decoder]: e cls=>inps:0
[37144:ctp-raw-decoder]: e cls=>inps:0
[37144:ctp-raw-decoder]: e cls=>inps:0
[37144:ctp-raw-decoder]: e cls=>inps:0
[37144:ctp-raw-decoder]: e cls=>inps:0
[37144:ctp-raw-decoder]: e cls=>inps:0
[37144:ctp-raw-decoder]: e cls=>inps:0
[37144:ctp-raw-decoder]: e cls=>inps:0
[37144:ctp-raw-decoder]: e cls=>inps:0
[37144:ctp-raw-decoder]: e cls=>inps:0
[37144:ctp-raw-decoder]: a cls=>inps:0
[37144:ctp-raw-decoder]: e cls=>inps:0
[37144:ctp-raw-decoder]: e cls=>inps:0
[37144:ctp-raw-decoder]: e cls=>inps:0
[37144:ctp-raw-decoder]: e cls=>inps:0
[37144:ctp-raw-decoder]: a cls=>inps:0
[37144:ctp-raw-decoder]: e cls=>inps:0
[37144:ctp-raw-decoder]: e cls=>inps:0
[37144:ctp-raw-decoder]: e cls=>inps:0
[37144:ctp-raw-decoder]: e cls=>inps:0
[37144:ctp-raw-decoder]: e cls=>inps:0
[37144:ctp-raw-decoder]: e cls=>inps:0
[37144:ctp-raw-decoder]: e cls=>inps:0
[37144:ctp-raw-decoder]: e cls=>inps:0
[37144:ctp-raw-decoder]: e cls=>inps:0
[37144:ctp-raw-decoder]: e cls=>inps:0
[37144:ctp-raw-decoder]: e cls=>inps:0
[37144:ctp-raw-decoder]: e cls=>inps:0
[37144:ctp-raw-decoder]: e cls=>inps:0
[37144:ctp-raw-decoder]: e cls=>inps:0
[37144:ctp-raw-decoder]: e cls=>inps:0
[37144:ctp-raw-decoder]: e cls=>inps:0
[37144:ctp-raw-decoder]: e cls=>inps:0
[37144:ctp-raw-decoder]: e cls=>inps:0
[37144:ctp-raw-decoder]: e cls=>inps:0
[37144:ctp-raw-decoder]: e cls=>inps:0
[37144:ctp-raw-decoder]: e cls=>inps:0
[37144:ctp-raw-decoder]: e cls=>inps:0
[37144:ctp-raw-decoder]: e cls=>inps:0
[37144:ctp-raw-decoder]: e cls=>inps:0
[37144:ctp-raw-decoder]: e cls=>inps:0
[37144:ctp-raw-decoder]: e cls=>inps:0
[37144:ctp-raw-decoder]: e cls=>inps:0
[37144:ctp-raw-decoder]: e cls=>inps:0
[37144:ctp-raw-decoder]: e cls=>inps:0
[37144:ctp-raw-decoder]: e cls=>inps:0
[37144:ctp-raw-decoder]: e cls=>inps:0
[37144:ctp-raw-decoder]: e cls=>inps:0
[37144:ctp-raw-decoder]: e cls=>inps:0
[37144:ctp-raw-decoder]: e cls=>inps:0
[37144:ctp-raw-decoder]: e cls=>inps:0
[37144:ctp-raw-decoder]: e cls=>inps:0
[37144:ctp-raw-decoder]: e cls=>inps:0
[37144:ctp-raw-decoder]: e cls=>inps:0
[37144:ctp-raw-decoder]: e cls=>inps:0
[37144:ctp-raw-decoder]: e cls=>inps:0
[37144:ctp-raw-decoder]: e cls=>inps:0
[37144:ctp-raw-decoder]: e cls=>inps:0
[37144:ctp-raw-decoder]: e cls=>inps:0
[37144:ctp-raw-decoder]: e cls=>inps:0
[37144:ctp-raw-decoder]: e cls=>inps:0
[37144:ctp-raw-decoder]: e cls=>inps:0
[37144:ctp-raw-decoder]: e cls=>inps:0
[37144:ctp-raw-decoder]: e cls=>inps:0
[37144:ctp-raw-decoder]: e cls=>inps:0
[37144:ctp-raw-decoder]: e cls=>inps:0
[37144:ctp-raw-decoder]: e cls=>inps:0
[37144:ctp-raw-decoder]: e cls=>inps:0
[37144:ctp-raw-decoder]: e cls=>inps:0
[37144:ctp-raw-decoder]: e cls=>inps:0
[37144:ctp-raw-decoder]: e cls=>inps:0
[37144:ctp-raw-decoder]: e cls=>inps:0
[37144:ctp-raw-decoder]: e cls=>inps:0
[37144:ctp-raw-decoder]: e cls=>inps:0
[37144:ctp-raw-decoder]: e cls=>inps:0
[37144:ctp-raw-decoder]: e cls=>inps:0
[37144:ctp-raw-decoder]: e cls=>inps:0
[37144:ctp-raw-decoder]: e cls=>inps:0
[37144:ctp-raw-decoder]: e cls=>inps:0
[37144:ctp-raw-decoder]: e cls=>inps:0
[37144:ctp-raw-decoder]: e cls=>inps:0
[37144:ctp-raw-decoder]: e cls=>inps:0
[37144:ctp-raw-decoder]: e cls=>inps:0
[37144:ctp-raw-decoder]: e cls=>inps:0
[37144:ctp-raw-decoder]: e cls=>inps:0
[37144:ctp-raw-decoder]: e cls=>inps:0
[37144:ctp-raw-decoder]: e cls=>inps:0
[37144:ctp-raw-decoder]: e cls=>inps:0
[37144:ctp-raw-decoder]: e cls=>inps:0
[37144:ctp-raw-decoder]: e cls=>inps:0
[37144:ctp-raw-decoder]: e cls=>inps:0
[37144:ctp-raw-decoder]: e cls=>inps:0
[37144:ctp-raw-decoder]: e cls=>inps:0
[37144:ctp-raw-decoder]: e cls=>inps:0
[37144:ctp-raw-decoder]: e cls=>inps:0
[37144:ctp-raw-decoder]: e cls=>inps:0
[37144:ctp-raw-decoder]: e cls=>inps:0
[37144:ctp-raw-decoder]: e cls=>inps:0
[37144:ctp-raw-decoder]: e cls=>inps:0
[37144:ctp-raw-decoder]: e cls=>inps:0
[37144:ctp-raw-decoder]: e cls=>inps:0
[37144:ctp-raw-decoder]: e cls=>inps:0
[37144:ctp-raw-decoder]: e cls=>inps:0
[37144:ctp-raw-decoder]: e cls=>inps:0
[37144:ctp-raw-decoder]: e cls=>inps:0
[37144:ctp-raw-decoder]: e cls=>inps:0
[37144:ctp-raw-decoder]: e cls=>inps:0
[37144:ctp-raw-decoder]: e cls=>inps:0
[37144:ctp-raw-decoder]: e cls=>inps:0
[37144:ctp-raw-decoder]: e cls=>inps:0
[37144:ctp-raw-decoder]: e cls=>inps:0
[37144:ctp-raw-decoder]: e cls=>inps:0
[37144:ctp-raw-decoder]: a cls=>inps:0
[37144:ctp-raw-decoder]: e cls=>inps:0
[37144:ctp-raw-decoder]: e cls=>inps:0
[37144:ctp-raw-decoder]: e cls=>inps:0
[37144:ctp-raw-decoder]: e cls=>inps:0
[37144:ctp-raw-decoder]: e cls=>inps:0
[37144:ctp-raw-decoder]: e cls=>inps:0
[37144:ctp-raw-decoder]: e cls=>inps:0
[37144:ctp-raw-decoder]: e cls=>inps:0
[37144:ctp-raw-decoder]: e cls=>inps:0
[37144:ctp-raw-decoder]: e cls=>inps:0
[37144:ctp-raw-decoder]: e cls=>inps:0
[37144:ctp-raw-decoder]: e cls=>inps:0
[37144:ctp-raw-decoder]: e cls=>inps:0
[37144:ctp-raw-decoder]: e cls=>inps:0
[37144:ctp-raw-decoder]: e cls=>inps:0
[37144:ctp-raw-decoder]: e cls=>inps:0
[37144:ctp-raw-decoder]: 0 cls=>inps:0
[37144:ctp-raw-decoder]: 1 cls=>inps:0
[37144:ctp-raw-decoder]: 2 cls=>inps:0
[37144:ctp-raw-decoder]: 6 cls=>inps:0
[37144:ctp-raw-decoder]: e cls=>inps:0
[37144:ctp-raw-decoder]: e cls=>inps:0
[37144:ctp-raw-decoder]: e cls=>inps:0
[37144:ctp-raw-decoder]: e cls=>inps:0
[37144:ctp-raw-decoder]: a cls=>inps:0
[37144:ctp-raw-decoder]: e cls=>inps:0
[37144:ctp-raw-decoder]: e cls=>inps:0
[37144:ctp-raw-decoder]: e cls=>inps:0
[37144:ctp-raw-decoder]: e cls=>inps:0
[37144:ctp-raw-decoder]: e cls=>inps:0
[37144:ctp-raw-decoder]: e cls=>inps:0
[37144:ctp-raw-decoder]: e cls=>inps:0
[37144:ctp-raw-decoder]: e cls=>inps:0
[37144:ctp-raw-decoder]: e cls=>inps:0
[37144:ctp-raw-decoder]: e cls=>inps:0
[37144:ctp-raw-decoder]: e cls=>inps:0
[37144:ctp-raw-decoder]: e cls=>inps:0
[37144:ctp-raw-decoder]: e cls=>inps:0
[37144:ctp-raw-decoder]: e cls=>inps:0
[37144:ctp-raw-decoder]: e cls=>inps:0
[37144:ctp-raw-decoder]: 0 cls=>inps:0
[37144:ctp-raw-decoder]: 1 cls=>inps:0
[37144:ctp-raw-decoder]: 2 cls=>inps:0
[37144:ctp-raw-decoder]: 6 cls=>inps:0
[37144:ctp-raw-decoder]: e cls=>inps:0
[37144:ctp-raw-decoder]: e cls=>inps:0
[37144:ctp-raw-decoder]: e cls=>inps:0
[37144:ctp-raw-decoder]: e cls=>inps:0
[37144:ctp-raw-decoder]: e cls=>inps:0
[37144:ctp-raw-decoder]: e cls=>inps:0
[37144:ctp-raw-decoder]: e cls=>inps:0
[37144:ctp-raw-decoder]: e cls=>inps:0
[37144:ctp-raw-decoder]: e cls=>inps:0
[37144:ctp-raw-decoder]: e cls=>inps:0
[37144:ctp-raw-decoder]: e cls=>inps:0
[37144:ctp-raw-decoder]: e cls=>inps:0
[37144:ctp-raw-decoder]: e cls=>inps:0
[37144:ctp-raw-decoder]: e cls=>inps:0
[37144:ctp-raw-decoder]: e cls=>inps:0
[37144:ctp-raw-decoder]: e cls=>inps:0
[37144:ctp-raw-decoder]: e cls=>inps:0
[37144:ctp-raw-decoder]: e cls=>inps:0
[37144:ctp-raw-decoder]: e cls=>inps:0
[37144:ctp-raw-decoder]: e cls=>inps:0
[37144:ctp-raw-decoder]: e cls=>inps:0
[37144:ctp-raw-decoder]: e cls=>inps:0
[37144:ctp-raw-decoder]: e cls=>inps:0
[37144:ctp-raw-decoder]: e cls=>inps:0
[37144:ctp-raw-decoder]: e cls=>inps:0
[37144:ctp-raw-decoder]: e cls=>inps:0
[37144:ctp-raw-decoder]: e cls=>inps:0
[37144:ctp-raw-decoder]: e cls=>inps:0
[37144:ctp-raw-decoder]: e cls=>inps:0
[37144:ctp-raw-decoder]: e cls=>inps:0
[37144:ctp-raw-decoder]: e cls=>inps:0
[37144:ctp-raw-decoder]: e cls=>inps:0
[37144:ctp-raw-decoder]: e cls=>inps:0
[37144:ctp-raw-decoder]: e cls=>inps:0
[37144:ctp-raw-decoder]: e cls=>inps:0
[37144:ctp-raw-decoder]: e cls=>inps:0
[37144:ctp-raw-decoder]: e cls=>inps:0
[37144:ctp-raw-decoder]: e cls=>inps:0
[37144:ctp-raw-decoder]: e cls=>inps:0
[37144:ctp-raw-decoder]: e cls=>inps:0
[37144:ctp-raw-decoder]: e cls=>inps:0
[37144:ctp-raw-decoder]: e cls=>inps:0
[37144:ctp-raw-decoder]: e cls=>inps:0
[37144:ctp-raw-decoder]: e cls=>inps:0
[37144:ctp-raw-decoder]: e cls=>inps:0
[37144:ctp-raw-decoder]: e cls=>inps:0
[37144:ctp-raw-decoder]: e cls=>inps:0
[37144:ctp-raw-decoder]: e cls=>inps:0
[37144:ctp-raw-decoder]: e cls=>inps:0
[37144:ctp-raw-decoder]: e cls=>inps:0
[37144:ctp-raw-decoder]: e cls=>inps:0
[37144:ctp-raw-decoder]: e cls=>inps:0
[37144:ctp-raw-decoder]: e cls=>inps:0
[37144:ctp-raw-decoder]: e cls=>inps:0
[37144:ctp-raw-decoder]: e cls=>inps:0
[37144:ctp-raw-decoder]: e cls=>inps:0
[37144:ctp-raw-decoder]: e cls=>inps:0
[37144:ctp-raw-decoder]: e cls=>inps:0
[37144:ctp-raw-decoder]: e cls=>inps:0
[37144:ctp-raw-decoder]: e cls=>inps:0
[37144:ctp-raw-decoder]: e cls=>inps:0
[37144:ctp-raw-decoder]: e cls=>inps:0
[37144:ctp-raw-decoder]: e cls=>inps:0
[37144:ctp-raw-decoder]: e cls=>inps:0
[37144:ctp-raw-decoder]: e cls=>inps:0
[37144:ctp-raw-decoder]: e cls=>inps:0
[37144:ctp-raw-decoder]: e cls=>inps:0
[37144:ctp-raw-decoder]: e cls=>inps:0
[37144:ctp-raw-decoder]: e cls=>inps:0
[37144:ctp-raw-decoder]: e cls=>inps:0
[37144:ctp-raw-decoder]: e cls=>inps:0
[37144:ctp-raw-decoder]: e cls=>inps:0
[37144:ctp-raw-decoder]: e cls=>inps:0
[37144:ctp-raw-decoder]: e cls=>inps:0
[37144:ctp-raw-decoder]: e cls=>inps:0
[37144:ctp-raw-decoder]: e cls=>inps:0
[37144:ctp-raw-decoder]: e cls=>inps:0
[37144:ctp-raw-decoder]: e cls=>inps:0
[37144:ctp-raw-decoder]: e cls=>inps:0
[37144:ctp-raw-decoder]: e cls=>inps:0
[37144:ctp-raw-decoder]: e cls=>inps:0
[37144:ctp-raw-decoder]: e cls=>inps:0
[37144:ctp-raw-decoder]: e cls=>inps:0
[37144:ctp-raw-decoder]: e cls=>inps:0
[37144:ctp-raw-decoder]: e cls=>inps:0
[37144:ctp-raw-decoder]: e cls=>inps:0
[37144:ctp-raw-decoder]: e cls=>inps:0
[37144:ctp-raw-decoder]: e cls=>inps:0
[37144:ctp-raw-decoder]: e cls=>inps:0
[37144:ctp-raw-decoder]: e cls=>inps:0
[37144:ctp-raw-decoder]: e cls=>inps:0
[37144:ctp-raw-decoder]: e cls=>inps:0
[37144:ctp-raw-decoder]: e cls=>inps:0
[37144:ctp-raw-decoder]: e cls=>inps:0
[37144:ctp-raw-decoder]: e cls=>inps:0
[37144:ctp-raw-decoder]: e cls=>inps:0
[37144:ctp-raw-decoder]: e cls=>inps:0
[37144:ctp-raw-decoder]: e cls=>inps:0
[37144:ctp-raw-decoder]: e cls=>inps:0
[37144:ctp-raw-decoder]: e cls=>inps:0
[37144:ctp-raw-decoder]: e cls=>inps:0
[37144:ctp-raw-decoder]: e cls=>inps:0
[37144:ctp-raw-decoder]: e cls=>inps:0
[37144:ctp-raw-decoder]: e cls=>inps:0
[37144:ctp-raw-decoder]: e cls=>inps:0
[37144:ctp-raw-decoder]: e cls=>inps:0
[37144:ctp-raw-decoder]: e cls=>inps:0
[37144:ctp-raw-decoder]: e cls=>inps:0
[37144:ctp-raw-decoder]: e cls=>inps:0
[37144:ctp-raw-decoder]: e cls=>inps:0
[37144:ctp-raw-decoder]: e cls=>inps:0
[37144:ctp-raw-decoder]: e cls=>inps:0
[37144:ctp-raw-decoder]: e cls=>inps:0
[37144:ctp-raw-decoder]: 0 cls=>inps:0
[37144:ctp-raw-decoder]: 1 cls=>inps:0
[37144:ctp-raw-decoder]: 2 cls=>inps:0
[37144:ctp-raw-decoder]: 6 cls=>inps:0
[37144:ctp-raw-decoder]: e cls=>inps:0
[37144:ctp-raw-decoder]: e cls=>inps:0
[37144:ctp-raw-decoder]: e cls=>inps:0
[37144:ctp-raw-decoder]: e cls=>inps:0
[37144:ctp-raw-decoder]: e cls=>inps:0
[37144:ctp-raw-decoder]: e cls=>inps:0
[37144:ctp-raw-decoder]: e cls=>inps:0
[37144:ctp-raw-decoder]: e cls=>inps:0
[37144:ctp-raw-decoder]: e cls=>inps:0
[37144:ctp-raw-decoder]: e cls=>inps:0
[37144:ctp-raw-decoder]: e cls=>inps:0
[37144:ctp-raw-decoder]: e cls=>inps:0
[37144:ctp-raw-decoder]: e cls=>inps:0
[37144:ctp-raw-decoder]: e cls=>inps:0
[37144:ctp-raw-decoder]: e cls=>inps:0
[37144:ctp-raw-decoder]: e cls=>inps:0
[37144:ctp-raw-decoder]: e cls=>inps:0
[37144:ctp-raw-decoder]: e cls=>inps:0
[37144:ctp-raw-decoder]: e cls=>inps:0
[37144:ctp-raw-decoder]: e cls=>inps:0
[37144:ctp-raw-decoder]: e cls=>inps:0
[37144:ctp-raw-decoder]: e cls=>inps:0
[37144:ctp-raw-decoder]: 0 cls=>inps:0
[37144:ctp-raw-decoder]: 1 cls=>inps:0
[37144:ctp-raw-decoder]: 2 cls=>inps:0
[37144:ctp-raw-decoder]: 6 cls=>inps:0
[37144:ctp-raw-decoder]: e cls=>inps:0
[37144:ctp-raw-decoder]: e cls=>inps:0
[37144:ctp-raw-decoder]: e cls=>inps:0
[37144:ctp-raw-decoder]: e cls=>inps:0
[37144:ctp-raw-decoder]: e cls=>inps:0
[37144:ctp-raw-decoder]: e cls=>inps:0
[37144:ctp-raw-decoder]: e cls=>inps:0
[37144:ctp-raw-decoder]: 0 cls=>inps:0
[37144:ctp-raw-decoder]: 1 cls=>inps:0
[37144:ctp-raw-decoder]: 2 cls=>inps:0
[37144:ctp-raw-decoder]: 6 cls=>inps:0
[37144:ctp-raw-decoder]: e cls=>inps:0
[37144:ctp-raw-decoder]: e cls=>inps:0
[37144:ctp-raw-decoder]: e cls=>inps:0
[37144:ctp-raw-decoder]: e cls=>inps:0
[37144:ctp-raw-decoder]: e cls=>inps:0
[37144:ctp-raw-decoder]: e cls=>inps:0
[37144:ctp-raw-decoder]: e cls=>inps:0
[37144:ctp-raw-decoder]: e cls=>inps:0
[37144:ctp-raw-decoder]: e cls=>inps:0
[37144:ctp-raw-decoder]: e cls=>inps:0
[37144:ctp-raw-decoder]: e cls=>inps:0
[37144:ctp-raw-decoder]: e cls=>inps:0
[37144:ctp-raw-decoder]: e cls=>inps:0
[37144:ctp-raw-decoder]: e cls=>inps:0
[37144:ctp-raw-decoder]: e cls=>inps:0
[37144:ctp-raw-decoder]: e cls=>inps:0
[37144:ctp-raw-decoder]: e cls=>inps:0
[37144:ctp-raw-decoder]: e cls=>inps:0
[37144:ctp-raw-decoder]: e cls=>inps:0
[37144:ctp-raw-decoder]: e cls=>inps:0
[37144:ctp-raw-decoder]: e cls=>inps:0
[37144:ctp-raw-decoder]: e cls=>inps:0
[37144:ctp-raw-decoder]: a cls=>inps:0
[37144:ctp-raw-decoder]: e cls=>inps:0
[37144:ctp-raw-decoder]: e cls=>inps:0
[37144:ctp-raw-decoder]: e cls=>inps:0
[37144:ctp-raw-decoder]: e cls=>inps:0
[37144:ctp-raw-decoder]: e cls=>inps:0
[37144:ctp-raw-decoder]: e cls=>inps:0
[37144:ctp-raw-decoder]: e cls=>inps:0
[37144:ctp-raw-decoder]: e cls=>inps:0
[37144:ctp-raw-decoder]: e cls=>inps:0
[37144:ctp-raw-decoder]: e cls=>inps:0
[37144:ctp-raw-decoder]: e cls=>inps:0
[37144:ctp-raw-decoder]: e cls=>inps:0
[37144:ctp-raw-decoder]: e cls=>inps:0
[37144:ctp-raw-decoder]: e cls=>inps:0
[37144:ctp-raw-decoder]: e cls=>inps:0
[37144:ctp-raw-decoder]: 0 cls=>inps:0
[37144:ctp-raw-decoder]: 1 cls=>inps:0
[37144:ctp-raw-decoder]: 2 cls=>inps:0
[37144:ctp-raw-decoder]: 6 cls=>inps:0
[37144:ctp-raw-decoder]: e cls=>inps:0
[37144:ctp-raw-decoder]: e cls=>inps:0
[37144:ctp-raw-decoder]: e cls=>inps:0
[37144:ctp-raw-decoder]: e cls=>inps:0
[37144:ctp-raw-decoder]: e cls=>inps:0
[37144:ctp-raw-decoder]: e cls=>inps:0
[37144:ctp-raw-decoder]: e cls=>inps:0
[37144:ctp-raw-decoder]: e cls=>inps:0
[37144:ctp-raw-decoder]: e cls=>inps:0
[37144:ctp-raw-decoder]: 0 cls=>inps:0
[37144:ctp-raw-decoder]: 1 cls=>inps:0
[37144:ctp-raw-decoder]: 2 cls=>inps:0
[37144:ctp-raw-decoder]: 6 cls=>inps:0
[37144:ctp-raw-decoder]: e cls=>inps:0
[37144:ctp-raw-decoder]: e cls=>inps:0
[37144:ctp-raw-decoder]: e cls=>inps:0
[37144:ctp-raw-decoder]: e cls=>inps:0
[37144:ctp-raw-decoder]: e cls=>inps:0
[37144:ctp-raw-decoder]: e cls=>inps:0
[37144:ctp-raw-decoder]: e cls=>inps:0
[37144:ctp-raw-decoder]: e cls=>inps:0
[37144:ctp-raw-decoder]: e cls=>inps:0
[37144:ctp-raw-decoder]: e cls=>inps:0
[37144:ctp-raw-decoder]: e cls=>inps:0
[37144:ctp-raw-decoder]: e cls=>inps:0
[37144:ctp-raw-decoder]: e cls=>inps:0
[37144:ctp-raw-decoder]: e cls=>inps:0
[37144:ctp-raw-decoder]: e cls=>inps:0
[37144:ctp-raw-decoder]: e cls=>inps:0
[37144:ctp-raw-decoder]: a cls=>inps:0
[37144:ctp-raw-decoder]: e cls=>inps:0
[37144:ctp-raw-decoder]: e cls=>inps:0
[37144:ctp-raw-decoder]: e cls=>inps:0
[37144:ctp-raw-decoder]: e cls=>inps:0
[37144:ctp-raw-decoder]: e cls=>inps:0
[37144:ctp-raw-decoder]: e cls=>inps:0
[37144:ctp-raw-decoder]: e cls=>inps:0
[37144:ctp-raw-decoder]: e cls=>inps:0
[37144:ctp-raw-decoder]: e cls=>inps:0
[37144:ctp-raw-decoder]: e cls=>inps:0
[37144:ctp-raw-decoder]: e cls=>inps:0
[37144:ctp-raw-decoder]: e cls=>inps:0
[37144:ctp-raw-decoder]: e cls=>inps:0
[37144:ctp-raw-decoder]: e cls=>inps:0
[37144:ctp-raw-decoder]: e cls=>inps:0
[37144:ctp-raw-decoder]: e cls=>inps:0
[37144:ctp-raw-decoder]: e cls=>inps:0
[37144:ctp-raw-decoder]: e cls=>inps:0
[37144:ctp-raw-decoder]: e cls=>inps:0
[37144:ctp-raw-decoder]: 0 cls=>inps:0
[37144:ctp-raw-decoder]: 1 cls=>inps:0
[37144:ctp-raw-decoder]: 2 cls=>inps:0
[37144:ctp-raw-decoder]: 6 cls=>inps:0
[37144:ctp-raw-decoder]: e cls=>inps:0
[37144:ctp-raw-decoder]: e cls=>inps:0
[37144:ctp-raw-decoder]: e cls=>inps:0
[37144:ctp-raw-decoder]: e cls=>inps:0
[37144:ctp-raw-decoder]: e cls=>inps:0
[37144:ctp-raw-decoder]: e cls=>inps:0
[37144:ctp-raw-decoder]: e cls=>inps:0
[37144:ctp-raw-decoder]: e cls=>inps:0
[37144:ctp-raw-decoder]: e cls=>inps:0
[37144:ctp-raw-decoder]: e cls=>inps:0
[37144:ctp-raw-decoder]: e cls=>inps:0
[37144:ctp-raw-decoder]: e cls=>inps:0
[37144:ctp-raw-decoder]: e cls=>inps:0
[37144:ctp-raw-decoder]: e cls=>inps:0
[37144:ctp-raw-decoder]: e cls=>inps:0
[37144:ctp-raw-decoder]: e cls=>inps:0
[37144:ctp-raw-decoder]: e cls=>inps:0
[37144:ctp-raw-decoder]: e cls=>inps:0
[37144:ctp-raw-decoder]: e cls=>inps:0
[37144:ctp-raw-decoder]: e cls=>inps:0
[37144:ctp-raw-decoder]: e cls=>inps:0
[37144:ctp-raw-decoder]: 0 cls=>inps:0
[37144:ctp-raw-decoder]: 1 cls=>inps:0
[37144:ctp-raw-decoder]: 2 cls=>inps:0
[37144:ctp-raw-decoder]: 6 cls=>inps:0
[37144:ctp-raw-decoder]: e cls=>inps:0
[37144:ctp-raw-decoder]: e cls=>inps:0
[37144:ctp-raw-decoder]: e cls=>inps:0
[37144:ctp-raw-decoder]: e cls=>inps:0
[37144:ctp-raw-decoder]: e cls=>inps:0
[37144:ctp-raw-decoder]: e cls=>inps:0
[37144:ctp-raw-decoder]: e cls=>inps:0
[37144:ctp-raw-decoder]: e cls=>inps:0
[37144:ctp-raw-decoder]: e cls=>inps:0
[37144:ctp-raw-decoder]: e cls=>inps:0
[37144:ctp-raw-decoder]: e cls=>inps:0
[37144:ctp-raw-decoder]: 0 cls=>inps:0
[37144:ctp-raw-decoder]: 1 cls=>inps:0
[37144:ctp-raw-decoder]: 2 cls=>inps:0
[37144:ctp-raw-decoder]: 6 cls=>inps:0
[37144:ctp-raw-decoder]: e cls=>inps:0
[37144:ctp-raw-decoder]: e cls=>inps:0
[37144:ctp-raw-decoder]: e cls=>inps:0
[37144:ctp-raw-decoder]: e cls=>inps:0
[37144:ctp-raw-decoder]: e cls=>inps:0
[37144:ctp-raw-decoder]: e cls=>inps:0
[37144:ctp-raw-decoder]: e cls=>inps:0
[37144:ctp-raw-decoder]: e cls=>inps:0
[37144:ctp-raw-decoder]: e cls=>inps:0
[37144:ctp-raw-decoder]: e cls=>inps:0
[37144:ctp-raw-decoder]: e cls=>inps:0
[37144:ctp-raw-decoder]: e cls=>inps:0
[37144:ctp-raw-decoder]: e cls=>inps:0
[37144:ctp-raw-decoder]: e cls=>inps:0
[37144:ctp-raw-decoder]: e cls=>inps:0
[37144:ctp-raw-decoder]: a cls=>inps:0
[37144:ctp-raw-decoder]: e cls=>inps:0
[37144:ctp-raw-decoder]: e cls=>inps:0
[37144:ctp-raw-decoder]: e cls=>inps:0
[37144:ctp-raw-decoder]: e cls=>inps:0
[37144:ctp-raw-decoder]: e cls=>inps:0
[37144:ctp-raw-decoder]: e cls=>inps:0
[37144:ctp-raw-decoder]: e cls=>inps:0
[37144:ctp-raw-decoder]: e cls=>inps:0
[37144:ctp-raw-decoder]: e cls=>inps:0
[37144:ctp-raw-decoder]: e cls=>inps:0
[37144:ctp-raw-decoder]: e cls=>inps:0
[37144:ctp-raw-decoder]: e cls=>inps:0
[37144:ctp-raw-decoder]: e cls=>inps:0
[37144:ctp-raw-decoder]: e cls=>inps:0
[37144:ctp-raw-decoder]: e cls=>inps:0
[37144:ctp-raw-decoder]: e cls=>inps:0
[37144:ctp-raw-decoder]: e cls=>inps:0
[37144:ctp-raw-decoder]: e cls=>inps:0
[37144:ctp-raw-decoder]: e cls=>inps:0
[37144:ctp-raw-decoder]: e cls=>inps:0
[37144:ctp-raw-decoder]: e cls=>inps:0
[37144:ctp-raw-decoder]: e cls=>inps:0
[37144:ctp-raw-decoder]: e cls=>inps:0
[37144:ctp-raw-decoder]: e cls=>inps:0
[37144:ctp-raw-decoder]: e cls=>inps:0
[37144:ctp-raw-decoder]: 0 cls=>inps:0
[37144:ctp-raw-decoder]: 1 cls=>inps:0
[37144:ctp-raw-decoder]: 2 cls=>inps:0
[37144:ctp-raw-decoder]: 6 cls=>inps:0
[37144:ctp-raw-decoder]: e cls=>inps:0
[37144:ctp-raw-decoder]: e cls=>inps:0
[37144:ctp-raw-decoder]: e cls=>inps:0
[37144:ctp-raw-decoder]: e cls=>inps:0
[37144:ctp-raw-decoder]: e cls=>inps:0
[37144:ctp-raw-decoder]: e cls=>inps:0
[37144:ctp-raw-decoder]: e cls=>inps:0
[37144:ctp-raw-decoder]: e cls=>inps:0
[37144:ctp-raw-decoder]: e cls=>inps:0
[37144:ctp-raw-decoder]: 0 cls=>inps:0
[37144:ctp-raw-decoder]: 1 cls=>inps:0
[37144:ctp-raw-decoder]: 2 cls=>inps:0
[37144:ctp-raw-decoder]: 6 cls=>inps:0
[37144:ctp-raw-decoder]: e cls=>inps:0
[37144:ctp-raw-decoder]: e cls=>inps:0
[37144:ctp-raw-decoder]: e cls=>inps:0
[37144:ctp-raw-decoder]: e cls=>inps:0
[37144:ctp-raw-decoder]: e cls=>inps:0
[37144:ctp-raw-decoder]: e cls=>inps:0
[37144:ctp-raw-decoder]: e cls=>inps:0
[37144:ctp-raw-decoder]: e cls=>inps:0
[37144:ctp-raw-decoder]: e cls=>inps:0
[37144:ctp-raw-decoder]: e cls=>inps:0
[37144:ctp-raw-decoder]: e cls=>inps:0
[37144:ctp-raw-decoder]: e cls=>inps:0
[37144:ctp-raw-decoder]: e cls=>inps:0
[37144:ctp-raw-decoder]: e cls=>inps:0
[37144:ctp-raw-decoder]: e cls=>inps:0
[37144:ctp-raw-decoder]: e cls=>inps:0
[37144:ctp-raw-decoder]: e cls=>inps:0
[37144:ctp-raw-decoder]: e cls=>inps:0
[37144:ctp-raw-decoder]: e cls=>inps:0
[37144:ctp-raw-decoder]: e cls=>inps:0
[37144:ctp-raw-decoder]: e cls=>inps:0
[37144:ctp-raw-decoder]: e cls=>inps:0
[37144:ctp-raw-decoder]: e cls=>inps:0
[37144:ctp-raw-decoder]: e cls=>inps:0
[37144:ctp-raw-decoder]: e cls=>inps:0
[37144:ctp-raw-decoder]: e cls=>inps:0
[37144:ctp-raw-decoder]: e cls=>inps:0
[37144:ctp-raw-decoder]: e cls=>inps:0
[37144:ctp-raw-decoder]: e cls=>inps:0
[37144:ctp-raw-decoder]: e cls=>inps:0
[37144:ctp-raw-decoder]: e cls=>inps:0
[37144:ctp-raw-decoder]: e cls=>inps:0
[37144:ctp-raw-decoder]: e cls=>inps:0
[37144:ctp-raw-decoder]: e cls=>inps:0
[37144:ctp-raw-decoder]: e cls=>inps:0
[37144:ctp-raw-decoder]: e cls=>inps:0
[37144:ctp-raw-decoder]: e cls=>inps:0
[37144:ctp-raw-decoder]: e cls=>inps:0
[37144:ctp-raw-decoder]: e cls=>inps:0
[37144:ctp-raw-decoder]: e cls=>inps:0
[37144:ctp-raw-decoder]: e cls=>inps:0
[37144:ctp-raw-decoder]: e cls=>inps:0
[37144:ctp-raw-decoder]: e cls=>inps:0
[37144:ctp-raw-decoder]: e cls=>inps:0
[37144:ctp-raw-decoder]: e cls=>inps:0
[37144:ctp-raw-decoder]: e cls=>inps:0
[37144:ctp-raw-decoder]: e cls=>inps:0
[37144:ctp-raw-decoder]: e cls=>inps:0
[37144:ctp-raw-decoder]: e cls=>inps:0
[37144:ctp-raw-decoder]: e cls=>inps:0
[37144:ctp-raw-decoder]: e cls=>inps:0
[37144:ctp-raw-decoder]: e cls=>inps:0
[37144:ctp-raw-decoder]: a cls=>inps:0
[37144:ctp-raw-decoder]: e cls=>inps:0
[37144:ctp-raw-decoder]: e cls=>inps:0
[37144:ctp-raw-decoder]: e cls=>inps:0
[37144:ctp-raw-decoder]: e cls=>inps:0
[37144:ctp-raw-decoder]: e cls=>inps:0
[37144:ctp-raw-decoder]: e cls=>inps:0
[37144:ctp-raw-decoder]: e cls=>inps:0
[37144:ctp-raw-decoder]: e cls=>inps:0
[37144:ctp-raw-decoder]: e cls=>inps:0
[37144:ctp-raw-decoder]: e cls=>inps:0
[37144:ctp-raw-decoder]: e cls=>inps:0
[37144:ctp-raw-decoder]: e cls=>inps:0
[37144:ctp-raw-decoder]: e cls=>inps:0
[37144:ctp-raw-decoder]: e cls=>inps:0
[37144:ctp-raw-decoder]: e cls=>inps:0
[37144:ctp-raw-decoder]: e cls=>inps:0
[37144:ctp-raw-decoder]: e cls=>inps:0
[37144:ctp-raw-decoder]: e cls=>inps:0
[37144:ctp-raw-decoder]: e cls=>inps:0
[37144:ctp-raw-decoder]: e cls=>inps:0
[37144:ctp-raw-decoder]: e cls=>inps:0
[37144:ctp-raw-decoder]: e cls=>inps:0
[37144:ctp-raw-decoder]: e cls=>inps:0
[37144:ctp-raw-decoder]: e cls=>inps:0
[37144:ctp-raw-decoder]: e cls=>inps:0
[37144:ctp-raw-decoder]: e cls=>inps:0
[37144:ctp-raw-decoder]: e cls=>inps:0
[37144:ctp-raw-decoder]: e cls=>inps:0
[37144:ctp-raw-decoder]: e cls=>inps:0
[37144:ctp-raw-decoder]: e cls=>inps:0
[37144:ctp-raw-decoder]: e cls=>inps:0
[37144:ctp-raw-decoder]: e cls=>inps:0
[37144:ctp-raw-decoder]: e cls=>inps:0
[37144:ctp-raw-decoder]: e cls=>inps:0
[37144:ctp-raw-decoder]: e cls=>inps:0
[37144:ctp-raw-decoder]: e cls=>inps:0
[37144:ctp-raw-decoder]: e cls=>inps:0
[37144:ctp-raw-decoder]: e cls=>inps:0
[37144:ctp-raw-decoder]: e cls=>inps:0
[37144:ctp-raw-decoder]: a cls=>inps:0
[37144:ctp-raw-decoder]: e cls=>inps:0
[37144:ctp-raw-decoder]: e cls=>inps:0
[37144:ctp-raw-decoder]: e cls=>inps:0
[37144:ctp-raw-decoder]: e cls=>inps:0
[37144:ctp-raw-decoder]: e cls=>inps:0
[37144:ctp-raw-decoder]: e cls=>inps:0
[37144:ctp-raw-decoder]: e cls=>inps:0
[37144:ctp-raw-decoder]: e cls=>inps:0
[37144:ctp-raw-decoder]: e cls=>inps:0
[37144:ctp-raw-decoder]: e cls=>inps:0
[37144:ctp-raw-decoder]: e cls=>inps:0
[37144:ctp-raw-decoder]: e cls=>inps:0
[37144:ctp-raw-decoder]: e cls=>inps:0
[37144:ctp-raw-decoder]: e cls=>inps:0
[37144:ctp-raw-decoder]: e cls=>inps:0
[37144:ctp-raw-decoder]: e cls=>inps:0
[37144:ctp-raw-decoder]: [18:22:26][INFO] [CTPRawToDigitConverter - run] Writing 6739 digits. IR rejected:0 TCR rejected:8
[37145:ctp-digit-writer]: [18:22:26][INFO] CTPDigitWriter pulled 6739 digits
[37144:ctp-raw-decoder]: tforbit==================>93b6fc0 93b6fc0
[37144:ctp-raw-decoder]: tforbit==================>93b6fc0 93b6fc0
[37144:ctp-raw-decoder]: [18:22:26][INFO] LOST:BCid:    4 Orbit: 154890176 shift:296
[37144:ctp-raw-decoder]: [18:22:26][INFO] LOST:BCid:   12 Orbit: 154890176 shift:296
[37144:ctp-raw-decoder]: [18:22:26][INFO] LOST:BCid:   84 Orbit: 154890176 shift:296
[37144:ctp-raw-decoder]: [18:22:26][INFO] LOST:BCid:  276 Orbit: 154890176 shift:296
[37144:ctp-raw-decoder]: [18:22:26][INFO] Checking readout
[37144:ctp-raw-decoder]: e cls=>inps:0
[37144:ctp-raw-decoder]: e cls=>inps:0
[37144:ctp-raw-decoder]: e cls=>inps:0
[37144:ctp-raw-decoder]: e cls=>inps:0
[37144:ctp-raw-decoder]: e cls=>inps:0
[37144:ctp-raw-decoder]: e cls=>inps:0
[37144:ctp-raw-decoder]: e cls=>inps:0
[37144:ctp-raw-decoder]: e cls=>inps:0
[37144:ctp-raw-decoder]: e cls=>inps:0
[37144:ctp-raw-decoder]: e cls=>inps:0
[37144:ctp-raw-decoder]: e cls=>inps:0
[37144:ctp-raw-decoder]: e cls=>inps:0
[37144:ctp-raw-decoder]: e cls=>inps:0
[37144:ctp-raw-decoder]: e cls=>inps:0
[37144:ctp-raw-decoder]: e cls=>inps:0
[37144:ctp-raw-decoder]: e cls=>inps:0
[37144:ctp-raw-decoder]: e cls=>inps:0
[37144:ctp-raw-decoder]: e cls=>inps:0
[37144:ctp-raw-decoder]: e cls=>inps:0
[37144:ctp-raw-decoder]: 0 cls=>inps:0
[37144:ctp-raw-decoder]: 1 cls=>inps:0
[37144:ctp-raw-decoder]: 2 cls=>inps:0
[37144:ctp-raw-decoder]: 6 cls=>inps:0
[37144:ctp-raw-decoder]: e cls=>inps:0
[37144:ctp-raw-decoder]: e cls=>inps:0
[37144:ctp-raw-decoder]: e cls=>inps:0
[37144:ctp-raw-decoder]: e cls=>inps:0
[37144:ctp-raw-decoder]: 0 cls=>inps:0
[37144:ctp-raw-decoder]: 1 cls=>inps:0
[37144:ctp-raw-decoder]: 2 cls=>inps:0
[37144:ctp-raw-decoder]: 6 cls=>inps:0
[37144:ctp-raw-decoder]: e cls=>inps:0
[37144:ctp-raw-decoder]: e cls=>inps:0
[37144:ctp-raw-decoder]: e cls=>inps:0
[37144:ctp-raw-decoder]: e cls=>inps:0
[37144:ctp-raw-decoder]: e cls=>inps:0
[37144:ctp-raw-decoder]: e cls=>inps:0
[37144:ctp-raw-decoder]: e cls=>inps:0
[37144:ctp-raw-decoder]: e cls=>inps:0
[37144:ctp-raw-decoder]: e cls=>inps:0
[37144:ctp-raw-decoder]: e cls=>inps:0
[37144:ctp-raw-decoder]: e cls=>inps:0
[37144:ctp-raw-decoder]: e cls=>inps:0
[37144:ctp-raw-decoder]: e cls=>inps:0
[37144:ctp-raw-decoder]: e cls=>inps:0
[37144:ctp-raw-decoder]: a cls=>inps:0
[37144:ctp-raw-decoder]: e cls=>inps:0
[37144:ctp-raw-decoder]: e cls=>inps:0
[37144:ctp-raw-decoder]: e cls=>inps:0
[37144:ctp-raw-decoder]: e cls=>inps:0
[37144:ctp-raw-decoder]: e cls=>inps:0
[37144:ctp-raw-decoder]: e cls=>inps:0
[37144:ctp-raw-decoder]: e cls=>inps:0
[37144:ctp-raw-decoder]: e cls=>inps:0
[37144:ctp-raw-decoder]: e cls=>inps:0
[37144:ctp-raw-decoder]: e cls=>inps:0
[37144:ctp-raw-decoder]: e cls=>inps:0
[37144:ctp-raw-decoder]: e cls=>inps:0
[37144:ctp-raw-decoder]: e cls=>inps:0
[37144:ctp-raw-decoder]: e cls=>inps:0
[37144:ctp-raw-decoder]: e cls=>inps:0
[37144:ctp-raw-decoder]: e cls=>inps:0
[37144:ctp-raw-decoder]: e cls=>inps:0
[37144:ctp-raw-decoder]: e cls=>inps:0
[37144:ctp-raw-decoder]: e cls=>inps:0
[37144:ctp-raw-decoder]: e cls=>inps:0
[37144:ctp-raw-decoder]: e cls=>inps:0
[37144:ctp-raw-decoder]: e cls=>inps:0
[37144:ctp-raw-decoder]: e cls=>inps:0
[37144:ctp-raw-decoder]: e cls=>inps:0
[37144:ctp-raw-decoder]: e cls=>inps:0
[37144:ctp-raw-decoder]: e cls=>inps:0
[37144:ctp-raw-decoder]: e cls=>inps:0
[37144:ctp-raw-decoder]: e cls=>inps:0
[37144:ctp-raw-decoder]: e cls=>inps:0
[37144:ctp-raw-decoder]: e cls=>inps:0
[37144:ctp-raw-decoder]: e cls=>inps:0
[37144:ctp-raw-decoder]: e cls=>inps:0
[37144:ctp-raw-decoder]: e cls=>inps:0
[37144:ctp-raw-decoder]: e cls=>inps:0
[37144:ctp-raw-decoder]: e cls=>inps:0
[37144:ctp-raw-decoder]: e cls=>inps:0
[37144:ctp-raw-decoder]: e cls=>inps:0
[37144:ctp-raw-decoder]: e cls=>inps:0
[37144:ctp-raw-decoder]: e cls=>inps:0
[37144:ctp-raw-decoder]: e cls=>inps:0
[37144:ctp-raw-decoder]: e cls=>inps:0
[37144:ctp-raw-decoder]: e cls=>inps:0
[37144:ctp-raw-decoder]: e cls=>inps:0
[37144:ctp-raw-decoder]: e cls=>inps:0
[37144:ctp-raw-decoder]: e cls=>inps:0
[37144:ctp-raw-decoder]: e cls=>inps:0
[37144:ctp-raw-decoder]: e cls=>inps:0
[37144:ctp-raw-decoder]: e cls=>inps:0
[37144:ctp-raw-decoder]: e cls=>inps:0
[37144:ctp-raw-decoder]: e cls=>inps:0
[37144:ctp-raw-decoder]: e cls=>inps:0
[37144:ctp-raw-decoder]: e cls=>inps:0
[37144:ctp-raw-decoder]: e cls=>inps:0
[37144:ctp-raw-decoder]: e cls=>inps:0
[37144:ctp-raw-decoder]: e cls=>inps:0
[37144:ctp-raw-decoder]: e cls=>inps:0
[37144:ctp-raw-decoder]: e cls=>inps:0
[37144:ctp-raw-decoder]: e cls=>inps:0
[37144:ctp-raw-decoder]: e cls=>inps:0
[37144:ctp-raw-decoder]: e cls=>inps:0
[37144:ctp-raw-decoder]: e cls=>inps:0
[37144:ctp-raw-decoder]: e cls=>inps:0
[37144:ctp-raw-decoder]: e cls=>inps:0
[37144:ctp-raw-decoder]: e cls=>inps:0
[37144:ctp-raw-decoder]: e cls=>inps:0
[37144:ctp-raw-decoder]: e cls=>inps:0
[37144:ctp-raw-decoder]: e cls=>inps:0
[37144:ctp-raw-decoder]: e cls=>inps:0
[37144:ctp-raw-decoder]: e cls=>inps:0
[37144:ctp-raw-decoder]: e cls=>inps:0
[37144:ctp-raw-decoder]: e cls=>inps:0
[37144:ctp-raw-decoder]: e cls=>inps:0
[37144:ctp-raw-decoder]: e cls=>inps:0
[37144:ctp-raw-decoder]: e cls=>inps:0
[37144:ctp-raw-decoder]: e cls=>inps:0
[37144:ctp-raw-decoder]: e cls=>inps:0
[37144:ctp-raw-decoder]: e cls=>inps:0
[37144:ctp-raw-decoder]: e cls=>inps:0
[37144:ctp-raw-decoder]: e cls=>inps:0
[37144:ctp-raw-decoder]: e cls=>inps:0
[37144:ctp-raw-decoder]: e cls=>inps:0
[37144:ctp-raw-decoder]: e cls=>inps:0
[37144:ctp-raw-decoder]: e cls=>inps:0
[37144:ctp-raw-decoder]: a cls=>inps:0
[37144:ctp-raw-decoder]: e cls=>inps:0
[37144:ctp-raw-decoder]: e cls=>inps:0
[37144:ctp-raw-decoder]: e cls=>inps:0
[37144:ctp-raw-decoder]: 0 cls=>inps:0
[37144:ctp-raw-decoder]: 1 cls=>inps:0
[37144:ctp-raw-decoder]: 2 cls=>inps:0
[37144:ctp-raw-decoder]: 6 cls=>inps:0
[37144:ctp-raw-decoder]: e cls=>inps:0
[37144:ctp-raw-decoder]: e cls=>inps:0
[37144:ctp-raw-decoder]: e cls=>inps:0
[37144:ctp-raw-decoder]: e cls=>inps:0
[37144:ctp-raw-decoder]: e cls=>inps:0
[37144:ctp-raw-decoder]: e cls=>inps:0
[37144:ctp-raw-decoder]: e cls=>inps:0
[37144:ctp-raw-decoder]: e cls=>inps:0
[37144:ctp-raw-decoder]: e cls=>inps:0
[37144:ctp-raw-decoder]: e cls=>inps:0
[37144:ctp-raw-decoder]: e cls=>inps:0
[37144:ctp-raw-decoder]: e cls=>inps:0
[37144:ctp-raw-decoder]: e cls=>inps:0
[37144:ctp-raw-decoder]: e cls=>inps:0
[37144:ctp-raw-decoder]: e cls=>inps:0
[37144:ctp-raw-decoder]: e cls=>inps:0
[37144:ctp-raw-decoder]: e cls=>inps:0
[37144:ctp-raw-decoder]: e cls=>inps:0
[37144:ctp-raw-decoder]: e cls=>inps:0
[37144:ctp-raw-decoder]: e cls=>inps:0
[37144:ctp-raw-decoder]: e cls=>inps:0
[37144:ctp-raw-decoder]: e cls=>inps:0
[37144:ctp-raw-decoder]: e cls=>inps:0
[37144:ctp-raw-decoder]: e cls=>inps:0
[37144:ctp-raw-decoder]: e cls=>inps:0
[37144:ctp-raw-decoder]: e cls=>inps:0
[37144:ctp-raw-decoder]: e cls=>inps:0
[37144:ctp-raw-decoder]: e cls=>inps:0
[37144:ctp-raw-decoder]: e cls=>inps:0
[37144:ctp-raw-decoder]: e cls=>inps:0
[37144:ctp-raw-decoder]: e cls=>inps:0
[37144:ctp-raw-decoder]: e cls=>inps:0
[37144:ctp-raw-decoder]: e cls=>inps:0
[37144:ctp-raw-decoder]: e cls=>inps:0
[37144:ctp-raw-decoder]: e cls=>inps:0
[37144:ctp-raw-decoder]: e cls=>inps:0
[37144:ctp-raw-decoder]: e cls=>inps:0
[37144:ctp-raw-decoder]: e cls=>inps:0
[37144:ctp-raw-decoder]: e cls=>inps:0
[37144:ctp-raw-decoder]: e cls=>inps:0
[37144:ctp-raw-decoder]: e cls=>inps:0
[37144:ctp-raw-decoder]: e cls=>inps:0
[37144:ctp-raw-decoder]: e cls=>inps:0
[37144:ctp-raw-decoder]: 0 cls=>inps:0
[37144:ctp-raw-decoder]: 2 cls=>inps:0
[37144:ctp-raw-decoder]: e cls=>inps:0
[37144:ctp-raw-decoder]: e cls=>inps:0
[37144:ctp-raw-decoder]: e cls=>inps:0
[37144:ctp-raw-decoder]: e cls=>inps:0
[37144:ctp-raw-decoder]: e cls=>inps:0
[37144:ctp-raw-decoder]: e cls=>inps:0
[37144:ctp-raw-decoder]: e cls=>inps:0
[37144:ctp-raw-decoder]: e cls=>inps:0
[37144:ctp-raw-decoder]: e cls=>inps:0
[37144:ctp-raw-decoder]: e cls=>inps:0
[37144:ctp-raw-decoder]: e cls=>inps:0
[37144:ctp-raw-decoder]: e cls=>inps:0
[37144:ctp-raw-decoder]: e cls=>inps:0
[37144:ctp-raw-decoder]: e cls=>inps:0
[37144:ctp-raw-decoder]: e cls=>inps:0
[37144:ctp-raw-decoder]: e cls=>inps:0
[37144:ctp-raw-decoder]: e cls=>inps:0
[37144:ctp-raw-decoder]: e cls=>inps:0
[37144:ctp-raw-decoder]: e cls=>inps:0
[37144:ctp-raw-decoder]: e cls=>inps:0
[37144:ctp-raw-decoder]: e cls=>inps:0
[37144:ctp-raw-decoder]: e cls=>inps:0
[37144:ctp-raw-decoder]: e cls=>inps:0
[37144:ctp-raw-decoder]: e cls=>inps:0
[37144:ctp-raw-decoder]: e cls=>inps:0
[37144:ctp-raw-decoder]: a cls=>inps:0
[37144:ctp-raw-decoder]: e cls=>inps:0
[37144:ctp-raw-decoder]: e cls=>inps:0
[37144:ctp-raw-decoder]: e cls=>inps:0
[37144:ctp-raw-decoder]: e cls=>inps:0
[37144:ctp-raw-decoder]: e cls=>inps:0
[37144:ctp-raw-decoder]: e cls=>inps:0
[37144:ctp-raw-decoder]: e cls=>inps:0
[37144:ctp-raw-decoder]: e cls=>inps:0
[37144:ctp-raw-decoder]: e cls=>inps:0
[37144:ctp-raw-decoder]: e cls=>inps:0
[37144:ctp-raw-decoder]: e cls=>inps:0
[37144:ctp-raw-decoder]: e cls=>inps:0
[37144:ctp-raw-decoder]: e cls=>inps:0
[37144:ctp-raw-decoder]: e cls=>inps:0
[37144:ctp-raw-decoder]: e cls=>inps:0
[37144:ctp-raw-decoder]: e cls=>inps:0
[37144:ctp-raw-decoder]: e cls=>inps:0
[37144:ctp-raw-decoder]: e cls=>inps:0
[37144:ctp-raw-decoder]: e cls=>inps:0
[37144:ctp-raw-decoder]: e cls=>inps:0
[37144:ctp-raw-decoder]: e cls=>inps:0
[37144:ctp-raw-decoder]: e cls=>inps:0
[37144:ctp-raw-decoder]: e cls=>inps:0
[37144:ctp-raw-decoder]: e cls=>inps:0
[37144:ctp-raw-decoder]: e cls=>inps:0
[37144:ctp-raw-decoder]: e cls=>inps:0
[37144:ctp-raw-decoder]: e cls=>inps:0
[37144:ctp-raw-decoder]: e cls=>inps:0
[37144:ctp-raw-decoder]: e cls=>inps:0
[37144:ctp-raw-decoder]: e cls=>inps:0
[37144:ctp-raw-decoder]: e cls=>inps:0
[37144:ctp-raw-decoder]: e cls=>inps:0
[37144:ctp-raw-decoder]: e cls=>inps:0
[37144:ctp-raw-decoder]: e cls=>inps:0
[37144:ctp-raw-decoder]: e cls=>inps:0
[37144:ctp-raw-decoder]: e cls=>inps:0
[37144:ctp-raw-decoder]: e cls=>inps:0
[37144:ctp-raw-decoder]: e cls=>inps:0
[37144:ctp-raw-decoder]: e cls=>inps:0
[37144:ctp-raw-decoder]: e cls=>inps:0
[37144:ctp-raw-decoder]: e cls=>inps:0
[37144:ctp-raw-decoder]: e cls=>inps:0
[37144:ctp-raw-decoder]: e cls=>inps:0
[37144:ctp-raw-decoder]: e cls=>inps:0
[37144:ctp-raw-decoder]: e cls=>inps:0
[37144:ctp-raw-decoder]: e cls=>inps:0
[37144:ctp-raw-decoder]: e cls=>inps:0
[37144:ctp-raw-decoder]: e cls=>inps:0
[37144:ctp-raw-decoder]: e cls=>inps:0
[37144:ctp-raw-decoder]: e cls=>inps:0
[37144:ctp-raw-decoder]: e cls=>inps:0
[37144:ctp-raw-decoder]: e cls=>inps:0
[37144:ctp-raw-decoder]: a cls=>inps:0
[37144:ctp-raw-decoder]: e cls=>inps:0
[37144:ctp-raw-decoder]: e cls=>inps:0
[37144:ctp-raw-decoder]: e cls=>inps:0
[37144:ctp-raw-decoder]: e cls=>inps:0
[37144:ctp-raw-decoder]: e cls=>inps:0
[37144:ctp-raw-decoder]: e cls=>inps:0
[37144:ctp-raw-decoder]: e cls=>inps:0
[37144:ctp-raw-decoder]: e cls=>inps:0
[37144:ctp-raw-decoder]: e cls=>inps:0
[37144:ctp-raw-decoder]: e cls=>inps:0
[37144:ctp-raw-decoder]: e cls=>inps:0
[37144:ctp-raw-decoder]: e cls=>inps:0
[37144:ctp-raw-decoder]: e cls=>inps:0
[37144:ctp-raw-decoder]: e cls=>inps:0
[37144:ctp-raw-decoder]: e cls=>inps:0
[37144:ctp-raw-decoder]: e cls=>inps:0
[37144:ctp-raw-decoder]: e cls=>inps:0
[37144:ctp-raw-decoder]: e cls=>inps:0
[37144:ctp-raw-decoder]: e cls=>inps:0
[37144:ctp-raw-decoder]: e cls=>inps:0
[37144:ctp-raw-decoder]: e cls=>inps:0
[37144:ctp-raw-decoder]: e cls=>inps:0
[37144:ctp-raw-decoder]: 0 cls=>inps:0
[37144:ctp-raw-decoder]: 1 cls=>inps:0
[37144:ctp-raw-decoder]: 2 cls=>inps:0
[37144:ctp-raw-decoder]: 6 cls=>inps:0
[37144:ctp-raw-decoder]: e cls=>inps:0
[37144:ctp-raw-decoder]: e cls=>inps:0
[37144:ctp-raw-decoder]: e cls=>inps:0
[37144:ctp-raw-decoder]: e cls=>inps:0
[37144:ctp-raw-decoder]: e cls=>inps:0
[37144:ctp-raw-decoder]: e cls=>inps:0
[37144:ctp-raw-decoder]: e cls=>inps:0
[37144:ctp-raw-decoder]: e cls=>inps:0
[37144:ctp-raw-decoder]: e cls=>inps:0
[37144:ctp-raw-decoder]: e cls=>inps:0
[37144:ctp-raw-decoder]: e cls=>inps:0
[37144:ctp-raw-decoder]: e cls=>inps:0
[37144:ctp-raw-decoder]: 0 cls=>inps:0
[37144:ctp-raw-decoder]: 1 cls=>inps:0
[37144:ctp-raw-decoder]: 2 cls=>inps:0
[37144:ctp-raw-decoder]: 6 cls=>inps:0
[37144:ctp-raw-decoder]: e cls=>inps:0
[37144:ctp-raw-decoder]: e cls=>inps:0
[37144:ctp-raw-decoder]: e cls=>inps:0
[37144:ctp-raw-decoder]: e cls=>inps:0
[37144:ctp-raw-decoder]: e cls=>inps:0
[37144:ctp-raw-decoder]: e cls=>inps:0
[37144:ctp-raw-decoder]: e cls=>inps:0
[37144:ctp-raw-decoder]: e cls=>inps:0
[37144:ctp-raw-decoder]: e cls=>inps:0
[37144:ctp-raw-decoder]: e cls=>inps:0
[37144:ctp-raw-decoder]: e cls=>inps:0
[37144:ctp-raw-decoder]: e cls=>inps:0
[37144:ctp-raw-decoder]: e cls=>inps:0
[37144:ctp-raw-decoder]: e cls=>inps:0
[37144:ctp-raw-decoder]: e cls=>inps:0
[37144:ctp-raw-decoder]: e cls=>inps:0
[37144:ctp-raw-decoder]: e cls=>inps:0
[37144:ctp-raw-decoder]: e cls=>inps:0
[37144:ctp-raw-decoder]: e cls=>inps:0
[37144:ctp-raw-decoder]: e cls=>inps:0
[37144:ctp-raw-decoder]: e cls=>inps:0
[37144:ctp-raw-decoder]: e cls=>inps:0
[37144:ctp-raw-decoder]: e cls=>inps:0
[37144:ctp-raw-decoder]: e cls=>inps:0
[37144:ctp-raw-decoder]: e cls=>inps:0
[37144:ctp-raw-decoder]: e cls=>inps:0
[37144:ctp-raw-decoder]: e cls=>inps:0
[37144:ctp-raw-decoder]: e cls=>inps:0
[37144:ctp-raw-decoder]: e cls=>inps:0
[37144:ctp-raw-decoder]: e cls=>inps:0
[37144:ctp-raw-decoder]: e cls=>inps:0
[37144:ctp-raw-decoder]: e cls=>inps:0
[37144:ctp-raw-decoder]: e cls=>inps:0
[37144:ctp-raw-decoder]: e cls=>inps:0
[37144:ctp-raw-decoder]: e cls=>inps:0
[37144:ctp-raw-decoder]: e cls=>inps:0
[37144:ctp-raw-decoder]: e cls=>inps:0
[37144:ctp-raw-decoder]: e cls=>inps:0
[37144:ctp-raw-decoder]: e cls=>inps:0
[37144:ctp-raw-decoder]: e cls=>inps:0
[37144:ctp-raw-decoder]: e cls=>inps:0
[37144:ctp-raw-decoder]: e cls=>inps:0
[37144:ctp-raw-decoder]: e cls=>inps:0
[37144:ctp-raw-decoder]: e cls=>inps:0
[37144:ctp-raw-decoder]: e cls=>inps:0
[37144:ctp-raw-decoder]: e cls=>inps:0
[37144:ctp-raw-decoder]: 0 cls=>inps:0
[37144:ctp-raw-decoder]: 1 cls=>inps:0
[37144:ctp-raw-decoder]: 2 cls=>inps:0
[37144:ctp-raw-decoder]: 6 cls=>inps:0
[37144:ctp-raw-decoder]: e cls=>inps:0
[37144:ctp-raw-decoder]: e cls=>inps:0
[37144:ctp-raw-decoder]: e cls=>inps:0
[37144:ctp-raw-decoder]: e cls=>inps:0
[37144:ctp-raw-decoder]: e cls=>inps:0
[37144:ctp-raw-decoder]: e cls=>inps:0
[37144:ctp-raw-decoder]: e cls=>inps:0
[37144:ctp-raw-decoder]: e cls=>inps:0
[37144:ctp-raw-decoder]: e cls=>inps:0
[37144:ctp-raw-decoder]: e cls=>inps:0
[37144:ctp-raw-decoder]: e cls=>inps:0
[37144:ctp-raw-decoder]: e cls=>inps:0
[37144:ctp-raw-decoder]: e cls=>inps:0
[37144:ctp-raw-decoder]: e cls=>inps:0
[37144:ctp-raw-decoder]: e cls=>inps:0
[37144:ctp-raw-decoder]: e cls=>inps:0
[37144:ctp-raw-decoder]: e cls=>inps:0
[37144:ctp-raw-decoder]: e cls=>inps:0
[37144:ctp-raw-decoder]: e cls=>inps:0
[37144:ctp-raw-decoder]: e cls=>inps:0
[37144:ctp-raw-decoder]: e cls=>inps:0
[37144:ctp-raw-decoder]: e cls=>inps:0
[37144:ctp-raw-decoder]: e cls=>inps:0
[37144:ctp-raw-decoder]: e cls=>inps:0
[37144:ctp-raw-decoder]: e cls=>inps:0
[37144:ctp-raw-decoder]: e cls=>inps:0
[37144:ctp-raw-decoder]: e cls=>inps:0
[37144:ctp-raw-decoder]: e cls=>inps:0
[37144:ctp-raw-decoder]: e cls=>inps:0
[37144:ctp-raw-decoder]: e cls=>inps:0
[37144:ctp-raw-decoder]: e cls=>inps:0
[37144:ctp-raw-decoder]: e cls=>inps:0
[37144:ctp-raw-decoder]: e cls=>inps:0
[37144:ctp-raw-decoder]: e cls=>inps:0
[37144:ctp-raw-decoder]: 0 cls=>inps:0
[37144:ctp-raw-decoder]: 1 cls=>inps:0
[37144:ctp-raw-decoder]: 2 cls=>inps:0
[37144:ctp-raw-decoder]: 6 cls=>inps:0
[37144:ctp-raw-decoder]: e cls=>inps:0
[37144:ctp-raw-decoder]: e cls=>inps:0
[37144:ctp-raw-decoder]: 0 cls=>inps:0
[37144:ctp-raw-decoder]: 1 cls=>inps:0
[37144:ctp-raw-decoder]: 2 cls=>inps:0
[37144:ctp-raw-decoder]: 6 cls=>inps:0
[37144:ctp-raw-decoder]: e cls=>inps:0
[37144:ctp-raw-decoder]: e cls=>inps:0
[37144:ctp-raw-decoder]: e cls=>inps:0
[37144:ctp-raw-decoder]: e cls=>inps:0
[37144:ctp-raw-decoder]: e cls=>inps:0
[37144:ctp-raw-decoder]: e cls=>inps:0
[37144:ctp-raw-decoder]: e cls=>inps:0
[37144:ctp-raw-decoder]: e cls=>inps:0
[37144:ctp-raw-decoder]: e cls=>inps:0
[37144:ctp-raw-decoder]: e cls=>inps:0
[37144:ctp-raw-decoder]: e cls=>inps:0
[37144:ctp-raw-decoder]: e cls=>inps:0
[37144:ctp-raw-decoder]: e cls=>inps:0
[37144:ctp-raw-decoder]: e cls=>inps:0
[37144:ctp-raw-decoder]: e cls=>inps:0
[37144:ctp-raw-decoder]: e cls=>inps:0
[37144:ctp-raw-decoder]: e cls=>inps:0
[37144:ctp-raw-decoder]: e cls=>inps:0
[37144:ctp-raw-decoder]: e cls=>inps:0
[37144:ctp-raw-decoder]: e cls=>inps:0
[37144:ctp-raw-decoder]: e cls=>inps:0
[37144:ctp-raw-decoder]: e cls=>inps:0
[37144:ctp-raw-decoder]: e cls=>inps:0
[37144:ctp-raw-decoder]: e cls=>inps:0
[37144:ctp-raw-decoder]: e cls=>inps:0
[37144:ctp-raw-decoder]: e cls=>inps:0
[37144:ctp-raw-decoder]: e cls=>inps:0
[37144:ctp-raw-decoder]: e cls=>inps:0
[37144:ctp-raw-decoder]: e cls=>inps:0
[37144:ctp-raw-decoder]: e cls=>inps:0
[37144:ctp-raw-decoder]: e cls=>inps:0
[37144:ctp-raw-decoder]: e cls=>inps:0
[37144:ctp-raw-decoder]: e cls=>inps:0
[37144:ctp-raw-decoder]: e cls=>inps:0
[37144:ctp-raw-decoder]: e cls=>inps:0
[37144:ctp-raw-decoder]: e cls=>inps:0
[37144:ctp-raw-decoder]: e cls=>inps:0
[37144:ctp-raw-decoder]: e cls=>inps:0
[37144:ctp-raw-decoder]: e cls=>inps:0
[37144:ctp-raw-decoder]: e cls=>inps:0
[37144:ctp-raw-decoder]: e cls=>inps:0
[37144:ctp-raw-decoder]: e cls=>inps:0
[37144:ctp-raw-decoder]: e cls=>inps:0
[37144:ctp-raw-decoder]: e cls=>inps:0
[37144:ctp-raw-decoder]: e cls=>inps:0
[37144:ctp-raw-decoder]: e cls=>inps:0
[37144:ctp-raw-decoder]: e cls=>inps:0
[37144:ctp-raw-decoder]: e cls=>inps:0
[37144:ctp-raw-decoder]: e cls=>inps:0
[37144:ctp-raw-decoder]: 0 cls=>inps:0
[37144:ctp-raw-decoder]: 1 cls=>inps:0
[37144:ctp-raw-decoder]: 2 cls=>inps:0
[37144:ctp-raw-decoder]: 6 cls=>inps:0
[37144:ctp-raw-decoder]: e cls=>inps:0
[37144:ctp-raw-decoder]: e cls=>inps:0
[37144:ctp-raw-decoder]: e cls=>inps:0
[37144:ctp-raw-decoder]: e cls=>inps:0
[37144:ctp-raw-decoder]: e cls=>inps:0
[37144:ctp-raw-decoder]: e cls=>inps:0
[37144:ctp-raw-decoder]: e cls=>inps:0
[37144:ctp-raw-decoder]: e cls=>inps:0
[37144:ctp-raw-decoder]: e cls=>inps:0
[37144:ctp-raw-decoder]: e cls=>inps:0
[37144:ctp-raw-decoder]: e cls=>inps:0
[37144:ctp-raw-decoder]: e cls=>inps:0
[37144:ctp-raw-decoder]: e cls=>inps:0
[37144:ctp-raw-decoder]: e cls=>inps:0
[37144:ctp-raw-decoder]: e cls=>inps:0
[37144:ctp-raw-decoder]: e cls=>inps:0
[37144:ctp-raw-decoder]: e cls=>inps:0
[37144:ctp-raw-decoder]: e cls=>inps:0
[37144:ctp-raw-decoder]: e cls=>inps:0
[37144:ctp-raw-decoder]: e cls=>inps:0
[37144:ctp-raw-decoder]: e cls=>inps:0
[37144:ctp-raw-decoder]: e cls=>inps:0
[37144:ctp-raw-decoder]: e cls=>inps:0
[37144:ctp-raw-decoder]: e cls=>inps:0
[37144:ctp-raw-decoder]: e cls=>inps:0
[37144:ctp-raw-decoder]: e cls=>inps:0
[37144:ctp-raw-decoder]: e cls=>inps:0
[37144:ctp-raw-decoder]: e cls=>inps:0
[37144:ctp-raw-decoder]: e cls=>inps:0
[37144:ctp-raw-decoder]: e cls=>inps:0
[37144:ctp-raw-decoder]: e cls=>inps:0
[37144:ctp-raw-decoder]: e cls=>inps:0
[37144:ctp-raw-decoder]: e cls=>inps:0
[37144:ctp-raw-decoder]: e cls=>inps:0
[37144:ctp-raw-decoder]: e cls=>inps:0
[37144:ctp-raw-decoder]: e cls=>inps:0
[37144:ctp-raw-decoder]: e cls=>inps:0
[37144:ctp-raw-decoder]: e cls=>inps:0
[37144:ctp-raw-decoder]: e cls=>inps:0
[37144:ctp-raw-decoder]: e cls=>inps:0
[37144:ctp-raw-decoder]: e cls=>inps:0
[37144:ctp-raw-decoder]: e cls=>inps:0
[37144:ctp-raw-decoder]: e cls=>inps:0
[37144:ctp-raw-decoder]: e cls=>inps:0
[37144:ctp-raw-decoder]: e cls=>inps:0
[37144:ctp-raw-decoder]: e cls=>inps:0
[37144:ctp-raw-decoder]: e cls=>inps:0
[37144:ctp-raw-decoder]: e cls=>inps:0
[37144:ctp-raw-decoder]: e cls=>inps:0
[37144:ctp-raw-decoder]: e cls=>inps:0
[37144:ctp-raw-decoder]: e cls=>inps:0
[37144:ctp-raw-decoder]: e cls=>inps:0
[37144:ctp-raw-decoder]: e cls=>inps:0
[37144:ctp-raw-decoder]: e cls=>inps:0
[37144:ctp-raw-decoder]: e cls=>inps:0
[37144:ctp-raw-decoder]: e cls=>inps:0
[37144:ctp-raw-decoder]: e cls=>inps:0
[37144:ctp-raw-decoder]: e cls=>inps:0
[37144:ctp-raw-decoder]: e cls=>inps:0
[37144:ctp-raw-decoder]: e cls=>inps:0
[37144:ctp-raw-decoder]: e cls=>inps:0
[37144:ctp-raw-decoder]: e cls=>inps:0
[37144:ctp-raw-decoder]: e cls=>inps:0
[37144:ctp-raw-decoder]: e cls=>inps:0
[37144:ctp-raw-decoder]: e cls=>inps:0
[37144:ctp-raw-decoder]: e cls=>inps:0
[37144:ctp-raw-decoder]: e cls=>inps:0
[37144:ctp-raw-decoder]: a cls=>inps:0
[37144:ctp-raw-decoder]: e cls=>inps:0
[37144:ctp-raw-decoder]: e cls=>inps:0
[37144:ctp-raw-decoder]: e cls=>inps:0
[37144:ctp-raw-decoder]: e cls=>inps:0
[37144:ctp-raw-decoder]: e cls=>inps:0
[37144:ctp-raw-decoder]: e cls=>inps:0
[37144:ctp-raw-decoder]: e cls=>inps:0
[37144:ctp-raw-decoder]: a cls=>inps:0
[37144:ctp-raw-decoder]: e cls=>inps:0
[37144:ctp-raw-decoder]: e cls=>inps:0
[37144:ctp-raw-decoder]: e cls=>inps:0
[37144:ctp-raw-decoder]: e cls=>inps:0
[37144:ctp-raw-decoder]: e cls=>inps:0
[37144:ctp-raw-decoder]: e cls=>inps:0
[37144:ctp-raw-decoder]: e cls=>inps:0
[37144:ctp-raw-decoder]: e cls=>inps:0
[37144:ctp-raw-decoder]: e cls=>inps:0
[37144:ctp-raw-decoder]: e cls=>inps:0
[37144:ctp-raw-decoder]: e cls=>inps:0
[37144:ctp-raw-decoder]: e cls=>inps:0
[37144:ctp-raw-decoder]: e cls=>inps:0
[37144:ctp-raw-decoder]: e cls=>inps:0
[37144:ctp-raw-decoder]: e cls=>inps:0
[37144:ctp-raw-decoder]: e cls=>inps:0
[37144:ctp-raw-decoder]: e cls=>inps:0
[37144:ctp-raw-decoder]: e cls=>inps:0
[37144:ctp-raw-decoder]: e cls=>inps:0
[37144:ctp-raw-decoder]: e cls=>inps:0
[37144:ctp-raw-decoder]: e cls=>inps:0
[37144:ctp-raw-decoder]: e cls=>inps:0
[37144:ctp-raw-decoder]: 0 cls=>inps:0
[37144:ctp-raw-decoder]: 1 cls=>inps:0
[37144:ctp-raw-decoder]: 2 cls=>inps:0
[37144:ctp-raw-decoder]: 6 cls=>inps:0
[37144:ctp-raw-decoder]: e cls=>inps:0
[37144:ctp-raw-decoder]: e cls=>inps:0
[37144:ctp-raw-decoder]: e cls=>inps:0
[37144:ctp-raw-decoder]: e cls=>inps:0
[37144:ctp-raw-decoder]: e cls=>inps:0
[37144:ctp-raw-decoder]: e cls=>inps:0
[37144:ctp-raw-decoder]: e cls=>inps:0
[37144:ctp-raw-decoder]: e cls=>inps:0
[37144:ctp-raw-decoder]: e cls=>inps:0
[37144:ctp-raw-decoder]: a cls=>inps:0
[37144:ctp-raw-decoder]: e cls=>inps:0
[37144:ctp-raw-decoder]: e cls=>inps:0
[37144:ctp-raw-decoder]: e cls=>inps:0
[37144:ctp-raw-decoder]: e cls=>inps:0
[37144:ctp-raw-decoder]: e cls=>inps:0
[37144:ctp-raw-decoder]: e cls=>inps:0
[37144:ctp-raw-decoder]: e cls=>inps:0
[37144:ctp-raw-decoder]: e cls=>inps:0
[37144:ctp-raw-decoder]: e cls=>inps:0
[37144:ctp-raw-decoder]: e cls=>inps:0
[37144:ctp-raw-decoder]: 0 cls=>inps:0
[37144:ctp-raw-decoder]: 1 cls=>inps:0
[37144:ctp-raw-decoder]: 2 cls=>inps:0
[37144:ctp-raw-decoder]: 6 cls=>inps:0
[37144:ctp-raw-decoder]: e cls=>inps:0
[37144:ctp-raw-decoder]: e cls=>inps:0
[37144:ctp-raw-decoder]: e cls=>inps:0
[37144:ctp-raw-decoder]: e cls=>inps:0
[37144:ctp-raw-decoder]: e cls=>inps:0
[37144:ctp-raw-decoder]: e cls=>inps:0
[37144:ctp-raw-decoder]: e cls=>inps:0
[37144:ctp-raw-decoder]: a cls=>inps:0
[37144:ctp-raw-decoder]: e cls=>inps:0
[37144:ctp-raw-decoder]: e cls=>inps:0
[37144:ctp-raw-decoder]: e cls=>inps:0
[37144:ctp-raw-decoder]: e cls=>inps:0
[37144:ctp-raw-decoder]: e cls=>inps:0
[37144:ctp-raw-decoder]: e cls=>inps:0
[37144:ctp-raw-decoder]: e cls=>inps:0
[37144:ctp-raw-decoder]: e cls=>inps:0
[37144:ctp-raw-decoder]: e cls=>inps:0
[37144:ctp-raw-decoder]: e cls=>inps:0
[37144:ctp-raw-decoder]: 0 cls=>inps:0
[37144:ctp-raw-decoder]: 1 cls=>inps:0
[37144:ctp-raw-decoder]: 2 cls=>inps:0
[37144:ctp-raw-decoder]: 6 cls=>inps:0
[37144:ctp-raw-decoder]: e cls=>inps:0
[37144:ctp-raw-decoder]: e cls=>inps:0
[37144:ctp-raw-decoder]: e cls=>inps:0
[37144:ctp-raw-decoder]: e cls=>inps:0
[37144:ctp-raw-decoder]: e cls=>inps:0
[37144:ctp-raw-decoder]: e cls=>inps:0
[37144:ctp-raw-decoder]: e cls=>inps:0
[37144:ctp-raw-decoder]: e cls=>inps:0
[37144:ctp-raw-decoder]: a cls=>inps:0
[37144:ctp-raw-decoder]: e cls=>inps:0
[37144:ctp-raw-decoder]: e cls=>inps:0
[37144:ctp-raw-decoder]: e cls=>inps:0
[37144:ctp-raw-decoder]: e cls=>inps:0
[37144:ctp-raw-decoder]: e cls=>inps:0
[37144:ctp-raw-decoder]: e cls=>inps:0
[37144:ctp-raw-decoder]: e cls=>inps:0
[37144:ctp-raw-decoder]: e cls=>inps:0
[37144:ctp-raw-decoder]: e cls=>inps:0
[37144:ctp-raw-decoder]: e cls=>inps:0
[37144:ctp-raw-decoder]: e cls=>inps:0
[37144:ctp-raw-decoder]: e cls=>inps:0
[37144:ctp-raw-decoder]: e cls=>inps:0
[37144:ctp-raw-decoder]: e cls=>inps:0
[37144:ctp-raw-decoder]: e cls=>inps:0
[37144:ctp-raw-decoder]: e cls=>inps:0
[37144:ctp-raw-decoder]: e cls=>inps:0
[37144:ctp-raw-decoder]: e cls=>inps:0
[37144:ctp-raw-decoder]: e cls=>inps:0
[37144:ctp-raw-decoder]: e cls=>inps:0
[37144:ctp-raw-decoder]: e cls=>inps:0
[37144:ctp-raw-decoder]: e cls=>inps:0
[37144:ctp-raw-decoder]: e cls=>inps:0
[37144:ctp-raw-decoder]: e cls=>inps:0
[37144:ctp-raw-decoder]: e cls=>inps:0
[37144:ctp-raw-decoder]: e cls=>inps:0
[37144:ctp-raw-decoder]: e cls=>inps:0
[37144:ctp-raw-decoder]: e cls=>inps:0
[37144:ctp-raw-decoder]: e cls=>inps:0
[37144:ctp-raw-decoder]: e cls=>inps:0
[37144:ctp-raw-decoder]: e cls=>inps:0
[37144:ctp-raw-decoder]: e cls=>inps:0
[37144:ctp-raw-decoder]: e cls=>inps:0
[37144:ctp-raw-decoder]: e cls=>inps:0
[37144:ctp-raw-decoder]: e cls=>inps:0
[37144:ctp-raw-decoder]: e cls=>inps:0
[37144:ctp-raw-decoder]: e cls=>inps:0
[37144:ctp-raw-decoder]: e cls=>inps:0
[37144:ctp-raw-decoder]: e cls=>inps:0
[37144:ctp-raw-decoder]: e cls=>inps:0
[37144:ctp-raw-decoder]: e cls=>inps:0
[37144:ctp-raw-decoder]: e cls=>inps:0
[37144:ctp-raw-decoder]: e cls=>inps:0
[37144:ctp-raw-decoder]: e cls=>inps:0
[37144:ctp-raw-decoder]: e cls=>inps:0
[37144:ctp-raw-decoder]: e cls=>inps:0
[37144:ctp-raw-decoder]: e cls=>inps:0
[37144:ctp-raw-decoder]: e cls=>inps:0
[37144:ctp-raw-decoder]: e cls=>inps:0
[37144:ctp-raw-decoder]: e cls=>inps:0
[37144:ctp-raw-decoder]: e cls=>inps:0
[37144:ctp-raw-decoder]: e cls=>inps:0
[37144:ctp-raw-decoder]: e cls=>inps:0
[37144:ctp-raw-decoder]: e cls=>inps:0
[37144:ctp-raw-decoder]: e cls=>inps:0
[37144:ctp-raw-decoder]: e cls=>inps:0
[37144:ctp-raw-decoder]: e cls=>inps:0
[37144:ctp-raw-decoder]: e cls=>inps:0
[37144:ctp-raw-decoder]: e cls=>inps:0
[37144:ctp-raw-decoder]: e cls=>inps:0
[37144:ctp-raw-decoder]: e cls=>inps:0
[37144:ctp-raw-decoder]: e cls=>inps:0
[37144:ctp-raw-decoder]: e cls=>inps:0
[37144:ctp-raw-decoder]: e cls=>inps:0
[37144:ctp-raw-decoder]: e cls=>inps:0
[37144:ctp-raw-decoder]: e cls=>inps:0
[37144:ctp-raw-decoder]: e cls=>inps:0
[37144:ctp-raw-decoder]: e cls=>inps:0
[37144:ctp-raw-decoder]: e cls=>inps:0
[37144:ctp-raw-decoder]: e cls=>inps:0
[37144:ctp-raw-decoder]: e cls=>inps:0
[37144:ctp-raw-decoder]: e cls=>inps:0
[37144:ctp-raw-decoder]: e cls=>inps:0
[37144:ctp-raw-decoder]: e cls=>inps:0
[37144:ctp-raw-decoder]: e cls=>inps:0
[37144:ctp-raw-decoder]: e cls=>inps:0
[37144:ctp-raw-decoder]: e cls=>inps:0
[37144:ctp-raw-decoder]: e cls=>inps:0
[37144:ctp-raw-decoder]: e cls=>inps:0
[37144:ctp-raw-decoder]: e cls=>inps:0
[37144:ctp-raw-decoder]: e cls=>inps:0
[37144:ctp-raw-decoder]: e cls=>inps:0
[37144:ctp-raw-decoder]: e cls=>inps:0
[37144:ctp-raw-decoder]: e cls=>inps:0
[37144:ctp-raw-decoder]: e cls=>inps:0
[37144:ctp-raw-decoder]: e cls=>inps:0
[37144:ctp-raw-decoder]: e cls=>inps:0
[37144:ctp-raw-decoder]: e cls=>inps:0
[37144:ctp-raw-decoder]: e cls=>inps:0
[37144:ctp-raw-decoder]: e cls=>inps:0
[37144:ctp-raw-decoder]: e cls=>inps:0
[37144:ctp-raw-decoder]: e cls=>inps:0
[37144:ctp-raw-decoder]: e cls=>inps:0
[37144:ctp-raw-decoder]: e cls=>inps:0
[37144:ctp-raw-decoder]: e cls=>inps:0
[37144:ctp-raw-decoder]: e cls=>inps:0
[37144:ctp-raw-decoder]: e cls=>inps:0
[37144:ctp-raw-decoder]: e cls=>inps:0
[37144:ctp-raw-decoder]: e cls=>inps:0
[37144:ctp-raw-decoder]: e cls=>inps:0
[37144:ctp-raw-decoder]: e cls=>inps:0
[37144:ctp-raw-decoder]: e cls=>inps:0
[37144:ctp-raw-decoder]: e cls=>inps:0
[37144:ctp-raw-decoder]: e cls=>inps:0
[37144:ctp-raw-decoder]: e cls=>inps:0
[37144:ctp-raw-decoder]: e cls=>inps:0
[37144:ctp-raw-decoder]: e cls=>inps:0
[37144:ctp-raw-decoder]: e cls=>inps:0
[37144:ctp-raw-decoder]: e cls=>inps:0
[37144:ctp-raw-decoder]: e cls=>inps:0
[37144:ctp-raw-decoder]: e cls=>inps:0
[37144:ctp-raw-decoder]: e cls=>inps:0
[37144:ctp-raw-decoder]: e cls=>inps:0
[37144:ctp-raw-decoder]: 0 cls=>inps:0
[37144:ctp-raw-decoder]: 1 cls=>inps:0
[37144:ctp-raw-decoder]: 2 cls=>inps:0
[37144:ctp-raw-decoder]: 6 cls=>inps:0
[37144:ctp-raw-decoder]: e cls=>inps:0
[37144:ctp-raw-decoder]: e cls=>inps:0
[37144:ctp-raw-decoder]: e cls=>inps:0
[37144:ctp-raw-decoder]: e cls=>inps:0
[37144:ctp-raw-decoder]: 0 cls=>inps:0
[37144:ctp-raw-decoder]: 1 cls=>inps:0
[37144:ctp-raw-decoder]: 2 cls=>inps:0
[37144:ctp-raw-decoder]: 6 cls=>inps:0
[37144:ctp-raw-decoder]: e cls=>inps:0
[37144:ctp-raw-decoder]: e cls=>inps:0
[37144:ctp-raw-decoder]: e cls=>inps:0
[37144:ctp-raw-decoder]: e cls=>inps:0
[37144:ctp-raw-decoder]: e cls=>inps:0
[37144:ctp-raw-decoder]: e cls=>inps:0
[37144:ctp-raw-decoder]: e cls=>inps:0
[37144:ctp-raw-decoder]: e cls=>inps:0
[37144:ctp-raw-decoder]: e cls=>inps:0
[37144:ctp-raw-decoder]: e cls=>inps:0
[37144:ctp-raw-decoder]: e cls=>inps:0
[37144:ctp-raw-decoder]: e cls=>inps:0
[37144:ctp-raw-decoder]: e cls=>inps:0
[37144:ctp-raw-decoder]: e cls=>inps:0
[37144:ctp-raw-decoder]: e cls=>inps:0
[37144:ctp-raw-decoder]: a cls=>inps:0
[37144:ctp-raw-decoder]: e cls=>inps:0
[37144:ctp-raw-decoder]: e cls=>inps:0
[37144:ctp-raw-decoder]: e cls=>inps:0
[37144:ctp-raw-decoder]: e cls=>inps:0
[37144:ctp-raw-decoder]: e cls=>inps:0
[37144:ctp-raw-decoder]: e cls=>inps:0
[37144:ctp-raw-decoder]: e cls=>inps:0
[37144:ctp-raw-decoder]: e cls=>inps:0
[37144:ctp-raw-decoder]: e cls=>inps:0
[37144:ctp-raw-decoder]: e cls=>inps:0
[37144:ctp-raw-decoder]: e cls=>inps:0
[37144:ctp-raw-decoder]: e cls=>inps:0
[37144:ctp-raw-decoder]: e cls=>inps:0
[37144:ctp-raw-decoder]: e cls=>inps:0
[37144:ctp-raw-decoder]: e cls=>inps:0
[37144:ctp-raw-decoder]: e cls=>inps:0
[37144:ctp-raw-decoder]: e cls=>inps:0
[37144:ctp-raw-decoder]: e cls=>inps:0
[37144:ctp-raw-decoder]: 0 cls=>inps:0
[37144:ctp-raw-decoder]: 1 cls=>inps:0
[37144:ctp-raw-decoder]: 2 cls=>inps:0
[37144:ctp-raw-decoder]: 6 cls=>inps:0
[37144:ctp-raw-decoder]: e cls=>inps:0
[37144:ctp-raw-decoder]: e cls=>inps:0
[37144:ctp-raw-decoder]: e cls=>inps:0
[37144:ctp-raw-decoder]: e cls=>inps:0
[37144:ctp-raw-decoder]: e cls=>inps:0
[37144:ctp-raw-decoder]: e cls=>inps:0
[37144:ctp-raw-decoder]: a cls=>inps:0
[37144:ctp-raw-decoder]: e cls=>inps:0
[37144:ctp-raw-decoder]: a cls=>inps:0
[37144:ctp-raw-decoder]: e cls=>inps:0
[37144:ctp-raw-decoder]: e cls=>inps:0
[37144:ctp-raw-decoder]: e cls=>inps:0
[37144:ctp-raw-decoder]: e cls=>inps:0
[37144:ctp-raw-decoder]: e cls=>inps:0
[37144:ctp-raw-decoder]: e cls=>inps:0
[37144:ctp-raw-decoder]: 0 cls=>inps:0
[37144:ctp-raw-decoder]: 1 cls=>inps:0
[37144:ctp-raw-decoder]: 2 cls=>inps:0
[37144:ctp-raw-decoder]: 6 cls=>inps:0
[37144:ctp-raw-decoder]: e cls=>inps:0
[37144:ctp-raw-decoder]: e cls=>inps:0
[37144:ctp-raw-decoder]: e cls=>inps:0
[37144:ctp-raw-decoder]: e cls=>inps:0
[37144:ctp-raw-decoder]: e cls=>inps:0
[37144:ctp-raw-decoder]: e cls=>inps:0
[37144:ctp-raw-decoder]: e cls=>inps:0
[37144:ctp-raw-decoder]: e cls=>inps:0
[37144:ctp-raw-decoder]: e cls=>inps:0
[37144:ctp-raw-decoder]: e cls=>inps:0
[37144:ctp-raw-decoder]: e cls=>inps:0
[37144:ctp-raw-decoder]: e cls=>inps:0
[37144:ctp-raw-decoder]: e cls=>inps:0
[37144:ctp-raw-decoder]: e cls=>inps:0
[37144:ctp-raw-decoder]: e cls=>inps:0
[37144:ctp-raw-decoder]: e cls=>inps:0
[37144:ctp-raw-decoder]: e cls=>inps:0
[37144:ctp-raw-decoder]: e cls=>inps:0
[37144:ctp-raw-decoder]: e cls=>inps:0
[37144:ctp-raw-decoder]: e cls=>inps:0
[37144:ctp-raw-decoder]: e cls=>inps:0
[37144:ctp-raw-decoder]: e cls=>inps:0
[37144:ctp-raw-decoder]: e cls=>inps:0
[37144:ctp-raw-decoder]: e cls=>inps:0
[37144:ctp-raw-decoder]: e cls=>inps:0
[37144:ctp-raw-decoder]: 0 cls=>inps:0
[37144:ctp-raw-decoder]: 1 cls=>inps:0
[37144:ctp-raw-decoder]: 2 cls=>inps:0
[37144:ctp-raw-decoder]: 6 cls=>inps:0
[37144:ctp-raw-decoder]: e cls=>inps:0
[37144:ctp-raw-decoder]: e cls=>inps:0
[37144:ctp-raw-decoder]: e cls=>inps:0
[37144:ctp-raw-decoder]: e cls=>inps:0
[37144:ctp-raw-decoder]: e cls=>inps:0
[37144:ctp-raw-decoder]: e cls=>inps:0
[37144:ctp-raw-decoder]: e cls=>inps:0
[37144:ctp-raw-decoder]: e cls=>inps:0
[37144:ctp-raw-decoder]: e cls=>inps:0
[37144:ctp-raw-decoder]: e cls=>inps:0
[37144:ctp-raw-decoder]: e cls=>inps:0
[37144:ctp-raw-decoder]: e cls=>inps:0
[37144:ctp-raw-decoder]: e cls=>inps:0
[37144:ctp-raw-decoder]: e cls=>inps:0
[37144:ctp-raw-decoder]: e cls=>inps:0
[37144:ctp-raw-decoder]: e cls=>inps:0
[37144:ctp-raw-decoder]: e cls=>inps:0
[37144:ctp-raw-decoder]: e cls=>inps:0
[37144:ctp-raw-decoder]: 0 cls=>inps:0
[37144:ctp-raw-decoder]: 1 cls=>inps:0
[37144:ctp-raw-decoder]: 2 cls=>inps:0
[37144:ctp-raw-decoder]: 6 cls=>inps:0
[37144:ctp-raw-decoder]: e cls=>inps:0
[37144:ctp-raw-decoder]: e cls=>inps:0
[37144:ctp-raw-decoder]: e cls=>inps:0
[37144:ctp-raw-decoder]: e cls=>inps:0
[37144:ctp-raw-decoder]: e cls=>inps:0
[37144:ctp-raw-decoder]: e cls=>inps:0
[37144:ctp-raw-decoder]: e cls=>inps:0
[37144:ctp-raw-decoder]: e cls=>inps:0
[37144:ctp-raw-decoder]: e cls=>inps:0
[37144:ctp-raw-decoder]: e cls=>inps:0
[37144:ctp-raw-decoder]: e cls=>inps:0
[37144:ctp-raw-decoder]: e cls=>inps:0
[37144:ctp-raw-decoder]: e cls=>inps:0
[37144:ctp-raw-decoder]: e cls=>inps:0
[37144:ctp-raw-decoder]: e cls=>inps:0
[37144:ctp-raw-decoder]: e cls=>inps:0
[37144:ctp-raw-decoder]: e cls=>inps:0
[37144:ctp-raw-decoder]: e cls=>inps:0
[37144:ctp-raw-decoder]: e cls=>inps:0
[37144:ctp-raw-decoder]: a cls=>inps:0
[37144:ctp-raw-decoder]: e cls=>inps:0
[37144:ctp-raw-decoder]: e cls=>inps:0
[37144:ctp-raw-decoder]: e cls=>inps:0
[37144:ctp-raw-decoder]: e cls=>inps:0
[37144:ctp-raw-decoder]: e cls=>inps:0
[37144:ctp-raw-decoder]: e cls=>inps:0
[37144:ctp-raw-decoder]: e cls=>inps:0
[37144:ctp-raw-decoder]: e cls=>inps:0
[37144:ctp-raw-decoder]: e cls=>inps:0
[37144:ctp-raw-decoder]: e cls=>inps:0
[37144:ctp-raw-decoder]: e cls=>inps:0
[37144:ctp-raw-decoder]: e cls=>inps:0
[37144:ctp-raw-decoder]: e cls=>inps:0
[37144:ctp-raw-decoder]: e cls=>inps:0
[37144:ctp-raw-decoder]: e cls=>inps:0
[37144:ctp-raw-decoder]: e cls=>inps:0
[37144:ctp-raw-decoder]: e cls=>inps:0
[37144:ctp-raw-decoder]: e cls=>inps:0
[37144:ctp-raw-decoder]: e cls=>inps:0
[37144:ctp-raw-decoder]: e cls=>inps:0
[37144:ctp-raw-decoder]: e cls=>inps:0
[37144:ctp-raw-decoder]: e cls=>inps:0
[37144:ctp-raw-decoder]: e cls=>inps:0
[37144:ctp-raw-decoder]: e cls=>inps:0
[37144:ctp-raw-decoder]: 0 cls=>inps:0
[37144:ctp-raw-decoder]: 1 cls=>inps:0
[37144:ctp-raw-decoder]: 2 cls=>inps:0
[37144:ctp-raw-decoder]: 6 cls=>inps:0
[37144:ctp-raw-decoder]: e cls=>inps:0
[37144:ctp-raw-decoder]: e cls=>inps:0
[37144:ctp-raw-decoder]: e cls=>inps:0
[37144:ctp-raw-decoder]: e cls=>inps:0
[37144:ctp-raw-decoder]: e cls=>inps:0
[37144:ctp-raw-decoder]: e cls=>inps:0
[37144:ctp-raw-decoder]: e cls=>inps:0
[37144:ctp-raw-decoder]: e cls=>inps:0
[37144:ctp-raw-decoder]: e cls=>inps:0
[37144:ctp-raw-decoder]: e cls=>inps:0
[37144:ctp-raw-decoder]: e cls=>inps:0
[37144:ctp-raw-decoder]: e cls=>inps:0
[37144:ctp-raw-decoder]: e cls=>inps:0
[37144:ctp-raw-decoder]: e cls=>inps:0
[37144:ctp-raw-decoder]: e cls=>inps:0
[37144:ctp-raw-decoder]: e cls=>inps:0
[37144:ctp-raw-decoder]: e cls=>inps:0
[37144:ctp-raw-decoder]: e cls=>inps:0
[37144:ctp-raw-decoder]: e cls=>inps:0
[37144:ctp-raw-decoder]: e cls=>inps:0
[37144:ctp-raw-decoder]: a cls=>inps:0
[37144:ctp-raw-decoder]: e cls=>inps:0
[37144:ctp-raw-decoder]: e cls=>inps:0
[37144:ctp-raw-decoder]: e cls=>inps:0
[37144:ctp-raw-decoder]: e cls=>inps:0
[37144:ctp-raw-decoder]: e cls=>inps:0
[37144:ctp-raw-decoder]: e cls=>inps:0
[37144:ctp-raw-decoder]: e cls=>inps:0
[37144:ctp-raw-decoder]: e cls=>inps:0
[37144:ctp-raw-decoder]: e cls=>inps:0
[37144:ctp-raw-decoder]: e cls=>inps:0
[37144:ctp-raw-decoder]: e cls=>inps:0
[37144:ctp-raw-decoder]: e cls=>inps:0
[37144:ctp-raw-decoder]: e cls=>inps:0
[37144:ctp-raw-decoder]: e cls=>inps:0
[37144:ctp-raw-decoder]: e cls=>inps:0
[37144:ctp-raw-decoder]: e cls=>inps:0
[37144:ctp-raw-decoder]: e cls=>inps:0
[37144:ctp-raw-decoder]: e cls=>inps:0
[37144:ctp-raw-decoder]: e cls=>inps:0
[37144:ctp-raw-decoder]: e cls=>inps:0
[37144:ctp-raw-decoder]: e cls=>inps:0
[37144:ctp-raw-decoder]: e cls=>inps:0
[37144:ctp-raw-decoder]: 0 cls=>inps:0
[37144:ctp-raw-decoder]: 1 cls=>inps:0
[37144:ctp-raw-decoder]: 2 cls=>inps:0
[37144:ctp-raw-decoder]: 6 cls=>inps:0
[37144:ctp-raw-decoder]: e cls=>inps:0
[37144:ctp-raw-decoder]: e cls=>inps:0
[37144:ctp-raw-decoder]: e cls=>inps:0
[37144:ctp-raw-decoder]: e cls=>inps:0
[37144:ctp-raw-decoder]: e cls=>inps:0
[37144:ctp-raw-decoder]: e cls=>inps:0
[37144:ctp-raw-decoder]: e cls=>inps:0
[37144:ctp-raw-decoder]: e cls=>inps:0
[37144:ctp-raw-decoder]: e cls=>inps:0
[37144:ctp-raw-decoder]: e cls=>inps:0
[37144:ctp-raw-decoder]: e cls=>inps:0
[37144:ctp-raw-decoder]: e cls=>inps:0
[37144:ctp-raw-decoder]: e cls=>inps:0
[37144:ctp-raw-decoder]: e cls=>inps:0
[37144:ctp-raw-decoder]: e cls=>inps:0
[37144:ctp-raw-decoder]: e cls=>inps:0
[37144:ctp-raw-decoder]: e cls=>inps:0
[37144:ctp-raw-decoder]: e cls=>inps:0
[37144:ctp-raw-decoder]: e cls=>inps:0
[37144:ctp-raw-decoder]: e cls=>inps:0
[37144:ctp-raw-decoder]: e cls=>inps:0
[37144:ctp-raw-decoder]: e cls=>inps:0
[37144:ctp-raw-decoder]: e cls=>inps:0
[37144:ctp-raw-decoder]: e cls=>inps:0
[37144:ctp-raw-decoder]: e cls=>inps:0
[37144:ctp-raw-decoder]: e cls=>inps:0
[37144:ctp-raw-decoder]: e cls=>inps:0
[37144:ctp-raw-decoder]: e cls=>inps:0
[37144:ctp-raw-decoder]: e cls=>inps:0
[37144:ctp-raw-decoder]: e cls=>inps:0
[37144:ctp-raw-decoder]: e cls=>inps:0
[37144:ctp-raw-decoder]: e cls=>inps:0
[37144:ctp-raw-decoder]: e cls=>inps:0
[37144:ctp-raw-decoder]: e cls=>inps:0
[37144:ctp-raw-decoder]: e cls=>inps:0
[37144:ctp-raw-decoder]: e cls=>inps:0
[37144:ctp-raw-decoder]: e cls=>inps:0
[37144:ctp-raw-decoder]: e cls=>inps:0
[37144:ctp-raw-decoder]: e cls=>inps:0
[37144:ctp-raw-decoder]: e cls=>inps:0
[37144:ctp-raw-decoder]: e cls=>inps:0
[37144:ctp-raw-decoder]: e cls=>inps:0
[37144:ctp-raw-decoder]: e cls=>inps:0
[37144:ctp-raw-decoder]: e cls=>inps:0
[37144:ctp-raw-decoder]: e cls=>inps:0
[37144:ctp-raw-decoder]: e cls=>inps:0
[37144:ctp-raw-decoder]: e cls=>inps:0
[37144:ctp-raw-decoder]: e cls=>inps:0
[37144:ctp-raw-decoder]: e cls=>inps:0
[37144:ctp-raw-decoder]: e cls=>inps:0
[37144:ctp-raw-decoder]: e cls=>inps:0
[37144:ctp-raw-decoder]: e cls=>inps:0
[37144:ctp-raw-decoder]: e cls=>inps:0
[37144:ctp-raw-decoder]: e cls=>inps:0
[37144:ctp-raw-decoder]: e cls=>inps:0
[37144:ctp-raw-decoder]: e cls=>inps:0
[37144:ctp-raw-decoder]: e cls=>inps:0
[37144:ctp-raw-decoder]: e cls=>inps:0
[37144:ctp-raw-decoder]: e cls=>inps:0
[37144:ctp-raw-decoder]: e cls=>inps:0
[37144:ctp-raw-decoder]: e cls=>inps:0
[37144:ctp-raw-decoder]: e cls=>inps:0
[37144:ctp-raw-decoder]: e cls=>inps:0
[37144:ctp-raw-decoder]: e cls=>inps:0
[37144:ctp-raw-decoder]: e cls=>inps:0
[37144:ctp-raw-decoder]: e cls=>inps:0
[37144:ctp-raw-decoder]: e cls=>inps:0
[37144:ctp-raw-decoder]: e cls=>inps:0
[37144:ctp-raw-decoder]: e cls=>inps:0
[37144:ctp-raw-decoder]: e cls=>inps:0
[37144:ctp-raw-decoder]: e cls=>inps:0
[37144:ctp-raw-decoder]: e cls=>inps:0
[37144:ctp-raw-decoder]: e cls=>inps:0
[37144:ctp-raw-decoder]: e cls=>inps:0
[37144:ctp-raw-decoder]: e cls=>inps:0
[37144:ctp-raw-decoder]: e cls=>inps:0
[37144:ctp-raw-decoder]: e cls=>inps:0
[37144:ctp-raw-decoder]: e cls=>inps:0
[37144:ctp-raw-decoder]: e cls=>inps:0
[37144:ctp-raw-decoder]: e cls=>inps:0
[37144:ctp-raw-decoder]: e cls=>inps:0
[37144:ctp-raw-decoder]: e cls=>inps:0
[37144:ctp-raw-decoder]: e cls=>inps:0
[37144:ctp-raw-decoder]: e cls=>inps:0
[37144:ctp-raw-decoder]: e cls=>inps:0
[37144:ctp-raw-decoder]: e cls=>inps:0
[37144:ctp-raw-decoder]: e cls=>inps:0
[37144:ctp-raw-decoder]: e cls=>inps:0
[37144:ctp-raw-decoder]: e cls=>inps:0
[37144:ctp-raw-decoder]: e cls=>inps:0
[37144:ctp-raw-decoder]: e cls=>inps:0
[37144:ctp-raw-decoder]: e cls=>inps:0
[37144:ctp-raw-decoder]: e cls=>inps:0
[37144:ctp-raw-decoder]: e cls=>inps:0
[37144:ctp-raw-decoder]: e cls=>inps:0
[37144:ctp-raw-decoder]: e cls=>inps:0
[37144:ctp-raw-decoder]: e cls=>inps:0
[37144:ctp-raw-decoder]: e cls=>inps:0
[37144:ctp-raw-decoder]: e cls=>inps:0
[37144:ctp-raw-decoder]: e cls=>inps:0
[37144:ctp-raw-decoder]: e cls=>inps:0
[37144:ctp-raw-decoder]: e cls=>inps:0
[37144:ctp-raw-decoder]: e cls=>inps:0
[37144:ctp-raw-decoder]: e cls=>inps:0
[37144:ctp-raw-decoder]: e cls=>inps:0
[37144:ctp-raw-decoder]: e cls=>inps:0
[37144:ctp-raw-decoder]: e cls=>inps:0
[37144:ctp-raw-decoder]: e cls=>inps:0
[37144:ctp-raw-decoder]: e cls=>inps:0
[37144:ctp-raw-decoder]: e cls=>inps:0
[37144:ctp-raw-decoder]: e cls=>inps:0
[37144:ctp-raw-decoder]: e cls=>inps:0
[37144:ctp-raw-decoder]: e cls=>inps:0
[37144:ctp-raw-decoder]: e cls=>inps:0
[37144:ctp-raw-decoder]: e cls=>inps:0
[37144:ctp-raw-decoder]: e cls=>inps:0
[37144:ctp-raw-decoder]: e cls=>inps:0
[37144:ctp-raw-decoder]: e cls=>inps:0
[37144:ctp-raw-decoder]: e cls=>inps:0
[37144:ctp-raw-decoder]: e cls=>inps:0
[37144:ctp-raw-decoder]: e cls=>inps:0
[37144:ctp-raw-decoder]: e cls=>inps:0
[37144:ctp-raw-decoder]: e cls=>inps:0
[37144:ctp-raw-decoder]: e cls=>inps:0
[37144:ctp-raw-decoder]: e cls=>inps:0
[37144:ctp-raw-decoder]: e cls=>inps:0
[37144:ctp-raw-decoder]: 0 cls=>inps:0
[37144:ctp-raw-decoder]: 1 cls=>inps:0
[37144:ctp-raw-decoder]: 2 cls=>inps:0
[37144:ctp-raw-decoder]: 6 cls=>inps:0
[37144:ctp-raw-decoder]: e cls=>inps:0
[37144:ctp-raw-decoder]: e cls=>inps:0
[37144:ctp-raw-decoder]: e cls=>inps:0
[37144:ctp-raw-decoder]: e cls=>inps:0
[37144:ctp-raw-decoder]: e cls=>inps:0
[37144:ctp-raw-decoder]: e cls=>inps:0
[37144:ctp-raw-decoder]: e cls=>inps:0
[37144:ctp-raw-decoder]: e cls=>inps:0
[37144:ctp-raw-decoder]: e cls=>inps:0
[37144:ctp-raw-decoder]: e cls=>inps:0
[37144:ctp-raw-decoder]: e cls=>inps:0
[37144:ctp-raw-decoder]: e cls=>inps:0
[37144:ctp-raw-decoder]: e cls=>inps:0
[37144:ctp-raw-decoder]: e cls=>inps:0
[37144:ctp-raw-decoder]: e cls=>inps:0
[37144:ctp-raw-decoder]: e cls=>inps:0
[37144:ctp-raw-decoder]: e cls=>inps:0
[37144:ctp-raw-decoder]: e cls=>inps:0
[37144:ctp-raw-decoder]: e cls=>inps:0
[37144:ctp-raw-decoder]: e cls=>inps:0
[37144:ctp-raw-decoder]: e cls=>inps:0
[37144:ctp-raw-decoder]: e cls=>inps:0
[37144:ctp-raw-decoder]: e cls=>inps:0
[37144:ctp-raw-decoder]: e cls=>inps:0
[37144:ctp-raw-decoder]: e cls=>inps:0
[37144:ctp-raw-decoder]: e cls=>inps:0
[37144:ctp-raw-decoder]: e cls=>inps:0
[37144:ctp-raw-decoder]: e cls=>inps:0
[37144:ctp-raw-decoder]: e cls=>inps:0
[37144:ctp-raw-decoder]: e cls=>inps:0
[37144:ctp-raw-decoder]: e cls=>inps:0
[37144:ctp-raw-decoder]: 0 cls=>inps:0
[37144:ctp-raw-decoder]: 1 cls=>inps:0
[37144:ctp-raw-decoder]: 2 cls=>inps:0
[37144:ctp-raw-decoder]: 6 cls=>inps:0
[37144:ctp-raw-decoder]: e cls=>inps:0
[37144:ctp-raw-decoder]: e cls=>inps:0
[37144:ctp-raw-decoder]: e cls=>inps:0
[37144:ctp-raw-decoder]: e cls=>inps:0
[37144:ctp-raw-decoder]: e cls=>inps:0
[37144:ctp-raw-decoder]: e cls=>inps:0
[37144:ctp-raw-decoder]: e cls=>inps:0
[37144:ctp-raw-decoder]: e cls=>inps:0
[37144:ctp-raw-decoder]: e cls=>inps:0
[37144:ctp-raw-decoder]: e cls=>inps:0
[37144:ctp-raw-decoder]: e cls=>inps:0
[37144:ctp-raw-decoder]: e cls=>inps:0
[37144:ctp-raw-decoder]: e cls=>inps:0
[37144:ctp-raw-decoder]: e cls=>inps:0
[37144:ctp-raw-decoder]: e cls=>inps:0
[37144:ctp-raw-decoder]: e cls=>inps:0
[37144:ctp-raw-decoder]: e cls=>inps:0
[37144:ctp-raw-decoder]: e cls=>inps:0
[37144:ctp-raw-decoder]: e cls=>inps:0
[37144:ctp-raw-decoder]: e cls=>inps:0
[37144:ctp-raw-decoder]: e cls=>inps:0
[37144:ctp-raw-decoder]: e cls=>inps:0
[37144:ctp-raw-decoder]: e cls=>inps:0
[37144:ctp-raw-decoder]: [18:22:26][INFO] [CTPRawToDigitConverter - run] Writing 6980 digits. IR rejected:0 TCR rejected:9
[37145:ctp-digit-writer]: [18:22:26][INFO] CTPDigitWriter pulled 6980 digits
[37144:ctp-raw-decoder]: tforbit==================>93b8940 93b8940
[37144:ctp-raw-decoder]: tforbit==================>93b8940 93b8940
[37144:ctp-raw-decoder]: [18:22:26][INFO] LOST:BCid:    1 Orbit: 154896704 shift:15
[37144:ctp-raw-decoder]: [18:22:26][INFO] LOST:BCid:    4 Orbit: 154896704 shift:296
[37144:ctp-raw-decoder]: [18:22:26][INFO] LOST:BCid:    8 Orbit: 154896704 shift:296
[37144:ctp-raw-decoder]: [18:22:26][INFO] LOST:BCid:   40 Orbit: 154896704 shift:296
[37144:ctp-raw-decoder]: [18:22:26][INFO] LOST:BCid:   62 Orbit: 154896704 shift:296
[37144:ctp-raw-decoder]: [18:22:26][INFO] LOST:BCid:   66 Orbit: 154896704 shift:296
[37144:ctp-raw-decoder]: [18:22:26][INFO] LOST:BCid:  276 Orbit: 154896704 shift:296
[37144:ctp-raw-decoder]: [18:22:26][INFO] LOST:BCid:  282 Orbit: 154896704 shift:296
[37144:ctp-raw-decoder]: [18:22:26][INFO] Checking readout
[37144:ctp-raw-decoder]: e cls=>inps:0
[37144:ctp-raw-decoder]: e cls=>inps:0
[37144:ctp-raw-decoder]: e cls=>inps:0
[37144:ctp-raw-decoder]: e cls=>inps:0
[37144:ctp-raw-decoder]: e cls=>inps:0
[37144:ctp-raw-decoder]: e cls=>inps:0
[37144:ctp-raw-decoder]: e cls=>inps:0
[37144:ctp-raw-decoder]: e cls=>inps:0
[37144:ctp-raw-decoder]: e cls=>inps:0
[37144:ctp-raw-decoder]: e cls=>inps:0
[37144:ctp-raw-decoder]: e cls=>inps:0
[37144:ctp-raw-decoder]: e cls=>inps:0
[37144:ctp-raw-decoder]: e cls=>inps:0
[37144:ctp-raw-decoder]: e cls=>inps:0
[37144:ctp-raw-decoder]: e cls=>inps:0
[37144:ctp-raw-decoder]: a cls=>inps:0
[37144:ctp-raw-decoder]: e cls=>inps:0
[37144:ctp-raw-decoder]: e cls=>inps:0
[37144:ctp-raw-decoder]: e cls=>inps:0
[37144:ctp-raw-decoder]: e cls=>inps:0
[37144:ctp-raw-decoder]: e cls=>inps:0
[37144:ctp-raw-decoder]: e cls=>inps:0
[37144:ctp-raw-decoder]: e cls=>inps:0
[37144:ctp-raw-decoder]: e cls=>inps:0
[37144:ctp-raw-decoder]: e cls=>inps:0
[37144:ctp-raw-decoder]: e cls=>inps:0
[37144:ctp-raw-decoder]: e cls=>inps:0
[37144:ctp-raw-decoder]: e cls=>inps:0
[37144:ctp-raw-decoder]: e cls=>inps:0
[37144:ctp-raw-decoder]: e cls=>inps:0
[37144:ctp-raw-decoder]: e cls=>inps:0
[37144:ctp-raw-decoder]: e cls=>inps:0
[37144:ctp-raw-decoder]: e cls=>inps:0
[37144:ctp-raw-decoder]: e cls=>inps:0
[37144:ctp-raw-decoder]: e cls=>inps:0
[37144:ctp-raw-decoder]: e cls=>inps:0
[37144:ctp-raw-decoder]: e cls=>inps:0
[37144:ctp-raw-decoder]: e cls=>inps:0
[37144:ctp-raw-decoder]: e cls=>inps:0
[37144:ctp-raw-decoder]: e cls=>inps:0
[37144:ctp-raw-decoder]: e cls=>inps:0
[37144:ctp-raw-decoder]: e cls=>inps:0
[37144:ctp-raw-decoder]: e cls=>inps:0
[37144:ctp-raw-decoder]: e cls=>inps:0
[37144:ctp-raw-decoder]: e cls=>inps:0
[37144:ctp-raw-decoder]: e cls=>inps:0
[37144:ctp-raw-decoder]: e cls=>inps:0
[37144:ctp-raw-decoder]: e cls=>inps:0
[37144:ctp-raw-decoder]: e cls=>inps:0
[37144:ctp-raw-decoder]: e cls=>inps:0
[37144:ctp-raw-decoder]: e cls=>inps:0
[37144:ctp-raw-decoder]: e cls=>inps:0
[37144:ctp-raw-decoder]: e cls=>inps:0
[37144:ctp-raw-decoder]: e cls=>inps:0
[37144:ctp-raw-decoder]: e cls=>inps:0
[37144:ctp-raw-decoder]: e cls=>inps:0
[37144:ctp-raw-decoder]: e cls=>inps:0
[37144:ctp-raw-decoder]: e cls=>inps:0
[37144:ctp-raw-decoder]: e cls=>inps:0
[37144:ctp-raw-decoder]: e cls=>inps:0
[37144:ctp-raw-decoder]: e cls=>inps:0
[37144:ctp-raw-decoder]: e cls=>inps:0
[37144:ctp-raw-decoder]: e cls=>inps:0
[37144:ctp-raw-decoder]: e cls=>inps:0
[37144:ctp-raw-decoder]: e cls=>inps:0
[37144:ctp-raw-decoder]: e cls=>inps:0
[37144:ctp-raw-decoder]: e cls=>inps:0
[37144:ctp-raw-decoder]: e cls=>inps:0
[37144:ctp-raw-decoder]: e cls=>inps:0
[37144:ctp-raw-decoder]: e cls=>inps:0
[37144:ctp-raw-decoder]: e cls=>inps:0
[37144:ctp-raw-decoder]: e cls=>inps:0
[37144:ctp-raw-decoder]: e cls=>inps:0
[37144:ctp-raw-decoder]: e cls=>inps:0
[37144:ctp-raw-decoder]: e cls=>inps:0
[37144:ctp-raw-decoder]: e cls=>inps:0
[37144:ctp-raw-decoder]: e cls=>inps:0
[37144:ctp-raw-decoder]: e cls=>inps:0
[37144:ctp-raw-decoder]: e cls=>inps:0
[37144:ctp-raw-decoder]: e cls=>inps:0
[37144:ctp-raw-decoder]: e cls=>inps:0
[37144:ctp-raw-decoder]: e cls=>inps:0
[37144:ctp-raw-decoder]: e cls=>inps:0
[37144:ctp-raw-decoder]: e cls=>inps:0
[37144:ctp-raw-decoder]: e cls=>inps:0
[37144:ctp-raw-decoder]: e cls=>inps:0
[37144:ctp-raw-decoder]: e cls=>inps:0
[37144:ctp-raw-decoder]: e cls=>inps:0
[37144:ctp-raw-decoder]: a cls=>inps:0
[37144:ctp-raw-decoder]: e cls=>inps:0
[37144:ctp-raw-decoder]: e cls=>inps:0
[37144:ctp-raw-decoder]: e cls=>inps:0
[37144:ctp-raw-decoder]: e cls=>inps:0
[37144:ctp-raw-decoder]: e cls=>inps:0
[37144:ctp-raw-decoder]: e cls=>inps:0
[37144:ctp-raw-decoder]: 0 cls=>inps:0
[37144:ctp-raw-decoder]: 1 cls=>inps:0
[37144:ctp-raw-decoder]: 2 cls=>inps:0
[37144:ctp-raw-decoder]: 6 cls=>inps:0
[37144:ctp-raw-decoder]: e cls=>inps:0
[37144:ctp-raw-decoder]: e cls=>inps:0
[37144:ctp-raw-decoder]: e cls=>inps:0
[37144:ctp-raw-decoder]: e cls=>inps:0
[37144:ctp-raw-decoder]: e cls=>inps:0
[37144:ctp-raw-decoder]: e cls=>inps:0
[37144:ctp-raw-decoder]: e cls=>inps:0
[37144:ctp-raw-decoder]: e cls=>inps:0
[37144:ctp-raw-decoder]: e cls=>inps:0
[37144:ctp-raw-decoder]: e cls=>inps:0
[37144:ctp-raw-decoder]: e cls=>inps:0
[37144:ctp-raw-decoder]: e cls=>inps:0
[37144:ctp-raw-decoder]: e cls=>inps:0
[37144:ctp-raw-decoder]: e cls=>inps:0
[37144:ctp-raw-decoder]: e cls=>inps:0
[37144:ctp-raw-decoder]: e cls=>inps:0
[37144:ctp-raw-decoder]: e cls=>inps:0
[37144:ctp-raw-decoder]: e cls=>inps:0
[37144:ctp-raw-decoder]: e cls=>inps:0
[37144:ctp-raw-decoder]: e cls=>inps:0
[37144:ctp-raw-decoder]: e cls=>inps:0
[37144:ctp-raw-decoder]: e cls=>inps:0
[37144:ctp-raw-decoder]: e cls=>inps:0
[37144:ctp-raw-decoder]: e cls=>inps:0
[37144:ctp-raw-decoder]: e cls=>inps:0
[37144:ctp-raw-decoder]: e cls=>inps:0
[37144:ctp-raw-decoder]: e cls=>inps:0
[37144:ctp-raw-decoder]: e cls=>inps:0
[37144:ctp-raw-decoder]: e cls=>inps:0
[37144:ctp-raw-decoder]: e cls=>inps:0
[37144:ctp-raw-decoder]: e cls=>inps:0
[37144:ctp-raw-decoder]: e cls=>inps:0
[37144:ctp-raw-decoder]: e cls=>inps:0
[37144:ctp-raw-decoder]: e cls=>inps:0
[37144:ctp-raw-decoder]: e cls=>inps:0
[37144:ctp-raw-decoder]: e cls=>inps:0
[37144:ctp-raw-decoder]: e cls=>inps:0
[37144:ctp-raw-decoder]: e cls=>inps:0
[37144:ctp-raw-decoder]: e cls=>inps:0
[37144:ctp-raw-decoder]: e cls=>inps:0
[37144:ctp-raw-decoder]: e cls=>inps:0
[37144:ctp-raw-decoder]: e cls=>inps:0
[37144:ctp-raw-decoder]: e cls=>inps:0
[37144:ctp-raw-decoder]: e cls=>inps:0
[37144:ctp-raw-decoder]: e cls=>inps:0
[37144:ctp-raw-decoder]: e cls=>inps:0
[37144:ctp-raw-decoder]: e cls=>inps:0
[37144:ctp-raw-decoder]: e cls=>inps:0
[37144:ctp-raw-decoder]: e cls=>inps:0
[37144:ctp-raw-decoder]: e cls=>inps:0
[37144:ctp-raw-decoder]: e cls=>inps:0
[37144:ctp-raw-decoder]: e cls=>inps:0
[37144:ctp-raw-decoder]: e cls=>inps:0
[37144:ctp-raw-decoder]: e cls=>inps:0
[37144:ctp-raw-decoder]: a cls=>inps:0
[37144:ctp-raw-decoder]: e cls=>inps:0
[37144:ctp-raw-decoder]: a cls=>inps:0
[37144:ctp-raw-decoder]: e cls=>inps:0
[37144:ctp-raw-decoder]: e cls=>inps:0
[37144:ctp-raw-decoder]: e cls=>inps:0
[37144:ctp-raw-decoder]: e cls=>inps:0
[37144:ctp-raw-decoder]: e cls=>inps:0
[37144:ctp-raw-decoder]: a cls=>inps:0
[37144:ctp-raw-decoder]: e cls=>inps:0
[37144:ctp-raw-decoder]: e cls=>inps:0
[37144:ctp-raw-decoder]: e cls=>inps:0
[37144:ctp-raw-decoder]: e cls=>inps:0
[37144:ctp-raw-decoder]: e cls=>inps:0
[37144:ctp-raw-decoder]: e cls=>inps:0
[37144:ctp-raw-decoder]: e cls=>inps:0
[37144:ctp-raw-decoder]: e cls=>inps:0
[37144:ctp-raw-decoder]: e cls=>inps:0
[37144:ctp-raw-decoder]: e cls=>inps:0
[37144:ctp-raw-decoder]: e cls=>inps:0
[37144:ctp-raw-decoder]: e cls=>inps:0
[37144:ctp-raw-decoder]: e cls=>inps:0
[37144:ctp-raw-decoder]: e cls=>inps:0
[37144:ctp-raw-decoder]: e cls=>inps:0
[37144:ctp-raw-decoder]: e cls=>inps:0
[37144:ctp-raw-decoder]: e cls=>inps:0
[37144:ctp-raw-decoder]: e cls=>inps:0
[37144:ctp-raw-decoder]: e cls=>inps:0
[37144:ctp-raw-decoder]: 0 cls=>inps:0
[37144:ctp-raw-decoder]: 1 cls=>inps:0
[37144:ctp-raw-decoder]: 2 cls=>inps:0
[37144:ctp-raw-decoder]: 6 cls=>inps:0
[37144:ctp-raw-decoder]: e cls=>inps:0
[37144:ctp-raw-decoder]: e cls=>inps:0
[37144:ctp-raw-decoder]: e cls=>inps:0
[37144:ctp-raw-decoder]: e cls=>inps:0
[37144:ctp-raw-decoder]: e cls=>inps:0
[37144:ctp-raw-decoder]: e cls=>inps:0
[37144:ctp-raw-decoder]: e cls=>inps:0
[37144:ctp-raw-decoder]: e cls=>inps:0
[37144:ctp-raw-decoder]: e cls=>inps:0
[37144:ctp-raw-decoder]: e cls=>inps:0
[37144:ctp-raw-decoder]: e cls=>inps:0
[37144:ctp-raw-decoder]: e cls=>inps:0
[37144:ctp-raw-decoder]: e cls=>inps:0
[37144:ctp-raw-decoder]: e cls=>inps:0
[37144:ctp-raw-decoder]: e cls=>inps:0
[37144:ctp-raw-decoder]: e cls=>inps:0
[37144:ctp-raw-decoder]: e cls=>inps:0
[37144:ctp-raw-decoder]: e cls=>inps:0
[37144:ctp-raw-decoder]: e cls=>inps:0
[37144:ctp-raw-decoder]: e cls=>inps:0
[37144:ctp-raw-decoder]: e cls=>inps:0
[37144:ctp-raw-decoder]: e cls=>inps:0
[37144:ctp-raw-decoder]: e cls=>inps:0
[37144:ctp-raw-decoder]: a cls=>inps:0
[37144:ctp-raw-decoder]: e cls=>inps:0
[37144:ctp-raw-decoder]: e cls=>inps:0
[37144:ctp-raw-decoder]: e cls=>inps:0
[37144:ctp-raw-decoder]: e cls=>inps:0
[37144:ctp-raw-decoder]: e cls=>inps:0
[37144:ctp-raw-decoder]: e cls=>inps:0
[37144:ctp-raw-decoder]: e cls=>inps:0
[37144:ctp-raw-decoder]: e cls=>inps:0
[37144:ctp-raw-decoder]: e cls=>inps:0
[37144:ctp-raw-decoder]: a cls=>inps:0
[37144:ctp-raw-decoder]: e cls=>inps:0
[37144:ctp-raw-decoder]: e cls=>inps:0
[37144:ctp-raw-decoder]: e cls=>inps:0
[37144:ctp-raw-decoder]: e cls=>inps:0
[37144:ctp-raw-decoder]: e cls=>inps:0
[37144:ctp-raw-decoder]: e cls=>inps:0
[37144:ctp-raw-decoder]: e cls=>inps:0
[37144:ctp-raw-decoder]: e cls=>inps:0
[37144:ctp-raw-decoder]: e cls=>inps:0
[37144:ctp-raw-decoder]: e cls=>inps:0
[37144:ctp-raw-decoder]: e cls=>inps:0
[37144:ctp-raw-decoder]: e cls=>inps:0
[37144:ctp-raw-decoder]: e cls=>inps:0
[37144:ctp-raw-decoder]: e cls=>inps:0
[37144:ctp-raw-decoder]: e cls=>inps:0
[37144:ctp-raw-decoder]: 0 cls=>inps:0
[37144:ctp-raw-decoder]: 1 cls=>inps:0
[37144:ctp-raw-decoder]: 2 cls=>inps:0
[37144:ctp-raw-decoder]: 6 cls=>inps:0
[37144:ctp-raw-decoder]: e cls=>inps:0
[37144:ctp-raw-decoder]: e cls=>inps:0
[37144:ctp-raw-decoder]: e cls=>inps:0
[37144:ctp-raw-decoder]: e cls=>inps:0
[37144:ctp-raw-decoder]: e cls=>inps:0
[37144:ctp-raw-decoder]: e cls=>inps:0
[37144:ctp-raw-decoder]: e cls=>inps:0
[37144:ctp-raw-decoder]: e cls=>inps:0
[37144:ctp-raw-decoder]: e cls=>inps:0
[37144:ctp-raw-decoder]: e cls=>inps:0
[37144:ctp-raw-decoder]: e cls=>inps:0
[37144:ctp-raw-decoder]: e cls=>inps:0
[37144:ctp-raw-decoder]: e cls=>inps:0
[37144:ctp-raw-decoder]: e cls=>inps:0
[37144:ctp-raw-decoder]: e cls=>inps:0
[37144:ctp-raw-decoder]: e cls=>inps:0
[37144:ctp-raw-decoder]: e cls=>inps:0
[37144:ctp-raw-decoder]: e cls=>inps:0
[37144:ctp-raw-decoder]: e cls=>inps:0
[37144:ctp-raw-decoder]: e cls=>inps:0
[37144:ctp-raw-decoder]: e cls=>inps:0
[37144:ctp-raw-decoder]: e cls=>inps:0
[37144:ctp-raw-decoder]: e cls=>inps:0
[37144:ctp-raw-decoder]: e cls=>inps:0
[37144:ctp-raw-decoder]: e cls=>inps:0
[37144:ctp-raw-decoder]: e cls=>inps:0
[37144:ctp-raw-decoder]: e cls=>inps:0
[37144:ctp-raw-decoder]: e cls=>inps:0
[37144:ctp-raw-decoder]: e cls=>inps:0
[37144:ctp-raw-decoder]: e cls=>inps:0
[37144:ctp-raw-decoder]: e cls=>inps:0
[37144:ctp-raw-decoder]: e cls=>inps:0
[37144:ctp-raw-decoder]: e cls=>inps:0
[37144:ctp-raw-decoder]: e cls=>inps:0
[37144:ctp-raw-decoder]: e cls=>inps:0
[37144:ctp-raw-decoder]: 0 cls=>inps:0
[37144:ctp-raw-decoder]: 1 cls=>inps:0
[37144:ctp-raw-decoder]: 2 cls=>inps:0
[37144:ctp-raw-decoder]: 6 cls=>inps:0
[37144:ctp-raw-decoder]: e cls=>inps:0
[37144:ctp-raw-decoder]: e cls=>inps:0
[37144:ctp-raw-decoder]: e cls=>inps:0
[37144:ctp-raw-decoder]: e cls=>inps:0
[37144:ctp-raw-decoder]: e cls=>inps:0
[37144:ctp-raw-decoder]: e cls=>inps:0
[37144:ctp-raw-decoder]: e cls=>inps:0
[37144:ctp-raw-decoder]: e cls=>inps:0
[37144:ctp-raw-decoder]: e cls=>inps:0
[37144:ctp-raw-decoder]: e cls=>inps:0
[37144:ctp-raw-decoder]: e cls=>inps:0
[37144:ctp-raw-decoder]: e cls=>inps:0
[37144:ctp-raw-decoder]: e cls=>inps:0
[37144:ctp-raw-decoder]: e cls=>inps:0
[37144:ctp-raw-decoder]: e cls=>inps:0
[37144:ctp-raw-decoder]: e cls=>inps:0
[37144:ctp-raw-decoder]: e cls=>inps:0
[37144:ctp-raw-decoder]: e cls=>inps:0
[37144:ctp-raw-decoder]: e cls=>inps:0
[37144:ctp-raw-decoder]: a cls=>inps:0
[37144:ctp-raw-decoder]: e cls=>inps:0
[37144:ctp-raw-decoder]: e cls=>inps:0
[37144:ctp-raw-decoder]: e cls=>inps:0
[37144:ctp-raw-decoder]: e cls=>inps:0
[37144:ctp-raw-decoder]: e cls=>inps:0
[37144:ctp-raw-decoder]: e cls=>inps:0
[37144:ctp-raw-decoder]: e cls=>inps:0
[37144:ctp-raw-decoder]: e cls=>inps:0
[37144:ctp-raw-decoder]: e cls=>inps:0
[37144:ctp-raw-decoder]: e cls=>inps:0
[37144:ctp-raw-decoder]: e cls=>inps:0
[37144:ctp-raw-decoder]: e cls=>inps:0
[37144:ctp-raw-decoder]: e cls=>inps:0
[37144:ctp-raw-decoder]: e cls=>inps:0
[37144:ctp-raw-decoder]: e cls=>inps:0
[37144:ctp-raw-decoder]: e cls=>inps:0
[37144:ctp-raw-decoder]: e cls=>inps:0
[37144:ctp-raw-decoder]: e cls=>inps:0
[37144:ctp-raw-decoder]: e cls=>inps:0
[37144:ctp-raw-decoder]: e cls=>inps:0
[37144:ctp-raw-decoder]: e cls=>inps:0
[37144:ctp-raw-decoder]: e cls=>inps:0
[37144:ctp-raw-decoder]: e cls=>inps:0
[37144:ctp-raw-decoder]: e cls=>inps:0
[37144:ctp-raw-decoder]: a cls=>inps:0
[37144:ctp-raw-decoder]: e cls=>inps:0
[37144:ctp-raw-decoder]: e cls=>inps:0
[37144:ctp-raw-decoder]: e cls=>inps:0
[37144:ctp-raw-decoder]: e cls=>inps:0
[37144:ctp-raw-decoder]: e cls=>inps:0
[37144:ctp-raw-decoder]: e cls=>inps:0
[37144:ctp-raw-decoder]: e cls=>inps:0
[37144:ctp-raw-decoder]: e cls=>inps:0
[37144:ctp-raw-decoder]: e cls=>inps:0
[37144:ctp-raw-decoder]: e cls=>inps:0
[37144:ctp-raw-decoder]: e cls=>inps:0
[37144:ctp-raw-decoder]: e cls=>inps:0
[37144:ctp-raw-decoder]: e cls=>inps:0
[37144:ctp-raw-decoder]: e cls=>inps:0
[37144:ctp-raw-decoder]: e cls=>inps:0
[37144:ctp-raw-decoder]: e cls=>inps:0
[37144:ctp-raw-decoder]: e cls=>inps:0
[37144:ctp-raw-decoder]: e cls=>inps:0
[37144:ctp-raw-decoder]: e cls=>inps:0
[37144:ctp-raw-decoder]: e cls=>inps:0
[37144:ctp-raw-decoder]: e cls=>inps:0
[37144:ctp-raw-decoder]: e cls=>inps:0
[37144:ctp-raw-decoder]: e cls=>inps:0
[37144:ctp-raw-decoder]: e cls=>inps:0
[37144:ctp-raw-decoder]: e cls=>inps:0
[37144:ctp-raw-decoder]: e cls=>inps:0
[37144:ctp-raw-decoder]: e cls=>inps:0
[37144:ctp-raw-decoder]: e cls=>inps:0
[37144:ctp-raw-decoder]: e cls=>inps:0
[37144:ctp-raw-decoder]: e cls=>inps:0
[37144:ctp-raw-decoder]: e cls=>inps:0
[37144:ctp-raw-decoder]: e cls=>inps:0
[37144:ctp-raw-decoder]: e cls=>inps:0
[37144:ctp-raw-decoder]: e cls=>inps:0
[37144:ctp-raw-decoder]: e cls=>inps:0
[37144:ctp-raw-decoder]: e cls=>inps:0
[37144:ctp-raw-decoder]: e cls=>inps:0
[37144:ctp-raw-decoder]: e cls=>inps:0
[37144:ctp-raw-decoder]: e cls=>inps:0
[37144:ctp-raw-decoder]: e cls=>inps:0
[37144:ctp-raw-decoder]: e cls=>inps:0
[37144:ctp-raw-decoder]: e cls=>inps:0
[37144:ctp-raw-decoder]: e cls=>inps:0
[37144:ctp-raw-decoder]: e cls=>inps:0
[37144:ctp-raw-decoder]: e cls=>inps:0
[37144:ctp-raw-decoder]: e cls=>inps:0
[37144:ctp-raw-decoder]: e cls=>inps:0
[37144:ctp-raw-decoder]: e cls=>inps:0
[37144:ctp-raw-decoder]: e cls=>inps:0
[37144:ctp-raw-decoder]: e cls=>inps:0
[37144:ctp-raw-decoder]: e cls=>inps:0
[37144:ctp-raw-decoder]: e cls=>inps:0
[37144:ctp-raw-decoder]: e cls=>inps:0
[37144:ctp-raw-decoder]: e cls=>inps:0
[37144:ctp-raw-decoder]: e cls=>inps:0
[37144:ctp-raw-decoder]: e cls=>inps:0
[37144:ctp-raw-decoder]: e cls=>inps:0
[37144:ctp-raw-decoder]: e cls=>inps:0
[37144:ctp-raw-decoder]: e cls=>inps:0
[37144:ctp-raw-decoder]: e cls=>inps:0
[37144:ctp-raw-decoder]: 0 cls=>inps:0
[37144:ctp-raw-decoder]: 1 cls=>inps:0
[37144:ctp-raw-decoder]: 2 cls=>inps:0
[37144:ctp-raw-decoder]: 6 cls=>inps:0
[37144:ctp-raw-decoder]: e cls=>inps:0
[37144:ctp-raw-decoder]: e cls=>inps:0
[37144:ctp-raw-decoder]: e cls=>inps:0
[37144:ctp-raw-decoder]: e cls=>inps:0
[37144:ctp-raw-decoder]: e cls=>inps:0
[37144:ctp-raw-decoder]: e cls=>inps:0
[37144:ctp-raw-decoder]: e cls=>inps:0
[37144:ctp-raw-decoder]: e cls=>inps:0
[37144:ctp-raw-decoder]: e cls=>inps:0
[37144:ctp-raw-decoder]: e cls=>inps:0
[37144:ctp-raw-decoder]: e cls=>inps:0
[37144:ctp-raw-decoder]: e cls=>inps:0
[37144:ctp-raw-decoder]: e cls=>inps:0
[37144:ctp-raw-decoder]: e cls=>inps:0
[37144:ctp-raw-decoder]: e cls=>inps:0
[37144:ctp-raw-decoder]: e cls=>inps:0
[37144:ctp-raw-decoder]: e cls=>inps:0
[37144:ctp-raw-decoder]: e cls=>inps:0
[37144:ctp-raw-decoder]: e cls=>inps:0
[37144:ctp-raw-decoder]: e cls=>inps:0
[37144:ctp-raw-decoder]: e cls=>inps:0
[37144:ctp-raw-decoder]: e cls=>inps:0
[37144:ctp-raw-decoder]: e cls=>inps:0
[37144:ctp-raw-decoder]: e cls=>inps:0
[37144:ctp-raw-decoder]: e cls=>inps:0
[37144:ctp-raw-decoder]: e cls=>inps:0
[37144:ctp-raw-decoder]: e cls=>inps:0
[37144:ctp-raw-decoder]: e cls=>inps:0
[37144:ctp-raw-decoder]: e cls=>inps:0
[37144:ctp-raw-decoder]: e cls=>inps:0
[37144:ctp-raw-decoder]: 0 cls=>inps:0
[37144:ctp-raw-decoder]: 1 cls=>inps:0
[37144:ctp-raw-decoder]: 2 cls=>inps:0
[37144:ctp-raw-decoder]: 6 cls=>inps:0
[37144:ctp-raw-decoder]: e cls=>inps:0
[37144:ctp-raw-decoder]: e cls=>inps:0
[37144:ctp-raw-decoder]: e cls=>inps:0
[37144:ctp-raw-decoder]: e cls=>inps:0
[37144:ctp-raw-decoder]: e cls=>inps:0
[37144:ctp-raw-decoder]: e cls=>inps:0
[37144:ctp-raw-decoder]: e cls=>inps:0
[37144:ctp-raw-decoder]: e cls=>inps:0
[37144:ctp-raw-decoder]: e cls=>inps:0
[37144:ctp-raw-decoder]: e cls=>inps:0
[37144:ctp-raw-decoder]: e cls=>inps:0
[37144:ctp-raw-decoder]: e cls=>inps:0
[37144:ctp-raw-decoder]: e cls=>inps:0
[37144:ctp-raw-decoder]: e cls=>inps:0
[37144:ctp-raw-decoder]: e cls=>inps:0
[37144:ctp-raw-decoder]: e cls=>inps:0
[37144:ctp-raw-decoder]: 0 cls=>inps:0
[37144:ctp-raw-decoder]: 1 cls=>inps:0
[37144:ctp-raw-decoder]: 2 cls=>inps:0
[37144:ctp-raw-decoder]: 6 cls=>inps:0
[37144:ctp-raw-decoder]: e cls=>inps:0
[37144:ctp-raw-decoder]: e cls=>inps:0
[37144:ctp-raw-decoder]: e cls=>inps:0
[37144:ctp-raw-decoder]: e cls=>inps:0
[37144:ctp-raw-decoder]: e cls=>inps:0
[37144:ctp-raw-decoder]: e cls=>inps:0
[37144:ctp-raw-decoder]: e cls=>inps:0
[37144:ctp-raw-decoder]: e cls=>inps:0
[37144:ctp-raw-decoder]: e cls=>inps:0
[37144:ctp-raw-decoder]: e cls=>inps:0
[37144:ctp-raw-decoder]: e cls=>inps:0
[37144:ctp-raw-decoder]: e cls=>inps:0
[37144:ctp-raw-decoder]: e cls=>inps:0
[37144:ctp-raw-decoder]: e cls=>inps:0
[37144:ctp-raw-decoder]: e cls=>inps:0
[37144:ctp-raw-decoder]: e cls=>inps:0
[37144:ctp-raw-decoder]: e cls=>inps:0
[37144:ctp-raw-decoder]: e cls=>inps:0
[37144:ctp-raw-decoder]: e cls=>inps:0
[37144:ctp-raw-decoder]: e cls=>inps:0
[37144:ctp-raw-decoder]: e cls=>inps:0
[37144:ctp-raw-decoder]: e cls=>inps:0
[37144:ctp-raw-decoder]: e cls=>inps:0
[37144:ctp-raw-decoder]: e cls=>inps:0
[37144:ctp-raw-decoder]: e cls=>inps:0
[37144:ctp-raw-decoder]: e cls=>inps:0
[37144:ctp-raw-decoder]: e cls=>inps:0
[37144:ctp-raw-decoder]: e cls=>inps:0
[37144:ctp-raw-decoder]: e cls=>inps:0
[37144:ctp-raw-decoder]: e cls=>inps:0
[37144:ctp-raw-decoder]: e cls=>inps:0
[37144:ctp-raw-decoder]: e cls=>inps:0
[37144:ctp-raw-decoder]: e cls=>inps:0
[37144:ctp-raw-decoder]: e cls=>inps:0
[37144:ctp-raw-decoder]: e cls=>inps:0
[37144:ctp-raw-decoder]: e cls=>inps:0
[37144:ctp-raw-decoder]: e cls=>inps:0
[37144:ctp-raw-decoder]: 0 cls=>inps:0
[37144:ctp-raw-decoder]: 1 cls=>inps:0
[37144:ctp-raw-decoder]: 2 cls=>inps:0
[37144:ctp-raw-decoder]: 6 cls=>inps:0
[37144:ctp-raw-decoder]: e cls=>inps:0
[37144:ctp-raw-decoder]: e cls=>inps:0
[37144:ctp-raw-decoder]: e cls=>inps:0
[37144:ctp-raw-decoder]: e cls=>inps:0
[37144:ctp-raw-decoder]: e cls=>inps:0
[37144:ctp-raw-decoder]: e cls=>inps:0
[37144:ctp-raw-decoder]: e cls=>inps:0
[37144:ctp-raw-decoder]: e cls=>inps:0
[37144:ctp-raw-decoder]: e cls=>inps:0
[37144:ctp-raw-decoder]: e cls=>inps:0
[37144:ctp-raw-decoder]: e cls=>inps:0
[37144:ctp-raw-decoder]: e cls=>inps:0
[37144:ctp-raw-decoder]: e cls=>inps:0
[37144:ctp-raw-decoder]: e cls=>inps:0
[37144:ctp-raw-decoder]: e cls=>inps:0
[37144:ctp-raw-decoder]: e cls=>inps:0
[37144:ctp-raw-decoder]: e cls=>inps:0
[37144:ctp-raw-decoder]: e cls=>inps:0
[37144:ctp-raw-decoder]: e cls=>inps:0
[37144:ctp-raw-decoder]: e cls=>inps:0
[37144:ctp-raw-decoder]: e cls=>inps:0
[37144:ctp-raw-decoder]: e cls=>inps:0
[37144:ctp-raw-decoder]: e cls=>inps:0
[37144:ctp-raw-decoder]: e cls=>inps:0
[37144:ctp-raw-decoder]: e cls=>inps:0
[37144:ctp-raw-decoder]: 0 cls=>inps:0
[37144:ctp-raw-decoder]: 1 cls=>inps:0
[37144:ctp-raw-decoder]: 2 cls=>inps:0
[37144:ctp-raw-decoder]: 6 cls=>inps:0
[37144:ctp-raw-decoder]: e cls=>inps:0
[37144:ctp-raw-decoder]: e cls=>inps:0
[37144:ctp-raw-decoder]: e cls=>inps:0
[37144:ctp-raw-decoder]: e cls=>inps:0
[37144:ctp-raw-decoder]: e cls=>inps:0
[37144:ctp-raw-decoder]: e cls=>inps:0
[37144:ctp-raw-decoder]: e cls=>inps:0
[37144:ctp-raw-decoder]: e cls=>inps:0
[37144:ctp-raw-decoder]: e cls=>inps:0
[37144:ctp-raw-decoder]: e cls=>inps:0
[37144:ctp-raw-decoder]: e cls=>inps:0
[37144:ctp-raw-decoder]: e cls=>inps:0
[37144:ctp-raw-decoder]: e cls=>inps:0
[37144:ctp-raw-decoder]: 0 cls=>inps:0
[37144:ctp-raw-decoder]: 1 cls=>inps:0
[37144:ctp-raw-decoder]: 2 cls=>inps:0
[37144:ctp-raw-decoder]: 6 cls=>inps:0
[37144:ctp-raw-decoder]: e cls=>inps:0
[37144:ctp-raw-decoder]: e cls=>inps:0
[37144:ctp-raw-decoder]: e cls=>inps:0
[37144:ctp-raw-decoder]: e cls=>inps:0
[37144:ctp-raw-decoder]: e cls=>inps:0
[37144:ctp-raw-decoder]: e cls=>inps:0
[37144:ctp-raw-decoder]: e cls=>inps:0
[37144:ctp-raw-decoder]: e cls=>inps:0
[37144:ctp-raw-decoder]: e cls=>inps:0
[37144:ctp-raw-decoder]: e cls=>inps:0
[37144:ctp-raw-decoder]: e cls=>inps:0
[37144:ctp-raw-decoder]: e cls=>inps:0
[37144:ctp-raw-decoder]: e cls=>inps:0
[37144:ctp-raw-decoder]: e cls=>inps:0
[37144:ctp-raw-decoder]: e cls=>inps:0
[37144:ctp-raw-decoder]: e cls=>inps:0
[37144:ctp-raw-decoder]: e cls=>inps:0
[37144:ctp-raw-decoder]: e cls=>inps:0
[37144:ctp-raw-decoder]: a cls=>inps:0
[37144:ctp-raw-decoder]: e cls=>inps:0
[37144:ctp-raw-decoder]: e cls=>inps:0
[37144:ctp-raw-decoder]: e cls=>inps:0
[37144:ctp-raw-decoder]: e cls=>inps:0
[37144:ctp-raw-decoder]: e cls=>inps:0
[37144:ctp-raw-decoder]: e cls=>inps:0
[37144:ctp-raw-decoder]: e cls=>inps:0
[37144:ctp-raw-decoder]: e cls=>inps:0
[37144:ctp-raw-decoder]: e cls=>inps:0
[37144:ctp-raw-decoder]: e cls=>inps:0
[37144:ctp-raw-decoder]: e cls=>inps:0
[37144:ctp-raw-decoder]: e cls=>inps:0
[37144:ctp-raw-decoder]: a cls=>inps:0
[37144:ctp-raw-decoder]: e cls=>inps:0
[37144:ctp-raw-decoder]: e cls=>inps:0
[37144:ctp-raw-decoder]: e cls=>inps:0
[37144:ctp-raw-decoder]: e cls=>inps:0
[37144:ctp-raw-decoder]: e cls=>inps:0
[37144:ctp-raw-decoder]: e cls=>inps:0
[37144:ctp-raw-decoder]: e cls=>inps:0
[37144:ctp-raw-decoder]: e cls=>inps:0
[37144:ctp-raw-decoder]: e cls=>inps:0
[37144:ctp-raw-decoder]: e cls=>inps:0
[37144:ctp-raw-decoder]: e cls=>inps:0
[37144:ctp-raw-decoder]: e cls=>inps:0
[37144:ctp-raw-decoder]: e cls=>inps:0
[37144:ctp-raw-decoder]: e cls=>inps:0
[37144:ctp-raw-decoder]: e cls=>inps:0
[37144:ctp-raw-decoder]: e cls=>inps:0
[37144:ctp-raw-decoder]: e cls=>inps:0
[37144:ctp-raw-decoder]: e cls=>inps:0
[37144:ctp-raw-decoder]: e cls=>inps:0
[37144:ctp-raw-decoder]: e cls=>inps:0
[37144:ctp-raw-decoder]: e cls=>inps:0
[37144:ctp-raw-decoder]: e cls=>inps:0
[37144:ctp-raw-decoder]: e cls=>inps:0
[37144:ctp-raw-decoder]: e cls=>inps:0
[37144:ctp-raw-decoder]: e cls=>inps:0
[37144:ctp-raw-decoder]: e cls=>inps:0
[37144:ctp-raw-decoder]: e cls=>inps:0
[37144:ctp-raw-decoder]: e cls=>inps:0
[37144:ctp-raw-decoder]: e cls=>inps:0
[37144:ctp-raw-decoder]: e cls=>inps:0
[37144:ctp-raw-decoder]: e cls=>inps:0
[37144:ctp-raw-decoder]: e cls=>inps:0
[37144:ctp-raw-decoder]: e cls=>inps:0
[37144:ctp-raw-decoder]: e cls=>inps:0
[37144:ctp-raw-decoder]: e cls=>inps:0
[37144:ctp-raw-decoder]: a cls=>inps:0
[37144:ctp-raw-decoder]: e cls=>inps:0
[37144:ctp-raw-decoder]: e cls=>inps:0
[37144:ctp-raw-decoder]: e cls=>inps:0
[37144:ctp-raw-decoder]: e cls=>inps:0
[37144:ctp-raw-decoder]: e cls=>inps:0
[37144:ctp-raw-decoder]: e cls=>inps:0
[37144:ctp-raw-decoder]: e cls=>inps:0
[37144:ctp-raw-decoder]: e cls=>inps:0
[37144:ctp-raw-decoder]: e cls=>inps:0
[37144:ctp-raw-decoder]: e cls=>inps:0
[37144:ctp-raw-decoder]: e cls=>inps:0
[37144:ctp-raw-decoder]: e cls=>inps:0
[37144:ctp-raw-decoder]: e cls=>inps:0
[37144:ctp-raw-decoder]: e cls=>inps:0
[37144:ctp-raw-decoder]: e cls=>inps:0
[37144:ctp-raw-decoder]: e cls=>inps:0
[37144:ctp-raw-decoder]: e cls=>inps:0
[37144:ctp-raw-decoder]: e cls=>inps:0
[37144:ctp-raw-decoder]: e cls=>inps:0
[37144:ctp-raw-decoder]: e cls=>inps:0
[37144:ctp-raw-decoder]: e cls=>inps:0
[37144:ctp-raw-decoder]: e cls=>inps:0
[37144:ctp-raw-decoder]: e cls=>inps:0
[37144:ctp-raw-decoder]: e cls=>inps:0
[37144:ctp-raw-decoder]: e cls=>inps:0
[37144:ctp-raw-decoder]: e cls=>inps:0
[37144:ctp-raw-decoder]: a cls=>inps:0
[37144:ctp-raw-decoder]: e cls=>inps:0
[37144:ctp-raw-decoder]: e cls=>inps:0
[37144:ctp-raw-decoder]: e cls=>inps:0
[37144:ctp-raw-decoder]: e cls=>inps:0
[37144:ctp-raw-decoder]: e cls=>inps:0
[37144:ctp-raw-decoder]: e cls=>inps:0
[37144:ctp-raw-decoder]: e cls=>inps:0
[37144:ctp-raw-decoder]: e cls=>inps:0
[37144:ctp-raw-decoder]: e cls=>inps:0
[37144:ctp-raw-decoder]: e cls=>inps:0
[37144:ctp-raw-decoder]: e cls=>inps:0
[37144:ctp-raw-decoder]: e cls=>inps:0
[37144:ctp-raw-decoder]: e cls=>inps:0
[37144:ctp-raw-decoder]: e cls=>inps:0
[37144:ctp-raw-decoder]: e cls=>inps:0
[37144:ctp-raw-decoder]: e cls=>inps:0
[37144:ctp-raw-decoder]: e cls=>inps:0
[37144:ctp-raw-decoder]: e cls=>inps:0
[37144:ctp-raw-decoder]: e cls=>inps:0
[37144:ctp-raw-decoder]: e cls=>inps:0
[37144:ctp-raw-decoder]: e cls=>inps:0
[37144:ctp-raw-decoder]: e cls=>inps:0
[37144:ctp-raw-decoder]: e cls=>inps:0
[37144:ctp-raw-decoder]: e cls=>inps:0
[37144:ctp-raw-decoder]: e cls=>inps:0
[37144:ctp-raw-decoder]: e cls=>inps:0
[37144:ctp-raw-decoder]: e cls=>inps:0
[37144:ctp-raw-decoder]: e cls=>inps:0
[37144:ctp-raw-decoder]: e cls=>inps:0
[37144:ctp-raw-decoder]: e cls=>inps:0
[37144:ctp-raw-decoder]: e cls=>inps:0
[37144:ctp-raw-decoder]: e cls=>inps:0
[37144:ctp-raw-decoder]: e cls=>inps:0
[37144:ctp-raw-decoder]: e cls=>inps:0
[37144:ctp-raw-decoder]: e cls=>inps:0
[37144:ctp-raw-decoder]: e cls=>inps:0
[37144:ctp-raw-decoder]: e cls=>inps:0
[37144:ctp-raw-decoder]: e cls=>inps:0
[37144:ctp-raw-decoder]: e cls=>inps:0
[37144:ctp-raw-decoder]: e cls=>inps:0
[37144:ctp-raw-decoder]: e cls=>inps:0
[37144:ctp-raw-decoder]: e cls=>inps:0
[37144:ctp-raw-decoder]: e cls=>inps:0
[37144:ctp-raw-decoder]: e cls=>inps:0
[37144:ctp-raw-decoder]: e cls=>inps:0
[37144:ctp-raw-decoder]: e cls=>inps:0
[37144:ctp-raw-decoder]: e cls=>inps:0
[37144:ctp-raw-decoder]: e cls=>inps:0
[37144:ctp-raw-decoder]: e cls=>inps:0
[37144:ctp-raw-decoder]: e cls=>inps:0
[37144:ctp-raw-decoder]: e cls=>inps:0
[37144:ctp-raw-decoder]: e cls=>inps:0
[37144:ctp-raw-decoder]: e cls=>inps:0
[37144:ctp-raw-decoder]: e cls=>inps:0
[37144:ctp-raw-decoder]: e cls=>inps:0
[37144:ctp-raw-decoder]: e cls=>inps:0
[37144:ctp-raw-decoder]: e cls=>inps:0
[37144:ctp-raw-decoder]: e cls=>inps:0
[37144:ctp-raw-decoder]: e cls=>inps:0
[37144:ctp-raw-decoder]: e cls=>inps:0
[37144:ctp-raw-decoder]: e cls=>inps:0
[37144:ctp-raw-decoder]: e cls=>inps:0
[37144:ctp-raw-decoder]: e cls=>inps:0
[37144:ctp-raw-decoder]: e cls=>inps:0
[37144:ctp-raw-decoder]: e cls=>inps:0
[37144:ctp-raw-decoder]: e cls=>inps:0
[37144:ctp-raw-decoder]: e cls=>inps:0
[37144:ctp-raw-decoder]: e cls=>inps:0
[37144:ctp-raw-decoder]: e cls=>inps:0
[37144:ctp-raw-decoder]: e cls=>inps:0
[37144:ctp-raw-decoder]: e cls=>inps:0
[37144:ctp-raw-decoder]: e cls=>inps:0
[37144:ctp-raw-decoder]: e cls=>inps:0
[37144:ctp-raw-decoder]: e cls=>inps:0
[37144:ctp-raw-decoder]: e cls=>inps:0
[37144:ctp-raw-decoder]: e cls=>inps:0
[37144:ctp-raw-decoder]: e cls=>inps:0
[37144:ctp-raw-decoder]: e cls=>inps:0
[37144:ctp-raw-decoder]: e cls=>inps:0
[37144:ctp-raw-decoder]: e cls=>inps:0
[37144:ctp-raw-decoder]: e cls=>inps:0
[37144:ctp-raw-decoder]: e cls=>inps:0
[37144:ctp-raw-decoder]: e cls=>inps:0
[37144:ctp-raw-decoder]: e cls=>inps:0
[37144:ctp-raw-decoder]: e cls=>inps:0
[37144:ctp-raw-decoder]: e cls=>inps:0
[37144:ctp-raw-decoder]: e cls=>inps:0
[37144:ctp-raw-decoder]: a cls=>inps:0
[37144:ctp-raw-decoder]: e cls=>inps:0
[37144:ctp-raw-decoder]: e cls=>inps:0
[37144:ctp-raw-decoder]: e cls=>inps:0
[37144:ctp-raw-decoder]: e cls=>inps:0
[37144:ctp-raw-decoder]: e cls=>inps:0
[37144:ctp-raw-decoder]: e cls=>inps:0
[37144:ctp-raw-decoder]: e cls=>inps:0
[37144:ctp-raw-decoder]: e cls=>inps:0
[37144:ctp-raw-decoder]: e cls=>inps:0
[37144:ctp-raw-decoder]: e cls=>inps:0
[37144:ctp-raw-decoder]: e cls=>inps:0
[37144:ctp-raw-decoder]: e cls=>inps:0
[37144:ctp-raw-decoder]: e cls=>inps:0
[37144:ctp-raw-decoder]: e cls=>inps:0
[37144:ctp-raw-decoder]: e cls=>inps:0
[37144:ctp-raw-decoder]: e cls=>inps:0
[37144:ctp-raw-decoder]: e cls=>inps:0
[37144:ctp-raw-decoder]: e cls=>inps:0
[37144:ctp-raw-decoder]: e cls=>inps:0
[37144:ctp-raw-decoder]: e cls=>inps:0
[37144:ctp-raw-decoder]: e cls=>inps:0
[37144:ctp-raw-decoder]: e cls=>inps:0
[37144:ctp-raw-decoder]: e cls=>inps:0
[37144:ctp-raw-decoder]: e cls=>inps:0
[37144:ctp-raw-decoder]: e cls=>inps:0
[37144:ctp-raw-decoder]: e cls=>inps:0
[37144:ctp-raw-decoder]: e cls=>inps:0
[37144:ctp-raw-decoder]: 0 cls=>inps:0
[37144:ctp-raw-decoder]: 1 cls=>inps:0
[37144:ctp-raw-decoder]: 2 cls=>inps:0
[37144:ctp-raw-decoder]: 6 cls=>inps:0
[37144:ctp-raw-decoder]: e cls=>inps:0
[37144:ctp-raw-decoder]: e cls=>inps:0
[37144:ctp-raw-decoder]: e cls=>inps:0
[37144:ctp-raw-decoder]: 0 cls=>inps:0
[37144:ctp-raw-decoder]: 1 cls=>inps:0
[37144:ctp-raw-decoder]: 2 cls=>inps:0
[37144:ctp-raw-decoder]: 6 cls=>inps:0
[37144:ctp-raw-decoder]: e cls=>inps:0
[37144:ctp-raw-decoder]: e cls=>inps:0
[37144:ctp-raw-decoder]: e cls=>inps:0
[37144:ctp-raw-decoder]: e cls=>inps:0
[37144:ctp-raw-decoder]: e cls=>inps:0
[37144:ctp-raw-decoder]: e cls=>inps:0
[37144:ctp-raw-decoder]: e cls=>inps:0
[37144:ctp-raw-decoder]: e cls=>inps:0
[37144:ctp-raw-decoder]: e cls=>inps:0
[37144:ctp-raw-decoder]: e cls=>inps:0
[37144:ctp-raw-decoder]: e cls=>inps:0
[37144:ctp-raw-decoder]: e cls=>inps:0
[37144:ctp-raw-decoder]: e cls=>inps:0
[37144:ctp-raw-decoder]: e cls=>inps:0
[37144:ctp-raw-decoder]: e cls=>inps:0
[37144:ctp-raw-decoder]: e cls=>inps:0
[37144:ctp-raw-decoder]: e cls=>inps:0
[37144:ctp-raw-decoder]: e cls=>inps:0
[37144:ctp-raw-decoder]: e cls=>inps:0
[37144:ctp-raw-decoder]: e cls=>inps:0
[37144:ctp-raw-decoder]: e cls=>inps:0
[37144:ctp-raw-decoder]: e cls=>inps:0
[37144:ctp-raw-decoder]: e cls=>inps:0
[37144:ctp-raw-decoder]: e cls=>inps:0
[37144:ctp-raw-decoder]: e cls=>inps:0
[37144:ctp-raw-decoder]: e cls=>inps:0
[37144:ctp-raw-decoder]: e cls=>inps:0
[37144:ctp-raw-decoder]: e cls=>inps:0
[37144:ctp-raw-decoder]: e cls=>inps:0
[37144:ctp-raw-decoder]: e cls=>inps:0
[37144:ctp-raw-decoder]: e cls=>inps:0
[37144:ctp-raw-decoder]: e cls=>inps:0
[37144:ctp-raw-decoder]: e cls=>inps:0
[37144:ctp-raw-decoder]: e cls=>inps:0
[37144:ctp-raw-decoder]: e cls=>inps:0
[37144:ctp-raw-decoder]: e cls=>inps:0
[37144:ctp-raw-decoder]: e cls=>inps:0
[37144:ctp-raw-decoder]: e cls=>inps:0
[37144:ctp-raw-decoder]: e cls=>inps:0
[37144:ctp-raw-decoder]: e cls=>inps:0
[37144:ctp-raw-decoder]: e cls=>inps:0
[37144:ctp-raw-decoder]: e cls=>inps:0
[37144:ctp-raw-decoder]: e cls=>inps:0
[37144:ctp-raw-decoder]: e cls=>inps:0
[37144:ctp-raw-decoder]: e cls=>inps:0
[37144:ctp-raw-decoder]: e cls=>inps:0
[37144:ctp-raw-decoder]: e cls=>inps:0
[37144:ctp-raw-decoder]: e cls=>inps:0
[37144:ctp-raw-decoder]: e cls=>inps:0
[37144:ctp-raw-decoder]: e cls=>inps:0
[37144:ctp-raw-decoder]: e cls=>inps:0
[37144:ctp-raw-decoder]: e cls=>inps:0
[37144:ctp-raw-decoder]: e cls=>inps:0
[37144:ctp-raw-decoder]: e cls=>inps:0
[37144:ctp-raw-decoder]: e cls=>inps:0
[37144:ctp-raw-decoder]: e cls=>inps:0
[37144:ctp-raw-decoder]: e cls=>inps:0
[37144:ctp-raw-decoder]: e cls=>inps:0
[37144:ctp-raw-decoder]: e cls=>inps:0
[37144:ctp-raw-decoder]: e cls=>inps:0
[37144:ctp-raw-decoder]: e cls=>inps:0
[37144:ctp-raw-decoder]: e cls=>inps:0
[37144:ctp-raw-decoder]: e cls=>inps:0
[37144:ctp-raw-decoder]: e cls=>inps:0
[37144:ctp-raw-decoder]: e cls=>inps:0
[37144:ctp-raw-decoder]: e cls=>inps:0
[37144:ctp-raw-decoder]: e cls=>inps:0
[37144:ctp-raw-decoder]: e cls=>inps:0
[37144:ctp-raw-decoder]: e cls=>inps:0
[37144:ctp-raw-decoder]: e cls=>inps:0
[37144:ctp-raw-decoder]: e cls=>inps:0
[37144:ctp-raw-decoder]: e cls=>inps:0
[37144:ctp-raw-decoder]: e cls=>inps:0
[37144:ctp-raw-decoder]: e cls=>inps:0
[37144:ctp-raw-decoder]: e cls=>inps:0
[37144:ctp-raw-decoder]: e cls=>inps:0
[37144:ctp-raw-decoder]: e cls=>inps:0
[37144:ctp-raw-decoder]: e cls=>inps:0
[37144:ctp-raw-decoder]: e cls=>inps:0
[37144:ctp-raw-decoder]: e cls=>inps:0
[37144:ctp-raw-decoder]: e cls=>inps:0
[37144:ctp-raw-decoder]: e cls=>inps:0
[37144:ctp-raw-decoder]: e cls=>inps:0
[37144:ctp-raw-decoder]: e cls=>inps:0
[37144:ctp-raw-decoder]: e cls=>inps:0
[37144:ctp-raw-decoder]: e cls=>inps:0
[37144:ctp-raw-decoder]: e cls=>inps:0
[37144:ctp-raw-decoder]: e cls=>inps:0
[37144:ctp-raw-decoder]: e cls=>inps:0
[37144:ctp-raw-decoder]: e cls=>inps:0
[37144:ctp-raw-decoder]: e cls=>inps:0
[37144:ctp-raw-decoder]: e cls=>inps:0
[37144:ctp-raw-decoder]: a cls=>inps:0
[37144:ctp-raw-decoder]: e cls=>inps:0
[37144:ctp-raw-decoder]: e cls=>inps:0
[37144:ctp-raw-decoder]: e cls=>inps:0
[37144:ctp-raw-decoder]: e cls=>inps:0
[37144:ctp-raw-decoder]: e cls=>inps:0
[37144:ctp-raw-decoder]: e cls=>inps:0
[37144:ctp-raw-decoder]: e cls=>inps:0
[37144:ctp-raw-decoder]: e cls=>inps:0
[37144:ctp-raw-decoder]: e cls=>inps:0
[37144:ctp-raw-decoder]: e cls=>inps:0
[37144:ctp-raw-decoder]: e cls=>inps:0
[37144:ctp-raw-decoder]: e cls=>inps:0
[37144:ctp-raw-decoder]: e cls=>inps:0
[37144:ctp-raw-decoder]: e cls=>inps:0
[37144:ctp-raw-decoder]: e cls=>inps:0
[37144:ctp-raw-decoder]: e cls=>inps:0
[37144:ctp-raw-decoder]: e cls=>inps:0
[37144:ctp-raw-decoder]: e cls=>inps:0
[37144:ctp-raw-decoder]: e cls=>inps:0
[37144:ctp-raw-decoder]: e cls=>inps:0
[37144:ctp-raw-decoder]: e cls=>inps:0
[37144:ctp-raw-decoder]: e cls=>inps:0
[37144:ctp-raw-decoder]: e cls=>inps:0
[37144:ctp-raw-decoder]: 0 cls=>inps:0
[37144:ctp-raw-decoder]: 1 cls=>inps:0
[37144:ctp-raw-decoder]: 2 cls=>inps:0
[37144:ctp-raw-decoder]: 6 cls=>inps:0
[37144:ctp-raw-decoder]: e cls=>inps:0
[37144:ctp-raw-decoder]: e cls=>inps:0
[37144:ctp-raw-decoder]: e cls=>inps:0
[37144:ctp-raw-decoder]: e cls=>inps:0
[37144:ctp-raw-decoder]: e cls=>inps:0
[37144:ctp-raw-decoder]: e cls=>inps:0
[37144:ctp-raw-decoder]: e cls=>inps:0
[37144:ctp-raw-decoder]: e cls=>inps:0
[37144:ctp-raw-decoder]: e cls=>inps:0
[37144:ctp-raw-decoder]: e cls=>inps:0
[37144:ctp-raw-decoder]: e cls=>inps:0
[37144:ctp-raw-decoder]: e cls=>inps:0
[37144:ctp-raw-decoder]: e cls=>inps:0
[37144:ctp-raw-decoder]: e cls=>inps:0
[37144:ctp-raw-decoder]: e cls=>inps:0
[37144:ctp-raw-decoder]: e cls=>inps:0
[37144:ctp-raw-decoder]: e cls=>inps:0
[37144:ctp-raw-decoder]: e cls=>inps:0
[37144:ctp-raw-decoder]: e cls=>inps:0
[37144:ctp-raw-decoder]: e cls=>inps:0
[37144:ctp-raw-decoder]: e cls=>inps:0
[37144:ctp-raw-decoder]: e cls=>inps:0
[37144:ctp-raw-decoder]: e cls=>inps:0
[37144:ctp-raw-decoder]: e cls=>inps:0
[37144:ctp-raw-decoder]: e cls=>inps:0
[37144:ctp-raw-decoder]: e cls=>inps:0
[37144:ctp-raw-decoder]: e cls=>inps:0
[37144:ctp-raw-decoder]: e cls=>inps:0
[37144:ctp-raw-decoder]: e cls=>inps:0
[37144:ctp-raw-decoder]: e cls=>inps:0
[37144:ctp-raw-decoder]: e cls=>inps:0
[37144:ctp-raw-decoder]: e cls=>inps:0
[37144:ctp-raw-decoder]: e cls=>inps:0
[37144:ctp-raw-decoder]: e cls=>inps:0
[37144:ctp-raw-decoder]: e cls=>inps:0
[37144:ctp-raw-decoder]: e cls=>inps:0
[37144:ctp-raw-decoder]: e cls=>inps:0
[37144:ctp-raw-decoder]: e cls=>inps:0
[37144:ctp-raw-decoder]: e cls=>inps:0
[37144:ctp-raw-decoder]: e cls=>inps:0
[37144:ctp-raw-decoder]: e cls=>inps:0
[37144:ctp-raw-decoder]: e cls=>inps:0
[37144:ctp-raw-decoder]: e cls=>inps:0
[37144:ctp-raw-decoder]: e cls=>inps:0
[37144:ctp-raw-decoder]: a cls=>inps:0
[37144:ctp-raw-decoder]: e cls=>inps:0
[37144:ctp-raw-decoder]: e cls=>inps:0
[37144:ctp-raw-decoder]: e cls=>inps:0
[37144:ctp-raw-decoder]: e cls=>inps:0
[37144:ctp-raw-decoder]: e cls=>inps:0
[37144:ctp-raw-decoder]: e cls=>inps:0
[37144:ctp-raw-decoder]: e cls=>inps:0
[37144:ctp-raw-decoder]: e cls=>inps:0
[37144:ctp-raw-decoder]: e cls=>inps:0
[37144:ctp-raw-decoder]: e cls=>inps:0
[37144:ctp-raw-decoder]: e cls=>inps:0
[37144:ctp-raw-decoder]: e cls=>inps:0
[37144:ctp-raw-decoder]: e cls=>inps:0
[37144:ctp-raw-decoder]: e cls=>inps:0
[37144:ctp-raw-decoder]: e cls=>inps:0
[37144:ctp-raw-decoder]: e cls=>inps:0
[37144:ctp-raw-decoder]: e cls=>inps:0
[37144:ctp-raw-decoder]: e cls=>inps:0
[37144:ctp-raw-decoder]: e cls=>inps:0
[37144:ctp-raw-decoder]: e cls=>inps:0
[37144:ctp-raw-decoder]: e cls=>inps:0
[37144:ctp-raw-decoder]: e cls=>inps:0
[37144:ctp-raw-decoder]: e cls=>inps:0
[37144:ctp-raw-decoder]: e cls=>inps:0
[37144:ctp-raw-decoder]: e cls=>inps:0
[37144:ctp-raw-decoder]: e cls=>inps:0
[37144:ctp-raw-decoder]: e cls=>inps:0
[37144:ctp-raw-decoder]: e cls=>inps:0
[37144:ctp-raw-decoder]: e cls=>inps:0
[37144:ctp-raw-decoder]: e cls=>inps:0
[37144:ctp-raw-decoder]: e cls=>inps:0
[37144:ctp-raw-decoder]: e cls=>inps:0
[37144:ctp-raw-decoder]: e cls=>inps:0
[37144:ctp-raw-decoder]: e cls=>inps:0
[37144:ctp-raw-decoder]: e cls=>inps:0
[37144:ctp-raw-decoder]: e cls=>inps:0
[37144:ctp-raw-decoder]: e cls=>inps:0
[37144:ctp-raw-decoder]: e cls=>inps:0
[37144:ctp-raw-decoder]: e cls=>inps:0
[37144:ctp-raw-decoder]: 0 cls=>inps:0
[37144:ctp-raw-decoder]: 1 cls=>inps:0
[37144:ctp-raw-decoder]: 2 cls=>inps:0
[37144:ctp-raw-decoder]: 6 cls=>inps:0
[37144:ctp-raw-decoder]: e cls=>inps:0
[37144:ctp-raw-decoder]: e cls=>inps:0
[37144:ctp-raw-decoder]: e cls=>inps:0
[37144:ctp-raw-decoder]: e cls=>inps:0
[37144:ctp-raw-decoder]: e cls=>inps:0
[37144:ctp-raw-decoder]: e cls=>inps:0
[37144:ctp-raw-decoder]: e cls=>inps:0
[37144:ctp-raw-decoder]: e cls=>inps:0
[37144:ctp-raw-decoder]: e cls=>inps:0
[37144:ctp-raw-decoder]: e cls=>inps:0
[37144:ctp-raw-decoder]: e cls=>inps:0
[37144:ctp-raw-decoder]: e cls=>inps:0
[37144:ctp-raw-decoder]: e cls=>inps:0
[37144:ctp-raw-decoder]: e cls=>inps:0
[37144:ctp-raw-decoder]: e cls=>inps:0
[37144:ctp-raw-decoder]: e cls=>inps:0
[37144:ctp-raw-decoder]: e cls=>inps:0
[37144:ctp-raw-decoder]: e cls=>inps:0
[37144:ctp-raw-decoder]: e cls=>inps:0
[37144:ctp-raw-decoder]: e cls=>inps:0
[37144:ctp-raw-decoder]: e cls=>inps:0
[37144:ctp-raw-decoder]: e cls=>inps:0
[37144:ctp-raw-decoder]: e cls=>inps:0
[37144:ctp-raw-decoder]: e cls=>inps:0
[37144:ctp-raw-decoder]: e cls=>inps:0
[37144:ctp-raw-decoder]: e cls=>inps:0
[37144:ctp-raw-decoder]: e cls=>inps:0
[37144:ctp-raw-decoder]: e cls=>inps:0
[37144:ctp-raw-decoder]: e cls=>inps:0
[37144:ctp-raw-decoder]: e cls=>inps:0
[37144:ctp-raw-decoder]: e cls=>inps:0
[37144:ctp-raw-decoder]: e cls=>inps:0
[37144:ctp-raw-decoder]: e cls=>inps:0
[37144:ctp-raw-decoder]: e cls=>inps:0
[37144:ctp-raw-decoder]: a cls=>inps:0
[37144:ctp-raw-decoder]: e cls=>inps:0
[37144:ctp-raw-decoder]: e cls=>inps:0
[37144:ctp-raw-decoder]: e cls=>inps:0
[37144:ctp-raw-decoder]: e cls=>inps:0
[37144:ctp-raw-decoder]: e cls=>inps:0
[37144:ctp-raw-decoder]: e cls=>inps:0
[37144:ctp-raw-decoder]: [18:22:26][INFO] [CTPRawToDigitConverter - run] Writing 6814 digits. IR rejected:0 TCR rejected:11
[37145:ctp-digit-writer]: [18:22:26][INFO] CTPDigitWriter pulled 6814 digits
[37144:ctp-raw-decoder]: tforbit==================>93ba2c0 93ba2c0
[37144:ctp-raw-decoder]: tforbit==================>93ba2c0 93ba2c0
[37144:ctp-raw-decoder]: [18:22:26][INFO] LOST:BCid:   13 Orbit: 154903232 shift:15
[37144:ctp-raw-decoder]: [18:22:26][INFO] LOST:BCid:   76 Orbit: 154903232 shift:296
[37144:ctp-raw-decoder]: [18:22:26][INFO] LOST:BCid:   98 Orbit: 154903232 shift:296
[37144:ctp-raw-decoder]: [18:22:26][INFO] LOST:BCid:  272 Orbit: 154903232 shift:296
[37144:ctp-raw-decoder]: [18:22:26][INFO] LOST:BCid:  276 Orbit: 154903232 shift:296
[37144:ctp-raw-decoder]: [18:22:26][INFO] LOST:BCid:  294 Orbit: 154903232 shift:296
[37144:ctp-raw-decoder]: [18:22:26][INFO] Checking readout
[37144:ctp-raw-decoder]: e cls=>inps:0
[37144:ctp-raw-decoder]: e cls=>inps:0
[37144:ctp-raw-decoder]: e cls=>inps:0
[37144:ctp-raw-decoder]: e cls=>inps:0
[37144:ctp-raw-decoder]: e cls=>inps:0
[37144:ctp-raw-decoder]: e cls=>inps:0
[37144:ctp-raw-decoder]: e cls=>inps:0
[37144:ctp-raw-decoder]: e cls=>inps:0
[37144:ctp-raw-decoder]: e cls=>inps:0
[37144:ctp-raw-decoder]: e cls=>inps:0
[37144:ctp-raw-decoder]: e cls=>inps:0
[37144:ctp-raw-decoder]: e cls=>inps:0
[37144:ctp-raw-decoder]: e cls=>inps:0
[37144:ctp-raw-decoder]: e cls=>inps:0
[37144:ctp-raw-decoder]: e cls=>inps:0
[37144:ctp-raw-decoder]: e cls=>inps:0
[37144:ctp-raw-decoder]: e cls=>inps:0
[37144:ctp-raw-decoder]: e cls=>inps:0
[37144:ctp-raw-decoder]: e cls=>inps:0
[37144:ctp-raw-decoder]: e cls=>inps:0
[37144:ctp-raw-decoder]: e cls=>inps:0
[37144:ctp-raw-decoder]: e cls=>inps:0
[37144:ctp-raw-decoder]: e cls=>inps:0
[37144:ctp-raw-decoder]: e cls=>inps:0
[37144:ctp-raw-decoder]: e cls=>inps:0
[37144:ctp-raw-decoder]: e cls=>inps:0
[37144:ctp-raw-decoder]: e cls=>inps:0
[37144:ctp-raw-decoder]: e cls=>inps:0
[37144:ctp-raw-decoder]: e cls=>inps:0
[37144:ctp-raw-decoder]: e cls=>inps:0
[37144:ctp-raw-decoder]: e cls=>inps:0
[37144:ctp-raw-decoder]: e cls=>inps:0
[37144:ctp-raw-decoder]: e cls=>inps:0
[37144:ctp-raw-decoder]: e cls=>inps:0
[37144:ctp-raw-decoder]: e cls=>inps:0
[37144:ctp-raw-decoder]: e cls=>inps:0
[37144:ctp-raw-decoder]: e cls=>inps:0
[37144:ctp-raw-decoder]: e cls=>inps:0
[37144:ctp-raw-decoder]: e cls=>inps:0
[37144:ctp-raw-decoder]: e cls=>inps:0
[37144:ctp-raw-decoder]: e cls=>inps:0
[37144:ctp-raw-decoder]: e cls=>inps:0
[37144:ctp-raw-decoder]: e cls=>inps:0
[37144:ctp-raw-decoder]: e cls=>inps:0
[37144:ctp-raw-decoder]: e cls=>inps:0
[37144:ctp-raw-decoder]: e cls=>inps:0
[37144:ctp-raw-decoder]: a cls=>inps:0
[37144:ctp-raw-decoder]: e cls=>inps:0
[37144:ctp-raw-decoder]: e cls=>inps:0
[37144:ctp-raw-decoder]: e cls=>inps:0
[37144:ctp-raw-decoder]: e cls=>inps:0
[37144:ctp-raw-decoder]: e cls=>inps:0
[37144:ctp-raw-decoder]: e cls=>inps:0
[37144:ctp-raw-decoder]: e cls=>inps:0
[37144:ctp-raw-decoder]: e cls=>inps:0
[37144:ctp-raw-decoder]: e cls=>inps:0
[37144:ctp-raw-decoder]: e cls=>inps:0
[37144:ctp-raw-decoder]: e cls=>inps:0
[37144:ctp-raw-decoder]: e cls=>inps:0
[37144:ctp-raw-decoder]: e cls=>inps:0
[37144:ctp-raw-decoder]: e cls=>inps:0
[37144:ctp-raw-decoder]: e cls=>inps:0
[37144:ctp-raw-decoder]: e cls=>inps:0
[37144:ctp-raw-decoder]: e cls=>inps:0
[37144:ctp-raw-decoder]: a cls=>inps:0
[37144:ctp-raw-decoder]: e cls=>inps:0
[37144:ctp-raw-decoder]: e cls=>inps:0
[37144:ctp-raw-decoder]: e cls=>inps:0
[37144:ctp-raw-decoder]: e cls=>inps:0
[37144:ctp-raw-decoder]: e cls=>inps:0
[37144:ctp-raw-decoder]: e cls=>inps:0
[37144:ctp-raw-decoder]: e cls=>inps:0
[37144:ctp-raw-decoder]: e cls=>inps:0
[37144:ctp-raw-decoder]: e cls=>inps:0
[37144:ctp-raw-decoder]: e cls=>inps:0
[37144:ctp-raw-decoder]: e cls=>inps:0
[37144:ctp-raw-decoder]: e cls=>inps:0
[37144:ctp-raw-decoder]: e cls=>inps:0
[37144:ctp-raw-decoder]: e cls=>inps:0
[37144:ctp-raw-decoder]: e cls=>inps:0
[37144:ctp-raw-decoder]: e cls=>inps:0
[37144:ctp-raw-decoder]: e cls=>inps:0
[37144:ctp-raw-decoder]: e cls=>inps:0
[37144:ctp-raw-decoder]: e cls=>inps:0
[37144:ctp-raw-decoder]: e cls=>inps:0
[37144:ctp-raw-decoder]: e cls=>inps:0
[37144:ctp-raw-decoder]: 0 cls=>inps:0
[37144:ctp-raw-decoder]: 1 cls=>inps:0
[37144:ctp-raw-decoder]: 2 cls=>inps:0
[37144:ctp-raw-decoder]: 6 cls=>inps:0
[37144:ctp-raw-decoder]: e cls=>inps:0
[37144:ctp-raw-decoder]: e cls=>inps:0
[37144:ctp-raw-decoder]: e cls=>inps:0
[37144:ctp-raw-decoder]: e cls=>inps:0
[37144:ctp-raw-decoder]: e cls=>inps:0
[37144:ctp-raw-decoder]: e cls=>inps:0
[37144:ctp-raw-decoder]: e cls=>inps:0
[37144:ctp-raw-decoder]: e cls=>inps:0
[37144:ctp-raw-decoder]: e cls=>inps:0
[37144:ctp-raw-decoder]: e cls=>inps:0
[37144:ctp-raw-decoder]: e cls=>inps:0
[37144:ctp-raw-decoder]: e cls=>inps:0
[37144:ctp-raw-decoder]: a cls=>inps:0
[37144:ctp-raw-decoder]: e cls=>inps:0
[37144:ctp-raw-decoder]: e cls=>inps:0
[37144:ctp-raw-decoder]: e cls=>inps:0
[37144:ctp-raw-decoder]: e cls=>inps:0
[37144:ctp-raw-decoder]: 0 cls=>inps:0
[37144:ctp-raw-decoder]: 1 cls=>inps:0
[37144:ctp-raw-decoder]: 2 cls=>inps:0
[37144:ctp-raw-decoder]: 6 cls=>inps:0
[37144:ctp-raw-decoder]: e cls=>inps:0
[37144:ctp-raw-decoder]: 0 cls=>inps:0
[37144:ctp-raw-decoder]: 1 cls=>inps:0
[37144:ctp-raw-decoder]: 2 cls=>inps:0
[37144:ctp-raw-decoder]: 6 cls=>inps:0
[37144:ctp-raw-decoder]: e cls=>inps:0
[37144:ctp-raw-decoder]: e cls=>inps:0
[37144:ctp-raw-decoder]: e cls=>inps:0
[37144:ctp-raw-decoder]: e cls=>inps:0
[37144:ctp-raw-decoder]: e cls=>inps:0
[37144:ctp-raw-decoder]: e cls=>inps:0
[37144:ctp-raw-decoder]: e cls=>inps:0
[37144:ctp-raw-decoder]: e cls=>inps:0
[37144:ctp-raw-decoder]: e cls=>inps:0
[37144:ctp-raw-decoder]: e cls=>inps:0
[37144:ctp-raw-decoder]: e cls=>inps:0
[37144:ctp-raw-decoder]: e cls=>inps:0
[37144:ctp-raw-decoder]: e cls=>inps:0
[37144:ctp-raw-decoder]: e cls=>inps:0
[37144:ctp-raw-decoder]: e cls=>inps:0
[37144:ctp-raw-decoder]: e cls=>inps:0
[37144:ctp-raw-decoder]: 0 cls=>inps:0
[37144:ctp-raw-decoder]: 1 cls=>inps:0
[37144:ctp-raw-decoder]: 2 cls=>inps:0
[37144:ctp-raw-decoder]: 6 cls=>inps:0
[37144:ctp-raw-decoder]: e cls=>inps:0
[37144:ctp-raw-decoder]: e cls=>inps:0
[37144:ctp-raw-decoder]: e cls=>inps:0
[37144:ctp-raw-decoder]: e cls=>inps:0
[37144:ctp-raw-decoder]: e cls=>inps:0
[37144:ctp-raw-decoder]: e cls=>inps:0
[37144:ctp-raw-decoder]: e cls=>inps:0
[37144:ctp-raw-decoder]: a cls=>inps:0
[37144:ctp-raw-decoder]: e cls=>inps:0
[37144:ctp-raw-decoder]: e cls=>inps:0
[37144:ctp-raw-decoder]: e cls=>inps:0
[37144:ctp-raw-decoder]: e cls=>inps:0
[37144:ctp-raw-decoder]: e cls=>inps:0
[37144:ctp-raw-decoder]: e cls=>inps:0
[37144:ctp-raw-decoder]: e cls=>inps:0
[37144:ctp-raw-decoder]: e cls=>inps:0
[37144:ctp-raw-decoder]: e cls=>inps:0
[37144:ctp-raw-decoder]: e cls=>inps:0
[37144:ctp-raw-decoder]: 0 cls=>inps:0
[37144:ctp-raw-decoder]: 1 cls=>inps:0
[37144:ctp-raw-decoder]: 2 cls=>inps:0
[37144:ctp-raw-decoder]: 6 cls=>inps:0
[37144:ctp-raw-decoder]: e cls=>inps:0
[37144:ctp-raw-decoder]: e cls=>inps:0
[37144:ctp-raw-decoder]: e cls=>inps:0
[37144:ctp-raw-decoder]: e cls=>inps:0
[37144:ctp-raw-decoder]: e cls=>inps:0
[37144:ctp-raw-decoder]: e cls=>inps:0
[37144:ctp-raw-decoder]: e cls=>inps:0
[37144:ctp-raw-decoder]: e cls=>inps:0
[37144:ctp-raw-decoder]: e cls=>inps:0
[37144:ctp-raw-decoder]: e cls=>inps:0
[37144:ctp-raw-decoder]: e cls=>inps:0
[37144:ctp-raw-decoder]: e cls=>inps:0
[37144:ctp-raw-decoder]: e cls=>inps:0
[37144:ctp-raw-decoder]: e cls=>inps:0
[37144:ctp-raw-decoder]: e cls=>inps:0
[37144:ctp-raw-decoder]: e cls=>inps:0
[37144:ctp-raw-decoder]: a cls=>inps:0
[37144:ctp-raw-decoder]: e cls=>inps:0
[37144:ctp-raw-decoder]: a cls=>inps:0
[37144:ctp-raw-decoder]: e cls=>inps:0
[37144:ctp-raw-decoder]: e cls=>inps:0
[37144:ctp-raw-decoder]: e cls=>inps:0
[37144:ctp-raw-decoder]: e cls=>inps:0
[37144:ctp-raw-decoder]: e cls=>inps:0
[37144:ctp-raw-decoder]: e cls=>inps:0
[37144:ctp-raw-decoder]: e cls=>inps:0
[37144:ctp-raw-decoder]: e cls=>inps:0
[37144:ctp-raw-decoder]: e cls=>inps:0
[37144:ctp-raw-decoder]: e cls=>inps:0
[37144:ctp-raw-decoder]: e cls=>inps:0
[37144:ctp-raw-decoder]: e cls=>inps:0
[37144:ctp-raw-decoder]: e cls=>inps:0
[37144:ctp-raw-decoder]: a cls=>inps:0
[37144:ctp-raw-decoder]: e cls=>inps:0
[37144:ctp-raw-decoder]: e cls=>inps:0
[37144:ctp-raw-decoder]: e cls=>inps:0
[37144:ctp-raw-decoder]: e cls=>inps:0
[37144:ctp-raw-decoder]: e cls=>inps:0
[37144:ctp-raw-decoder]: e cls=>inps:0
[37144:ctp-raw-decoder]: e cls=>inps:0
[37144:ctp-raw-decoder]: e cls=>inps:0
[37144:ctp-raw-decoder]: e cls=>inps:0
[37144:ctp-raw-decoder]: 0 cls=>inps:0
[37144:ctp-raw-decoder]: 1 cls=>inps:0
[37144:ctp-raw-decoder]: 2 cls=>inps:0
[37144:ctp-raw-decoder]: 6 cls=>inps:0
[37144:ctp-raw-decoder]: e cls=>inps:0
[37144:ctp-raw-decoder]: e cls=>inps:0
[37144:ctp-raw-decoder]: e cls=>inps:0
[37144:ctp-raw-decoder]: e cls=>inps:0
[37144:ctp-raw-decoder]: e cls=>inps:0
[37144:ctp-raw-decoder]: e cls=>inps:0
[37144:ctp-raw-decoder]: e cls=>inps:0
[37144:ctp-raw-decoder]: e cls=>inps:0
[37144:ctp-raw-decoder]: e cls=>inps:0
[37144:ctp-raw-decoder]: e cls=>inps:0
[37144:ctp-raw-decoder]: e cls=>inps:0
[37144:ctp-raw-decoder]: e cls=>inps:0
[37144:ctp-raw-decoder]: e cls=>inps:0
[37144:ctp-raw-decoder]: e cls=>inps:0
[37144:ctp-raw-decoder]: e cls=>inps:0
[37144:ctp-raw-decoder]: e cls=>inps:0
[37144:ctp-raw-decoder]: e cls=>inps:0
[37144:ctp-raw-decoder]: e cls=>inps:0
[37144:ctp-raw-decoder]: e cls=>inps:0
[37144:ctp-raw-decoder]: e cls=>inps:0
[37144:ctp-raw-decoder]: e cls=>inps:0
[37144:ctp-raw-decoder]: 0 cls=>inps:0
[37144:ctp-raw-decoder]: 1 cls=>inps:0
[37144:ctp-raw-decoder]: 2 cls=>inps:0
[37144:ctp-raw-decoder]: 6 cls=>inps:0
[37144:ctp-raw-decoder]: e cls=>inps:0
[37144:ctp-raw-decoder]: e cls=>inps:0
[37144:ctp-raw-decoder]: e cls=>inps:0
[37144:ctp-raw-decoder]: e cls=>inps:0
[37144:ctp-raw-decoder]: e cls=>inps:0
[37144:ctp-raw-decoder]: e cls=>inps:0
[37144:ctp-raw-decoder]: e cls=>inps:0
[37144:ctp-raw-decoder]: e cls=>inps:0
[37144:ctp-raw-decoder]: e cls=>inps:0
[37144:ctp-raw-decoder]: e cls=>inps:0
[37144:ctp-raw-decoder]: e cls=>inps:0
[37144:ctp-raw-decoder]: e cls=>inps:0
[37144:ctp-raw-decoder]: e cls=>inps:0
[37144:ctp-raw-decoder]: e cls=>inps:0
[37144:ctp-raw-decoder]: e cls=>inps:0
[37144:ctp-raw-decoder]: e cls=>inps:0
[37144:ctp-raw-decoder]: e cls=>inps:0
[37144:ctp-raw-decoder]: e cls=>inps:0
[37144:ctp-raw-decoder]: e cls=>inps:0
[37144:ctp-raw-decoder]: e cls=>inps:0
[37144:ctp-raw-decoder]: e cls=>inps:0
[37144:ctp-raw-decoder]: e cls=>inps:0
[37144:ctp-raw-decoder]: e cls=>inps:0
[37144:ctp-raw-decoder]: e cls=>inps:0
[37144:ctp-raw-decoder]: e cls=>inps:0
[37144:ctp-raw-decoder]: e cls=>inps:0
[37144:ctp-raw-decoder]: e cls=>inps:0
[37144:ctp-raw-decoder]: e cls=>inps:0
[37144:ctp-raw-decoder]: e cls=>inps:0
[37144:ctp-raw-decoder]: e cls=>inps:0
[37144:ctp-raw-decoder]: e cls=>inps:0
[37144:ctp-raw-decoder]: e cls=>inps:0
[37144:ctp-raw-decoder]: e cls=>inps:0
[37144:ctp-raw-decoder]: e cls=>inps:0
[37144:ctp-raw-decoder]: e cls=>inps:0
[37144:ctp-raw-decoder]: e cls=>inps:0
[37144:ctp-raw-decoder]: e cls=>inps:0
[37144:ctp-raw-decoder]: e cls=>inps:0
[37144:ctp-raw-decoder]: e cls=>inps:0
[37144:ctp-raw-decoder]: e cls=>inps:0
[37144:ctp-raw-decoder]: e cls=>inps:0
[37144:ctp-raw-decoder]: e cls=>inps:0
[37144:ctp-raw-decoder]: e cls=>inps:0
[37144:ctp-raw-decoder]: e cls=>inps:0
[37144:ctp-raw-decoder]: e cls=>inps:0
[37144:ctp-raw-decoder]: e cls=>inps:0
[37144:ctp-raw-decoder]: e cls=>inps:0
[37144:ctp-raw-decoder]: e cls=>inps:0
[37144:ctp-raw-decoder]: e cls=>inps:0
[37144:ctp-raw-decoder]: e cls=>inps:0
[37144:ctp-raw-decoder]: e cls=>inps:0
[37144:ctp-raw-decoder]: e cls=>inps:0
[37144:ctp-raw-decoder]: e cls=>inps:0
[37144:ctp-raw-decoder]: e cls=>inps:0
[37144:ctp-raw-decoder]: e cls=>inps:0
[37144:ctp-raw-decoder]: 0 cls=>inps:0
[37144:ctp-raw-decoder]: 1 cls=>inps:0
[37144:ctp-raw-decoder]: 2 cls=>inps:0
[37144:ctp-raw-decoder]: 6 cls=>inps:0
[37144:ctp-raw-decoder]: e cls=>inps:0
[37144:ctp-raw-decoder]: e cls=>inps:0
[37144:ctp-raw-decoder]: e cls=>inps:0
[37144:ctp-raw-decoder]: e cls=>inps:0
[37144:ctp-raw-decoder]: e cls=>inps:0
[37144:ctp-raw-decoder]: a cls=>inps:0
[37144:ctp-raw-decoder]: e cls=>inps:0
[37144:ctp-raw-decoder]: e cls=>inps:0
[37144:ctp-raw-decoder]: e cls=>inps:0
[37144:ctp-raw-decoder]: e cls=>inps:0
[37144:ctp-raw-decoder]: e cls=>inps:0
[37144:ctp-raw-decoder]: e cls=>inps:0
[37144:ctp-raw-decoder]: e cls=>inps:0
[37144:ctp-raw-decoder]: e cls=>inps:0
[37144:ctp-raw-decoder]: e cls=>inps:0
[37144:ctp-raw-decoder]: e cls=>inps:0
[37144:ctp-raw-decoder]: e cls=>inps:0
[37144:ctp-raw-decoder]: 0 cls=>inps:0
[37144:ctp-raw-decoder]: 1 cls=>inps:0
[37144:ctp-raw-decoder]: 2 cls=>inps:0
[37144:ctp-raw-decoder]: 6 cls=>inps:0
[37144:ctp-raw-decoder]: e cls=>inps:0
[37144:ctp-raw-decoder]: e cls=>inps:0
[37144:ctp-raw-decoder]: e cls=>inps:0
[37144:ctp-raw-decoder]: e cls=>inps:0
[37144:ctp-raw-decoder]: e cls=>inps:0
[37144:ctp-raw-decoder]: e cls=>inps:0
[37144:ctp-raw-decoder]: e cls=>inps:0
[37144:ctp-raw-decoder]: e cls=>inps:0
[37144:ctp-raw-decoder]: e cls=>inps:0
[37144:ctp-raw-decoder]: e cls=>inps:0
[37144:ctp-raw-decoder]: e cls=>inps:0
[37144:ctp-raw-decoder]: e cls=>inps:0
[37144:ctp-raw-decoder]: e cls=>inps:0
[37144:ctp-raw-decoder]: e cls=>inps:0
[37144:ctp-raw-decoder]: e cls=>inps:0
[37144:ctp-raw-decoder]: e cls=>inps:0
[37144:ctp-raw-decoder]: e cls=>inps:0
[37144:ctp-raw-decoder]: e cls=>inps:0
[37144:ctp-raw-decoder]: e cls=>inps:0
[37144:ctp-raw-decoder]: e cls=>inps:0
[37144:ctp-raw-decoder]: e cls=>inps:0
[37144:ctp-raw-decoder]: e cls=>inps:0
[37144:ctp-raw-decoder]: e cls=>inps:0
[37144:ctp-raw-decoder]: a cls=>inps:0
[37144:ctp-raw-decoder]: e cls=>inps:0
[37144:ctp-raw-decoder]: e cls=>inps:0
[37144:ctp-raw-decoder]: e cls=>inps:0
[37144:ctp-raw-decoder]: e cls=>inps:0
[37144:ctp-raw-decoder]: e cls=>inps:0
[37144:ctp-raw-decoder]: e cls=>inps:0
[37144:ctp-raw-decoder]: e cls=>inps:0
[37144:ctp-raw-decoder]: e cls=>inps:0
[37144:ctp-raw-decoder]: e cls=>inps:0
[37144:ctp-raw-decoder]: e cls=>inps:0
[37144:ctp-raw-decoder]: e cls=>inps:0
[37144:ctp-raw-decoder]: e cls=>inps:0
[37144:ctp-raw-decoder]: e cls=>inps:0
[37144:ctp-raw-decoder]: e cls=>inps:0
[37144:ctp-raw-decoder]: e cls=>inps:0
[37144:ctp-raw-decoder]: e cls=>inps:0
[37144:ctp-raw-decoder]: e cls=>inps:0
[37144:ctp-raw-decoder]: e cls=>inps:0
[37144:ctp-raw-decoder]: e cls=>inps:0
[37144:ctp-raw-decoder]: e cls=>inps:0
[37144:ctp-raw-decoder]: e cls=>inps:0
[37144:ctp-raw-decoder]: e cls=>inps:0
[37144:ctp-raw-decoder]: e cls=>inps:0
[37144:ctp-raw-decoder]: e cls=>inps:0
[37144:ctp-raw-decoder]: e cls=>inps:0
[37144:ctp-raw-decoder]: e cls=>inps:0
[37144:ctp-raw-decoder]: e cls=>inps:0
[37144:ctp-raw-decoder]: e cls=>inps:0
[37144:ctp-raw-decoder]: e cls=>inps:0
[37144:ctp-raw-decoder]: e cls=>inps:0
[37144:ctp-raw-decoder]: e cls=>inps:0
[37144:ctp-raw-decoder]: e cls=>inps:0
[37144:ctp-raw-decoder]: e cls=>inps:0
[37144:ctp-raw-decoder]: e cls=>inps:0
[37144:ctp-raw-decoder]: e cls=>inps:0
[37144:ctp-raw-decoder]: e cls=>inps:0
[37144:ctp-raw-decoder]: e cls=>inps:0
[37144:ctp-raw-decoder]: e cls=>inps:0
[37144:ctp-raw-decoder]: e cls=>inps:0
[37144:ctp-raw-decoder]: e cls=>inps:0
[37144:ctp-raw-decoder]: e cls=>inps:0
[37144:ctp-raw-decoder]: e cls=>inps:0
[37144:ctp-raw-decoder]: e cls=>inps:0
[37144:ctp-raw-decoder]: e cls=>inps:0
[37144:ctp-raw-decoder]: e cls=>inps:0
[37144:ctp-raw-decoder]: e cls=>inps:0
[37144:ctp-raw-decoder]: e cls=>inps:0
[37144:ctp-raw-decoder]: e cls=>inps:0
[37144:ctp-raw-decoder]: e cls=>inps:0
[37144:ctp-raw-decoder]: e cls=>inps:0
[37144:ctp-raw-decoder]: e cls=>inps:0
[37144:ctp-raw-decoder]: e cls=>inps:0
[37144:ctp-raw-decoder]: e cls=>inps:0
[37144:ctp-raw-decoder]: e cls=>inps:0
[37144:ctp-raw-decoder]: 0 cls=>inps:0
[37144:ctp-raw-decoder]: 1 cls=>inps:0
[37144:ctp-raw-decoder]: 2 cls=>inps:0
[37144:ctp-raw-decoder]: 6 cls=>inps:0
[37144:ctp-raw-decoder]: e cls=>inps:0
[37144:ctp-raw-decoder]: e cls=>inps:0
[37144:ctp-raw-decoder]: a cls=>inps:0
[37144:ctp-raw-decoder]: e cls=>inps:0
[37144:ctp-raw-decoder]: e cls=>inps:0
[37144:ctp-raw-decoder]: e cls=>inps:0
[37144:ctp-raw-decoder]: e cls=>inps:0
[37144:ctp-raw-decoder]: e cls=>inps:0
[37144:ctp-raw-decoder]: e cls=>inps:0
[37144:ctp-raw-decoder]: e cls=>inps:0
[37144:ctp-raw-decoder]: e cls=>inps:0
[37144:ctp-raw-decoder]: e cls=>inps:0
[37144:ctp-raw-decoder]: e cls=>inps:0
[37144:ctp-raw-decoder]: e cls=>inps:0
[37144:ctp-raw-decoder]: e cls=>inps:0
[37144:ctp-raw-decoder]: e cls=>inps:0
[37144:ctp-raw-decoder]: e cls=>inps:0
[37144:ctp-raw-decoder]: e cls=>inps:0
[37144:ctp-raw-decoder]: e cls=>inps:0
[37144:ctp-raw-decoder]: e cls=>inps:0
[37144:ctp-raw-decoder]: e cls=>inps:0
[37144:ctp-raw-decoder]: e cls=>inps:0
[37144:ctp-raw-decoder]: e cls=>inps:0
[37144:ctp-raw-decoder]: e cls=>inps:0
[37144:ctp-raw-decoder]: e cls=>inps:0
[37144:ctp-raw-decoder]: e cls=>inps:0
[37144:ctp-raw-decoder]: e cls=>inps:0
[37144:ctp-raw-decoder]: e cls=>inps:0
[37144:ctp-raw-decoder]: e cls=>inps:0
[37144:ctp-raw-decoder]: e cls=>inps:0
[37144:ctp-raw-decoder]: e cls=>inps:0
[37144:ctp-raw-decoder]: e cls=>inps:0
[37144:ctp-raw-decoder]: e cls=>inps:0
[37144:ctp-raw-decoder]: e cls=>inps:0
[37144:ctp-raw-decoder]: e cls=>inps:0
[37144:ctp-raw-decoder]: e cls=>inps:0
[37144:ctp-raw-decoder]: e cls=>inps:0
[37144:ctp-raw-decoder]: e cls=>inps:0
[37144:ctp-raw-decoder]: e cls=>inps:0
[37144:ctp-raw-decoder]: e cls=>inps:0
[37144:ctp-raw-decoder]: e cls=>inps:0
[37144:ctp-raw-decoder]: e cls=>inps:0
[37144:ctp-raw-decoder]: e cls=>inps:0
[37144:ctp-raw-decoder]: e cls=>inps:0
[37144:ctp-raw-decoder]: e cls=>inps:0
[37144:ctp-raw-decoder]: e cls=>inps:0
[37144:ctp-raw-decoder]: e cls=>inps:0
[37144:ctp-raw-decoder]: e cls=>inps:0
[37144:ctp-raw-decoder]: e cls=>inps:0
[37144:ctp-raw-decoder]: e cls=>inps:0
[37144:ctp-raw-decoder]: e cls=>inps:0
[37144:ctp-raw-decoder]: e cls=>inps:0
[37144:ctp-raw-decoder]: e cls=>inps:0
[37144:ctp-raw-decoder]: e cls=>inps:0
[37144:ctp-raw-decoder]: e cls=>inps:0
[37144:ctp-raw-decoder]: e cls=>inps:0
[37144:ctp-raw-decoder]: e cls=>inps:0
[37144:ctp-raw-decoder]: e cls=>inps:0
[37144:ctp-raw-decoder]: e cls=>inps:0
[37144:ctp-raw-decoder]: e cls=>inps:0
[37144:ctp-raw-decoder]: e cls=>inps:0
[37144:ctp-raw-decoder]: e cls=>inps:0
[37144:ctp-raw-decoder]: e cls=>inps:0
[37144:ctp-raw-decoder]: 0 cls=>inps:0
[37144:ctp-raw-decoder]: 1 cls=>inps:0
[37144:ctp-raw-decoder]: 2 cls=>inps:0
[37144:ctp-raw-decoder]: 6 cls=>inps:0
[37144:ctp-raw-decoder]: e cls=>inps:0
[37144:ctp-raw-decoder]: e cls=>inps:0
[37144:ctp-raw-decoder]: e cls=>inps:0
[37144:ctp-raw-decoder]: e cls=>inps:0
[37144:ctp-raw-decoder]: e cls=>inps:0
[37144:ctp-raw-decoder]: e cls=>inps:0
[37144:ctp-raw-decoder]: e cls=>inps:0
[37144:ctp-raw-decoder]: e cls=>inps:0
[37144:ctp-raw-decoder]: e cls=>inps:0
[37144:ctp-raw-decoder]: e cls=>inps:0
[37144:ctp-raw-decoder]: e cls=>inps:0
[37144:ctp-raw-decoder]: e cls=>inps:0
[37144:ctp-raw-decoder]: e cls=>inps:0
[37144:ctp-raw-decoder]: e cls=>inps:0
[37144:ctp-raw-decoder]: e cls=>inps:0
[37144:ctp-raw-decoder]: e cls=>inps:0
[37144:ctp-raw-decoder]: e cls=>inps:0
[37144:ctp-raw-decoder]: e cls=>inps:0
[37144:ctp-raw-decoder]: e cls=>inps:0
[37144:ctp-raw-decoder]: e cls=>inps:0
[37144:ctp-raw-decoder]: e cls=>inps:0
[37144:ctp-raw-decoder]: e cls=>inps:0
[37144:ctp-raw-decoder]: e cls=>inps:0
[37144:ctp-raw-decoder]: e cls=>inps:0
[37144:ctp-raw-decoder]: e cls=>inps:0
[37144:ctp-raw-decoder]: e cls=>inps:0
[37144:ctp-raw-decoder]: a cls=>inps:0
[37144:ctp-raw-decoder]: e cls=>inps:0
[37144:ctp-raw-decoder]: e cls=>inps:0
[37144:ctp-raw-decoder]: e cls=>inps:0
[37144:ctp-raw-decoder]: e cls=>inps:0
[37144:ctp-raw-decoder]: e cls=>inps:0
[37144:ctp-raw-decoder]: e cls=>inps:0
[37144:ctp-raw-decoder]: e cls=>inps:0
[37144:ctp-raw-decoder]: e cls=>inps:0
[37144:ctp-raw-decoder]: e cls=>inps:0
[37144:ctp-raw-decoder]: e cls=>inps:0
[37144:ctp-raw-decoder]: e cls=>inps:0
[37144:ctp-raw-decoder]: e cls=>inps:0
[37144:ctp-raw-decoder]: e cls=>inps:0
[37144:ctp-raw-decoder]: e cls=>inps:0
[37144:ctp-raw-decoder]: e cls=>inps:0
[37144:ctp-raw-decoder]: e cls=>inps:0
[37144:ctp-raw-decoder]: 0 cls=>inps:0
[37144:ctp-raw-decoder]: 1 cls=>inps:0
[37144:ctp-raw-decoder]: 2 cls=>inps:0
[37144:ctp-raw-decoder]: 6 cls=>inps:0
[37144:ctp-raw-decoder]: e cls=>inps:0
[37144:ctp-raw-decoder]: e cls=>inps:0
[37144:ctp-raw-decoder]: e cls=>inps:0
[37144:ctp-raw-decoder]: e cls=>inps:0
[37144:ctp-raw-decoder]: e cls=>inps:0
[37144:ctp-raw-decoder]: e cls=>inps:0
[37144:ctp-raw-decoder]: e cls=>inps:0
[37144:ctp-raw-decoder]: e cls=>inps:0
[37144:ctp-raw-decoder]: e cls=>inps:0
[37144:ctp-raw-decoder]: e cls=>inps:0
[37144:ctp-raw-decoder]: e cls=>inps:0
[37144:ctp-raw-decoder]: e cls=>inps:0
[37144:ctp-raw-decoder]: e cls=>inps:0
[37144:ctp-raw-decoder]: e cls=>inps:0
[37144:ctp-raw-decoder]: e cls=>inps:0
[37144:ctp-raw-decoder]: e cls=>inps:0
[37144:ctp-raw-decoder]: e cls=>inps:0
[37144:ctp-raw-decoder]: e cls=>inps:0
[37144:ctp-raw-decoder]: e cls=>inps:0
[37144:ctp-raw-decoder]: e cls=>inps:0
[37144:ctp-raw-decoder]: e cls=>inps:0
[37144:ctp-raw-decoder]: e cls=>inps:0
[37144:ctp-raw-decoder]: e cls=>inps:0
[37144:ctp-raw-decoder]: e cls=>inps:0
[37144:ctp-raw-decoder]: e cls=>inps:0
[37144:ctp-raw-decoder]: e cls=>inps:0
[37144:ctp-raw-decoder]: e cls=>inps:0
[37144:ctp-raw-decoder]: e cls=>inps:0
[37144:ctp-raw-decoder]: e cls=>inps:0
[37144:ctp-raw-decoder]: e cls=>inps:0
[37144:ctp-raw-decoder]: e cls=>inps:0
[37144:ctp-raw-decoder]: e cls=>inps:0
[37144:ctp-raw-decoder]: e cls=>inps:0
[37144:ctp-raw-decoder]: e cls=>inps:0
[37144:ctp-raw-decoder]: e cls=>inps:0
[37144:ctp-raw-decoder]: e cls=>inps:0
[37144:ctp-raw-decoder]: e cls=>inps:0
[37144:ctp-raw-decoder]: e cls=>inps:0
[37144:ctp-raw-decoder]: e cls=>inps:0
[37144:ctp-raw-decoder]: e cls=>inps:0
[37144:ctp-raw-decoder]: 0 cls=>inps:0
[37144:ctp-raw-decoder]: 1 cls=>inps:0
[37144:ctp-raw-decoder]: 2 cls=>inps:0
[37144:ctp-raw-decoder]: 6 cls=>inps:0
[37144:ctp-raw-decoder]: e cls=>inps:0
[37144:ctp-raw-decoder]: e cls=>inps:0
[37144:ctp-raw-decoder]: e cls=>inps:0
[37144:ctp-raw-decoder]: e cls=>inps:0
[37144:ctp-raw-decoder]: e cls=>inps:0
[37144:ctp-raw-decoder]: e cls=>inps:0
[37144:ctp-raw-decoder]: e cls=>inps:0
[37144:ctp-raw-decoder]: e cls=>inps:0
[37144:ctp-raw-decoder]: e cls=>inps:0
[37144:ctp-raw-decoder]: e cls=>inps:0
[37144:ctp-raw-decoder]: e cls=>inps:0
[37144:ctp-raw-decoder]: e cls=>inps:0
[37144:ctp-raw-decoder]: e cls=>inps:0
[37144:ctp-raw-decoder]: e cls=>inps:0
[37144:ctp-raw-decoder]: e cls=>inps:0
[37144:ctp-raw-decoder]: e cls=>inps:0
[37144:ctp-raw-decoder]: e cls=>inps:0
[37144:ctp-raw-decoder]: e cls=>inps:0
[37144:ctp-raw-decoder]: e cls=>inps:0
[37144:ctp-raw-decoder]: e cls=>inps:0
[37144:ctp-raw-decoder]: e cls=>inps:0
[37144:ctp-raw-decoder]: e cls=>inps:0
[37144:ctp-raw-decoder]: e cls=>inps:0
[37144:ctp-raw-decoder]: e cls=>inps:0
[37144:ctp-raw-decoder]: e cls=>inps:0
[37144:ctp-raw-decoder]: e cls=>inps:0
[37144:ctp-raw-decoder]: e cls=>inps:0
[37144:ctp-raw-decoder]: e cls=>inps:0
[37144:ctp-raw-decoder]: e cls=>inps:0
[37144:ctp-raw-decoder]: e cls=>inps:0
[37144:ctp-raw-decoder]: e cls=>inps:0
[37144:ctp-raw-decoder]: e cls=>inps:0
[37144:ctp-raw-decoder]: e cls=>inps:0
[37144:ctp-raw-decoder]: e cls=>inps:0
[37144:ctp-raw-decoder]: e cls=>inps:0
[37144:ctp-raw-decoder]: e cls=>inps:0
[37144:ctp-raw-decoder]: e cls=>inps:0
[37144:ctp-raw-decoder]: e cls=>inps:0
[37144:ctp-raw-decoder]: e cls=>inps:0
[37144:ctp-raw-decoder]: e cls=>inps:0
[37144:ctp-raw-decoder]: e cls=>inps:0
[37144:ctp-raw-decoder]: a cls=>inps:0
[37144:ctp-raw-decoder]: e cls=>inps:0
[37144:ctp-raw-decoder]: e cls=>inps:0
[37144:ctp-raw-decoder]: e cls=>inps:0
[37144:ctp-raw-decoder]: e cls=>inps:0
[37144:ctp-raw-decoder]: e cls=>inps:0
[37144:ctp-raw-decoder]: e cls=>inps:0
[37144:ctp-raw-decoder]: e cls=>inps:0
[37144:ctp-raw-decoder]: e cls=>inps:0
[37144:ctp-raw-decoder]: e cls=>inps:0
[37144:ctp-raw-decoder]: e cls=>inps:0
[37144:ctp-raw-decoder]: e cls=>inps:0
[37144:ctp-raw-decoder]: e cls=>inps:0
[37144:ctp-raw-decoder]: e cls=>inps:0
[37144:ctp-raw-decoder]: e cls=>inps:0
[37144:ctp-raw-decoder]: e cls=>inps:0
[37144:ctp-raw-decoder]: e cls=>inps:0
[37144:ctp-raw-decoder]: e cls=>inps:0
[37144:ctp-raw-decoder]: a cls=>inps:0
[37144:ctp-raw-decoder]: e cls=>inps:0
[37144:ctp-raw-decoder]: e cls=>inps:0
[37144:ctp-raw-decoder]: e cls=>inps:0
[37144:ctp-raw-decoder]: e cls=>inps:0
[37144:ctp-raw-decoder]: e cls=>inps:0
[37144:ctp-raw-decoder]: e cls=>inps:0
[37144:ctp-raw-decoder]: e cls=>inps:0
[37144:ctp-raw-decoder]: e cls=>inps:0
[37144:ctp-raw-decoder]: e cls=>inps:0
[37144:ctp-raw-decoder]: e cls=>inps:0
[37144:ctp-raw-decoder]: e cls=>inps:0
[37144:ctp-raw-decoder]: e cls=>inps:0
[37144:ctp-raw-decoder]: e cls=>inps:0
[37144:ctp-raw-decoder]: e cls=>inps:0
[37144:ctp-raw-decoder]: e cls=>inps:0
[37144:ctp-raw-decoder]: e cls=>inps:0
[37144:ctp-raw-decoder]: e cls=>inps:0
[37144:ctp-raw-decoder]: 0 cls=>inps:0
[37144:ctp-raw-decoder]: 2 cls=>inps:0
[37144:ctp-raw-decoder]: e cls=>inps:0
[37144:ctp-raw-decoder]: e cls=>inps:0
[37144:ctp-raw-decoder]: e cls=>inps:0
[37144:ctp-raw-decoder]: e cls=>inps:0
[37144:ctp-raw-decoder]: e cls=>inps:0
[37144:ctp-raw-decoder]: e cls=>inps:0
[37144:ctp-raw-decoder]: e cls=>inps:0
[37144:ctp-raw-decoder]: e cls=>inps:0
[37144:ctp-raw-decoder]: e cls=>inps:0
[37144:ctp-raw-decoder]: e cls=>inps:0
[37144:ctp-raw-decoder]: e cls=>inps:0
[37144:ctp-raw-decoder]: e cls=>inps:0
[37144:ctp-raw-decoder]: e cls=>inps:0
[37144:ctp-raw-decoder]: e cls=>inps:0
[37144:ctp-raw-decoder]: e cls=>inps:0
[37144:ctp-raw-decoder]: e cls=>inps:0
[37144:ctp-raw-decoder]: e cls=>inps:0
[37144:ctp-raw-decoder]: e cls=>inps:0
[37144:ctp-raw-decoder]: e cls=>inps:0
[37144:ctp-raw-decoder]: e cls=>inps:0
[37144:ctp-raw-decoder]: e cls=>inps:0
[37144:ctp-raw-decoder]: e cls=>inps:0
[37144:ctp-raw-decoder]: e cls=>inps:0
[37144:ctp-raw-decoder]: e cls=>inps:0
[37144:ctp-raw-decoder]: e cls=>inps:0
[37144:ctp-raw-decoder]: e cls=>inps:0
[37144:ctp-raw-decoder]: e cls=>inps:0
[37144:ctp-raw-decoder]: e cls=>inps:0
[37144:ctp-raw-decoder]: a cls=>inps:0
[37144:ctp-raw-decoder]: e cls=>inps:0
[37144:ctp-raw-decoder]: e cls=>inps:0
[37144:ctp-raw-decoder]: e cls=>inps:0
[37144:ctp-raw-decoder]: e cls=>inps:0
[37144:ctp-raw-decoder]: e cls=>inps:0
[37144:ctp-raw-decoder]: e cls=>inps:0
[37144:ctp-raw-decoder]: e cls=>inps:0
[37144:ctp-raw-decoder]: e cls=>inps:0
[37144:ctp-raw-decoder]: e cls=>inps:0
[37144:ctp-raw-decoder]: e cls=>inps:0
[37144:ctp-raw-decoder]: e cls=>inps:0
[37144:ctp-raw-decoder]: e cls=>inps:0
[37144:ctp-raw-decoder]: e cls=>inps:0
[37144:ctp-raw-decoder]: a cls=>inps:0
[37144:ctp-raw-decoder]: e cls=>inps:0
[37144:ctp-raw-decoder]: e cls=>inps:0
[37144:ctp-raw-decoder]: e cls=>inps:0
[37144:ctp-raw-decoder]: e cls=>inps:0
[37144:ctp-raw-decoder]: e cls=>inps:0
[37144:ctp-raw-decoder]: e cls=>inps:0
[37144:ctp-raw-decoder]: e cls=>inps:0
[37144:ctp-raw-decoder]: e cls=>inps:0
[37144:ctp-raw-decoder]: e cls=>inps:0
[37144:ctp-raw-decoder]: e cls=>inps:0
[37144:ctp-raw-decoder]: e cls=>inps:0
[37144:ctp-raw-decoder]: e cls=>inps:0
[37144:ctp-raw-decoder]: e cls=>inps:0
[37144:ctp-raw-decoder]: e cls=>inps:0
[37144:ctp-raw-decoder]: e cls=>inps:0
[37144:ctp-raw-decoder]: e cls=>inps:0
[37144:ctp-raw-decoder]: e cls=>inps:0
[37144:ctp-raw-decoder]: e cls=>inps:0
[37144:ctp-raw-decoder]: e cls=>inps:0
[37144:ctp-raw-decoder]: e cls=>inps:0
[37144:ctp-raw-decoder]: e cls=>inps:0
[37144:ctp-raw-decoder]: e cls=>inps:0
[37144:ctp-raw-decoder]: e cls=>inps:0
[37144:ctp-raw-decoder]: e cls=>inps:0
[37144:ctp-raw-decoder]: e cls=>inps:0
[37144:ctp-raw-decoder]: e cls=>inps:0
[37144:ctp-raw-decoder]: e cls=>inps:0
[37144:ctp-raw-decoder]: e cls=>inps:0
[37144:ctp-raw-decoder]: e cls=>inps:0
[37144:ctp-raw-decoder]: e cls=>inps:0
[37144:ctp-raw-decoder]: 0 cls=>inps:0
[37144:ctp-raw-decoder]: 1 cls=>inps:0
[37144:ctp-raw-decoder]: 2 cls=>inps:0
[37144:ctp-raw-decoder]: 6 cls=>inps:0
[37144:ctp-raw-decoder]: e cls=>inps:0
[37144:ctp-raw-decoder]: e cls=>inps:0
[37144:ctp-raw-decoder]: e cls=>inps:0
[37144:ctp-raw-decoder]: e cls=>inps:0
[37144:ctp-raw-decoder]: e cls=>inps:0
[37144:ctp-raw-decoder]: e cls=>inps:0
[37144:ctp-raw-decoder]: e cls=>inps:0
[37144:ctp-raw-decoder]: e cls=>inps:0
[37144:ctp-raw-decoder]: e cls=>inps:0
[37144:ctp-raw-decoder]: e cls=>inps:0
[37144:ctp-raw-decoder]: e cls=>inps:0
[37144:ctp-raw-decoder]: e cls=>inps:0
[37144:ctp-raw-decoder]: a cls=>inps:0
[37144:ctp-raw-decoder]: e cls=>inps:0
[37144:ctp-raw-decoder]: e cls=>inps:0
[37144:ctp-raw-decoder]: e cls=>inps:0
[37144:ctp-raw-decoder]: e cls=>inps:0
[37144:ctp-raw-decoder]: e cls=>inps:0
[37144:ctp-raw-decoder]: e cls=>inps:0
[37144:ctp-raw-decoder]: e cls=>inps:0
[37144:ctp-raw-decoder]: e cls=>inps:0
[37144:ctp-raw-decoder]: e cls=>inps:0
[37144:ctp-raw-decoder]: e cls=>inps:0
[37144:ctp-raw-decoder]: e cls=>inps:0
[37144:ctp-raw-decoder]: e cls=>inps:0
[37144:ctp-raw-decoder]: e cls=>inps:0
[37144:ctp-raw-decoder]: e cls=>inps:0
[37144:ctp-raw-decoder]: e cls=>inps:0
[37144:ctp-raw-decoder]: e cls=>inps:0
[37144:ctp-raw-decoder]: e cls=>inps:0
[37144:ctp-raw-decoder]: e cls=>inps:0
[37144:ctp-raw-decoder]: e cls=>inps:0
[37144:ctp-raw-decoder]: e cls=>inps:0
[37144:ctp-raw-decoder]: e cls=>inps:0
[37144:ctp-raw-decoder]: e cls=>inps:0
[37144:ctp-raw-decoder]: e cls=>inps:0
[37144:ctp-raw-decoder]: e cls=>inps:0
[37144:ctp-raw-decoder]: e cls=>inps:0
[37144:ctp-raw-decoder]: a cls=>inps:0
[37144:ctp-raw-decoder]: e cls=>inps:0
[37144:ctp-raw-decoder]: e cls=>inps:0
[37144:ctp-raw-decoder]: e cls=>inps:0
[37144:ctp-raw-decoder]: e cls=>inps:0
[37144:ctp-raw-decoder]: e cls=>inps:0
[37144:ctp-raw-decoder]: e cls=>inps:0
[37144:ctp-raw-decoder]: e cls=>inps:0
[37144:ctp-raw-decoder]: e cls=>inps:0
[37144:ctp-raw-decoder]: e cls=>inps:0
[37144:ctp-raw-decoder]: e cls=>inps:0
[37144:ctp-raw-decoder]: e cls=>inps:0
[37144:ctp-raw-decoder]: e cls=>inps:0
[37144:ctp-raw-decoder]: e cls=>inps:0
[37144:ctp-raw-decoder]: e cls=>inps:0
[37144:ctp-raw-decoder]: e cls=>inps:0
[37144:ctp-raw-decoder]: e cls=>inps:0
[37144:ctp-raw-decoder]: e cls=>inps:0
[37144:ctp-raw-decoder]: e cls=>inps:0
[37144:ctp-raw-decoder]: e cls=>inps:0
[37144:ctp-raw-decoder]: e cls=>inps:0
[37144:ctp-raw-decoder]: e cls=>inps:0
[37144:ctp-raw-decoder]: e cls=>inps:0
[37144:ctp-raw-decoder]: e cls=>inps:0
[37144:ctp-raw-decoder]: e cls=>inps:0
[37144:ctp-raw-decoder]: e cls=>inps:0
[37144:ctp-raw-decoder]: e cls=>inps:0
[37144:ctp-raw-decoder]: e cls=>inps:0
[37144:ctp-raw-decoder]: e cls=>inps:0
[37144:ctp-raw-decoder]: e cls=>inps:0
[37144:ctp-raw-decoder]: e cls=>inps:0
[37144:ctp-raw-decoder]: e cls=>inps:0
[37144:ctp-raw-decoder]: e cls=>inps:0
[37144:ctp-raw-decoder]: e cls=>inps:0
[37144:ctp-raw-decoder]: e cls=>inps:0
[37144:ctp-raw-decoder]: e cls=>inps:0
[37144:ctp-raw-decoder]: e cls=>inps:0
[37144:ctp-raw-decoder]: e cls=>inps:0
[37144:ctp-raw-decoder]: e cls=>inps:0
[37144:ctp-raw-decoder]: e cls=>inps:0
[37144:ctp-raw-decoder]: e cls=>inps:0
[37144:ctp-raw-decoder]: e cls=>inps:0
[37144:ctp-raw-decoder]: e cls=>inps:0
[37144:ctp-raw-decoder]: e cls=>inps:0
[37144:ctp-raw-decoder]: e cls=>inps:0
[37144:ctp-raw-decoder]: e cls=>inps:0
[37144:ctp-raw-decoder]: e cls=>inps:0
[37144:ctp-raw-decoder]: e cls=>inps:0
[37144:ctp-raw-decoder]: e cls=>inps:0
[37144:ctp-raw-decoder]: e cls=>inps:0
[37144:ctp-raw-decoder]: e cls=>inps:0
[37144:ctp-raw-decoder]: e cls=>inps:0
[37144:ctp-raw-decoder]: e cls=>inps:0
[37144:ctp-raw-decoder]: e cls=>inps:0
[37144:ctp-raw-decoder]: e cls=>inps:0
[37144:ctp-raw-decoder]: e cls=>inps:0
[37144:ctp-raw-decoder]: e cls=>inps:0
[37144:ctp-raw-decoder]: e cls=>inps:0
[37144:ctp-raw-decoder]: e cls=>inps:0
[37144:ctp-raw-decoder]: e cls=>inps:0
[37144:ctp-raw-decoder]: e cls=>inps:0
[37144:ctp-raw-decoder]: e cls=>inps:0
[37144:ctp-raw-decoder]: e cls=>inps:0
[37144:ctp-raw-decoder]: e cls=>inps:0
[37144:ctp-raw-decoder]: e cls=>inps:0
[37144:ctp-raw-decoder]: e cls=>inps:0
[37144:ctp-raw-decoder]: e cls=>inps:0
[37144:ctp-raw-decoder]: e cls=>inps:0
[37144:ctp-raw-decoder]: e cls=>inps:0
[37144:ctp-raw-decoder]: e cls=>inps:0
[37144:ctp-raw-decoder]: a cls=>inps:0
[37144:ctp-raw-decoder]: e cls=>inps:0
[37144:ctp-raw-decoder]: e cls=>inps:0
[37144:ctp-raw-decoder]: e cls=>inps:0
[37144:ctp-raw-decoder]: e cls=>inps:0
[37144:ctp-raw-decoder]: e cls=>inps:0
[37144:ctp-raw-decoder]: e cls=>inps:0
[37144:ctp-raw-decoder]: e cls=>inps:0
[37144:ctp-raw-decoder]: e cls=>inps:0
[37144:ctp-raw-decoder]: e cls=>inps:0
[37144:ctp-raw-decoder]: e cls=>inps:0
[37144:ctp-raw-decoder]: e cls=>inps:0
[37144:ctp-raw-decoder]: e cls=>inps:0
[37144:ctp-raw-decoder]: e cls=>inps:0
[37144:ctp-raw-decoder]: e cls=>inps:0
[37144:ctp-raw-decoder]: e cls=>inps:0
[37144:ctp-raw-decoder]: e cls=>inps:0
[37144:ctp-raw-decoder]: e cls=>inps:0
[37144:ctp-raw-decoder]: e cls=>inps:0
[37144:ctp-raw-decoder]: e cls=>inps:0
[37144:ctp-raw-decoder]: e cls=>inps:0
[37144:ctp-raw-decoder]: e cls=>inps:0
[37144:ctp-raw-decoder]: e cls=>inps:0
[37144:ctp-raw-decoder]: e cls=>inps:0
[37144:ctp-raw-decoder]: e cls=>inps:0
[37144:ctp-raw-decoder]: e cls=>inps:0
[37144:ctp-raw-decoder]: e cls=>inps:0
[37144:ctp-raw-decoder]: e cls=>inps:0
[37144:ctp-raw-decoder]: e cls=>inps:0
[37144:ctp-raw-decoder]: e cls=>inps:0
[37144:ctp-raw-decoder]: e cls=>inps:0
[37144:ctp-raw-decoder]: e cls=>inps:0
[37144:ctp-raw-decoder]: e cls=>inps:0
[37144:ctp-raw-decoder]: e cls=>inps:0
[37144:ctp-raw-decoder]: e cls=>inps:0
[37144:ctp-raw-decoder]: e cls=>inps:0
[37144:ctp-raw-decoder]: e cls=>inps:0
[37144:ctp-raw-decoder]: e cls=>inps:0
[37144:ctp-raw-decoder]: e cls=>inps:0
[37144:ctp-raw-decoder]: e cls=>inps:0
[37144:ctp-raw-decoder]: e cls=>inps:0
[37144:ctp-raw-decoder]: e cls=>inps:0
[37144:ctp-raw-decoder]: e cls=>inps:0
[37144:ctp-raw-decoder]: e cls=>inps:0
[37144:ctp-raw-decoder]: e cls=>inps:0
[37144:ctp-raw-decoder]: e cls=>inps:0
[37144:ctp-raw-decoder]: e cls=>inps:0
[37144:ctp-raw-decoder]: e cls=>inps:0
[37144:ctp-raw-decoder]: e cls=>inps:0
[37144:ctp-raw-decoder]: e cls=>inps:0
[37144:ctp-raw-decoder]: e cls=>inps:0
[37144:ctp-raw-decoder]: e cls=>inps:0
[37144:ctp-raw-decoder]: e cls=>inps:0
[37144:ctp-raw-decoder]: e cls=>inps:0
[37144:ctp-raw-decoder]: e cls=>inps:0
[37144:ctp-raw-decoder]: e cls=>inps:0
[37144:ctp-raw-decoder]: e cls=>inps:0
[37144:ctp-raw-decoder]: e cls=>inps:0
[37144:ctp-raw-decoder]: e cls=>inps:0
[37144:ctp-raw-decoder]: e cls=>inps:0
[37144:ctp-raw-decoder]: e cls=>inps:0
[37144:ctp-raw-decoder]: e cls=>inps:0
[37144:ctp-raw-decoder]: e cls=>inps:0
[37144:ctp-raw-decoder]: e cls=>inps:0
[37144:ctp-raw-decoder]: e cls=>inps:0
[37144:ctp-raw-decoder]: e cls=>inps:0
[37144:ctp-raw-decoder]: e cls=>inps:0
[37144:ctp-raw-decoder]: e cls=>inps:0
[37144:ctp-raw-decoder]: e cls=>inps:0
[37144:ctp-raw-decoder]: e cls=>inps:0
[37144:ctp-raw-decoder]: e cls=>inps:0
[37144:ctp-raw-decoder]: e cls=>inps:0
[37144:ctp-raw-decoder]: e cls=>inps:0
[37144:ctp-raw-decoder]: e cls=>inps:0
[37144:ctp-raw-decoder]: e cls=>inps:0
[37144:ctp-raw-decoder]: e cls=>inps:0
[37144:ctp-raw-decoder]: e cls=>inps:0
[37144:ctp-raw-decoder]: e cls=>inps:0
[37144:ctp-raw-decoder]: e cls=>inps:0
[37144:ctp-raw-decoder]: e cls=>inps:0
[37144:ctp-raw-decoder]: e cls=>inps:0
[37144:ctp-raw-decoder]: e cls=>inps:0
[37144:ctp-raw-decoder]: e cls=>inps:0
[37144:ctp-raw-decoder]: e cls=>inps:0
[37144:ctp-raw-decoder]: e cls=>inps:0
[37144:ctp-raw-decoder]: e cls=>inps:0
[37144:ctp-raw-decoder]: e cls=>inps:0
[37144:ctp-raw-decoder]: e cls=>inps:0
[37144:ctp-raw-decoder]: e cls=>inps:0
[37144:ctp-raw-decoder]: e cls=>inps:0
[37144:ctp-raw-decoder]: e cls=>inps:0
[37144:ctp-raw-decoder]: e cls=>inps:0
[37144:ctp-raw-decoder]: e cls=>inps:0
[37144:ctp-raw-decoder]: e cls=>inps:0
[37144:ctp-raw-decoder]: e cls=>inps:0
[37144:ctp-raw-decoder]: e cls=>inps:0
[37144:ctp-raw-decoder]: e cls=>inps:0
[37144:ctp-raw-decoder]: e cls=>inps:0
[37144:ctp-raw-decoder]: e cls=>inps:0
[37144:ctp-raw-decoder]: e cls=>inps:0
[37144:ctp-raw-decoder]: e cls=>inps:0
[37144:ctp-raw-decoder]: e cls=>inps:0
[37144:ctp-raw-decoder]: e cls=>inps:0
[37144:ctp-raw-decoder]: e cls=>inps:0
[37144:ctp-raw-decoder]: e cls=>inps:0
[37144:ctp-raw-decoder]: e cls=>inps:0
[37144:ctp-raw-decoder]: e cls=>inps:0
[37144:ctp-raw-decoder]: e cls=>inps:0
[37144:ctp-raw-decoder]: e cls=>inps:0
[37144:ctp-raw-decoder]: e cls=>inps:0
[37144:ctp-raw-decoder]: e cls=>inps:0
[37144:ctp-raw-decoder]: e cls=>inps:0
[37144:ctp-raw-decoder]: e cls=>inps:0
[37144:ctp-raw-decoder]: e cls=>inps:0
[37144:ctp-raw-decoder]: e cls=>inps:0
[37144:ctp-raw-decoder]: e cls=>inps:0
[37144:ctp-raw-decoder]: e cls=>inps:0
[37144:ctp-raw-decoder]: e cls=>inps:0
[37144:ctp-raw-decoder]: e cls=>inps:0
[37144:ctp-raw-decoder]: e cls=>inps:0
[37144:ctp-raw-decoder]: e cls=>inps:0
[37144:ctp-raw-decoder]: e cls=>inps:0
[37144:ctp-raw-decoder]: e cls=>inps:0
[37144:ctp-raw-decoder]: e cls=>inps:0
[37144:ctp-raw-decoder]: e cls=>inps:0
[37144:ctp-raw-decoder]: e cls=>inps:0
[37144:ctp-raw-decoder]: e cls=>inps:0
[37144:ctp-raw-decoder]: e cls=>inps:0
[37144:ctp-raw-decoder]: e cls=>inps:0
[37144:ctp-raw-decoder]: e cls=>inps:0
[37144:ctp-raw-decoder]: e cls=>inps:0
[37144:ctp-raw-decoder]: e cls=>inps:0
[37144:ctp-raw-decoder]: e cls=>inps:0
[37144:ctp-raw-decoder]: e cls=>inps:0
[37144:ctp-raw-decoder]: e cls=>inps:0
[37144:ctp-raw-decoder]: e cls=>inps:0
[37144:ctp-raw-decoder]: e cls=>inps:0
[37144:ctp-raw-decoder]: e cls=>inps:0
[37144:ctp-raw-decoder]: e cls=>inps:0
[37144:ctp-raw-decoder]: e cls=>inps:0
[37144:ctp-raw-decoder]: e cls=>inps:0
[37144:ctp-raw-decoder]: e cls=>inps:0
[37144:ctp-raw-decoder]: e cls=>inps:0
[37144:ctp-raw-decoder]: e cls=>inps:0
[37144:ctp-raw-decoder]: e cls=>inps:0
[37144:ctp-raw-decoder]: e cls=>inps:0
[37144:ctp-raw-decoder]: e cls=>inps:0
[37144:ctp-raw-decoder]: e cls=>inps:0
[37144:ctp-raw-decoder]: e cls=>inps:0
[37144:ctp-raw-decoder]: e cls=>inps:0
[37144:ctp-raw-decoder]: e cls=>inps:0
[37144:ctp-raw-decoder]: e cls=>inps:0
[37144:ctp-raw-decoder]: e cls=>inps:0
[37144:ctp-raw-decoder]: e cls=>inps:0
[37144:ctp-raw-decoder]: 0 cls=>inps:0
[37144:ctp-raw-decoder]: 1 cls=>inps:0
[37144:ctp-raw-decoder]: 2 cls=>inps:0
[37144:ctp-raw-decoder]: 6 cls=>inps:0
[37144:ctp-raw-decoder]: e cls=>inps:0
[37144:ctp-raw-decoder]: e cls=>inps:0
[37144:ctp-raw-decoder]: e cls=>inps:0
[37144:ctp-raw-decoder]: e cls=>inps:0
[37144:ctp-raw-decoder]: e cls=>inps:0
[37144:ctp-raw-decoder]: a cls=>inps:0
[37144:ctp-raw-decoder]: e cls=>inps:0
[37144:ctp-raw-decoder]: e cls=>inps:0
[37144:ctp-raw-decoder]: e cls=>inps:0
[37144:ctp-raw-decoder]: e cls=>inps:0
[37144:ctp-raw-decoder]: e cls=>inps:0
[37144:ctp-raw-decoder]: e cls=>inps:0
[37144:ctp-raw-decoder]: e cls=>inps:0
[37144:ctp-raw-decoder]: e cls=>inps:0
[37144:ctp-raw-decoder]: e cls=>inps:0
[37144:ctp-raw-decoder]: e cls=>inps:0
[37144:ctp-raw-decoder]: e cls=>inps:0
[37144:ctp-raw-decoder]: e cls=>inps:0
[37144:ctp-raw-decoder]: e cls=>inps:0
[37144:ctp-raw-decoder]: e cls=>inps:0
[37144:ctp-raw-decoder]: e cls=>inps:0
[37144:ctp-raw-decoder]: e cls=>inps:0
[37144:ctp-raw-decoder]: e cls=>inps:0
[37144:ctp-raw-decoder]: e cls=>inps:0
[37144:ctp-raw-decoder]: e cls=>inps:0
[37144:ctp-raw-decoder]: e cls=>inps:0
[37144:ctp-raw-decoder]: e cls=>inps:0
[37144:ctp-raw-decoder]: e cls=>inps:0
[37144:ctp-raw-decoder]: e cls=>inps:0
[37144:ctp-raw-decoder]: e cls=>inps:0
[37144:ctp-raw-decoder]: e cls=>inps:0
[37144:ctp-raw-decoder]: e cls=>inps:0
[37144:ctp-raw-decoder]: e cls=>inps:0
[37144:ctp-raw-decoder]: e cls=>inps:0
[37144:ctp-raw-decoder]: e cls=>inps:0
[37144:ctp-raw-decoder]: e cls=>inps:0
[37144:ctp-raw-decoder]: e cls=>inps:0
[37144:ctp-raw-decoder]: e cls=>inps:0
[37144:ctp-raw-decoder]: e cls=>inps:0
[37144:ctp-raw-decoder]: e cls=>inps:0
[37144:ctp-raw-decoder]: e cls=>inps:0
[37144:ctp-raw-decoder]: e cls=>inps:0
[37144:ctp-raw-decoder]: e cls=>inps:0
[37144:ctp-raw-decoder]: e cls=>inps:0
[37144:ctp-raw-decoder]: e cls=>inps:0
[37144:ctp-raw-decoder]: e cls=>inps:0
[37144:ctp-raw-decoder]: e cls=>inps:0
[37144:ctp-raw-decoder]: 0 cls=>inps:0
[37144:ctp-raw-decoder]: 1 cls=>inps:0
[37144:ctp-raw-decoder]: 2 cls=>inps:0
[37144:ctp-raw-decoder]: 6 cls=>inps:0
[37144:ctp-raw-decoder]: e cls=>inps:0
[37144:ctp-raw-decoder]: e cls=>inps:0
[37144:ctp-raw-decoder]: e cls=>inps:0
[37144:ctp-raw-decoder]: e cls=>inps:0
[37144:ctp-raw-decoder]: e cls=>inps:0
[37144:ctp-raw-decoder]: e cls=>inps:0
[37144:ctp-raw-decoder]: e cls=>inps:0
[37144:ctp-raw-decoder]: e cls=>inps:0
[37144:ctp-raw-decoder]: e cls=>inps:0
[37144:ctp-raw-decoder]: e cls=>inps:0
[37144:ctp-raw-decoder]: e cls=>inps:0
[37144:ctp-raw-decoder]: e cls=>inps:0
[37144:ctp-raw-decoder]: e cls=>inps:0
[37144:ctp-raw-decoder]: e cls=>inps:0
[37144:ctp-raw-decoder]: e cls=>inps:0
[37144:ctp-raw-decoder]: e cls=>inps:0
[37144:ctp-raw-decoder]: e cls=>inps:0
[37144:ctp-raw-decoder]: e cls=>inps:0
[37144:ctp-raw-decoder]: [18:22:26][INFO] [CTPRawToDigitConverter - run] Writing 6712 digits. IR rejected:0 TCR rejected:14
[37145:ctp-digit-writer]: [18:22:26][INFO] CTPDigitWriter pulled 6712 digits
[37144:ctp-raw-decoder]: tforbit==================>93bbc40 93bbc40
[37144:ctp-raw-decoder]: tforbit==================>93bbc40 93bbc40
[37144:ctp-raw-decoder]: [18:22:26][INFO] LOST:BCid:    0 Orbit: 154909760 shift:296
[37144:ctp-raw-decoder]: [18:22:26][INFO] LOST:BCid:   12 Orbit: 154909760 shift:296
[37144:ctp-raw-decoder]: [18:22:26][INFO] LOST:BCid:   13 Orbit: 154909760 shift:15
[37144:ctp-raw-decoder]: [18:22:26][INFO] LOST:BCid:   48 Orbit: 154909760 shift:296
[37144:ctp-raw-decoder]: [18:22:26][INFO] LOST:BCid:   54 Orbit: 154909760 shift:296
[37144:ctp-raw-decoder]: [18:22:26][INFO] LOST:BCid:   72 Orbit: 154909760 shift:296
[37144:ctp-raw-decoder]: [18:22:26][INFO] LOST:BCid:   84 Orbit: 154909760 shift:296
[37144:ctp-raw-decoder]: [18:22:26][INFO] LOST:BCid:   94 Orbit: 154909760 shift:296
[37144:ctp-raw-decoder]: [18:22:26][INFO] LOST:BCid:  268 Orbit: 154909760 shift:296
[37144:ctp-raw-decoder]: [18:22:26][INFO] Checking readout
[37144:ctp-raw-decoder]: e cls=>inps:0
[37144:ctp-raw-decoder]: e cls=>inps:0
[37144:ctp-raw-decoder]: e cls=>inps:0
[37144:ctp-raw-decoder]: e cls=>inps:0
[37144:ctp-raw-decoder]: e cls=>inps:0
[37144:ctp-raw-decoder]: e cls=>inps:0
[37144:ctp-raw-decoder]: e cls=>inps:0
[37144:ctp-raw-decoder]: e cls=>inps:0
[37144:ctp-raw-decoder]: e cls=>inps:0
[37144:ctp-raw-decoder]: e cls=>inps:0
[37144:ctp-raw-decoder]: e cls=>inps:0
[37144:ctp-raw-decoder]: e cls=>inps:0
[37144:ctp-raw-decoder]: e cls=>inps:0
[37144:ctp-raw-decoder]: e cls=>inps:0
[37144:ctp-raw-decoder]: e cls=>inps:0
[37144:ctp-raw-decoder]: e cls=>inps:0
[37144:ctp-raw-decoder]: e cls=>inps:0
[37144:ctp-raw-decoder]: e cls=>inps:0
[37144:ctp-raw-decoder]: e cls=>inps:0
[37144:ctp-raw-decoder]: e cls=>inps:0
[37144:ctp-raw-decoder]: e cls=>inps:0
[37144:ctp-raw-decoder]: e cls=>inps:0
[37144:ctp-raw-decoder]: e cls=>inps:0
[37144:ctp-raw-decoder]: e cls=>inps:0
[37144:ctp-raw-decoder]: e cls=>inps:0
[37144:ctp-raw-decoder]: e cls=>inps:0
[37144:ctp-raw-decoder]: e cls=>inps:0
[37144:ctp-raw-decoder]: e cls=>inps:0
[37144:ctp-raw-decoder]: e cls=>inps:0
[37144:ctp-raw-decoder]: e cls=>inps:0
[37144:ctp-raw-decoder]: e cls=>inps:0
[37144:ctp-raw-decoder]: e cls=>inps:0
[37144:ctp-raw-decoder]: e cls=>inps:0
[37144:ctp-raw-decoder]: e cls=>inps:0
[37144:ctp-raw-decoder]: e cls=>inps:0
[37144:ctp-raw-decoder]: e cls=>inps:0
[37144:ctp-raw-decoder]: e cls=>inps:0
[37144:ctp-raw-decoder]: e cls=>inps:0
[37144:ctp-raw-decoder]: e cls=>inps:0
[37144:ctp-raw-decoder]: e cls=>inps:0
[37144:ctp-raw-decoder]: e cls=>inps:0
[37144:ctp-raw-decoder]: e cls=>inps:0
[37144:ctp-raw-decoder]: e cls=>inps:0
[37144:ctp-raw-decoder]: e cls=>inps:0
[37144:ctp-raw-decoder]: 0 cls=>inps:0
[37144:ctp-raw-decoder]: 1 cls=>inps:0
[37144:ctp-raw-decoder]: 2 cls=>inps:0
[37144:ctp-raw-decoder]: 6 cls=>inps:0
[37144:ctp-raw-decoder]: e cls=>inps:0
[37144:ctp-raw-decoder]: e cls=>inps:0
[37144:ctp-raw-decoder]: e cls=>inps:0
[37144:ctp-raw-decoder]: e cls=>inps:0
[37144:ctp-raw-decoder]: e cls=>inps:0
[37144:ctp-raw-decoder]: e cls=>inps:0
[37144:ctp-raw-decoder]: e cls=>inps:0
[37144:ctp-raw-decoder]: e cls=>inps:0
[37144:ctp-raw-decoder]: e cls=>inps:0
[37144:ctp-raw-decoder]: e cls=>inps:0
[37144:ctp-raw-decoder]: e cls=>inps:0
[37144:ctp-raw-decoder]: e cls=>inps:0
[37144:ctp-raw-decoder]: e cls=>inps:0
[37144:ctp-raw-decoder]: e cls=>inps:0
[37144:ctp-raw-decoder]: e cls=>inps:0
[37144:ctp-raw-decoder]: e cls=>inps:0
[37144:ctp-raw-decoder]: e cls=>inps:0
[37144:ctp-raw-decoder]: e cls=>inps:0
[37144:ctp-raw-decoder]: e cls=>inps:0
[37144:ctp-raw-decoder]: e cls=>inps:0
[37144:ctp-raw-decoder]: e cls=>inps:0
[37144:ctp-raw-decoder]: e cls=>inps:0
[37144:ctp-raw-decoder]: e cls=>inps:0
[37144:ctp-raw-decoder]: 0 cls=>inps:0
[37144:ctp-raw-decoder]: 2 cls=>inps:0
[37144:ctp-raw-decoder]: e cls=>inps:0
[37144:ctp-raw-decoder]: e cls=>inps:0
[37144:ctp-raw-decoder]: e cls=>inps:0
[37144:ctp-raw-decoder]: e cls=>inps:0
[37144:ctp-raw-decoder]: e cls=>inps:0
[37144:ctp-raw-decoder]: e cls=>inps:0
[37144:ctp-raw-decoder]: e cls=>inps:0
[37144:ctp-raw-decoder]: e cls=>inps:0
[37144:ctp-raw-decoder]: 0 cls=>inps:0
[37144:ctp-raw-decoder]: 1 cls=>inps:0
[37144:ctp-raw-decoder]: 2 cls=>inps:0
[37144:ctp-raw-decoder]: 6 cls=>inps:0
[37144:ctp-raw-decoder]: e cls=>inps:0
[37144:ctp-raw-decoder]: e cls=>inps:0
[37144:ctp-raw-decoder]: e cls=>inps:0
[37144:ctp-raw-decoder]: e cls=>inps:0
[37144:ctp-raw-decoder]: e cls=>inps:0
[37144:ctp-raw-decoder]: e cls=>inps:0
[37144:ctp-raw-decoder]: e cls=>inps:0
[37144:ctp-raw-decoder]: e cls=>inps:0
[37144:ctp-raw-decoder]: e cls=>inps:0
[37144:ctp-raw-decoder]: e cls=>inps:0
[37144:ctp-raw-decoder]: e cls=>inps:0
[37144:ctp-raw-decoder]: e cls=>inps:0
[37144:ctp-raw-decoder]: e cls=>inps:0
[37144:ctp-raw-decoder]: e cls=>inps:0
[37144:ctp-raw-decoder]: e cls=>inps:0
[37144:ctp-raw-decoder]: e cls=>inps:0
[37144:ctp-raw-decoder]: e cls=>inps:0
[37144:ctp-raw-decoder]: e cls=>inps:0
[37144:ctp-raw-decoder]: e cls=>inps:0
[37144:ctp-raw-decoder]: e cls=>inps:0
[37144:ctp-raw-decoder]: e cls=>inps:0
[37144:ctp-raw-decoder]: e cls=>inps:0
[37144:ctp-raw-decoder]: e cls=>inps:0
[37144:ctp-raw-decoder]: e cls=>inps:0
[37144:ctp-raw-decoder]: e cls=>inps:0
[37144:ctp-raw-decoder]: e cls=>inps:0
[37144:ctp-raw-decoder]: e cls=>inps:0
[37144:ctp-raw-decoder]: e cls=>inps:0
[37144:ctp-raw-decoder]: e cls=>inps:0
[37144:ctp-raw-decoder]: e cls=>inps:0
[37144:ctp-raw-decoder]: e cls=>inps:0
[37144:ctp-raw-decoder]: e cls=>inps:0
[37144:ctp-raw-decoder]: e cls=>inps:0
[37144:ctp-raw-decoder]: e cls=>inps:0
[37144:ctp-raw-decoder]: e cls=>inps:0
[37144:ctp-raw-decoder]: e cls=>inps:0
[37144:ctp-raw-decoder]: e cls=>inps:0
[37144:ctp-raw-decoder]: e cls=>inps:0
[37144:ctp-raw-decoder]: e cls=>inps:0
[37144:ctp-raw-decoder]: e cls=>inps:0
[37144:ctp-raw-decoder]: e cls=>inps:0
[37144:ctp-raw-decoder]: e cls=>inps:0
[37144:ctp-raw-decoder]: e cls=>inps:0
[37144:ctp-raw-decoder]: e cls=>inps:0
[37144:ctp-raw-decoder]: 0 cls=>inps:0
[37144:ctp-raw-decoder]: 1 cls=>inps:0
[37144:ctp-raw-decoder]: 2 cls=>inps:0
[37144:ctp-raw-decoder]: 6 cls=>inps:0
[37144:ctp-raw-decoder]: e cls=>inps:0
[37144:ctp-raw-decoder]: e cls=>inps:0
[37144:ctp-raw-decoder]: e cls=>inps:0
[37144:ctp-raw-decoder]: e cls=>inps:0
[37144:ctp-raw-decoder]: e cls=>inps:0
[37144:ctp-raw-decoder]: e cls=>inps:0
[37144:ctp-raw-decoder]: e cls=>inps:0
[37144:ctp-raw-decoder]: e cls=>inps:0
[37144:ctp-raw-decoder]: e cls=>inps:0
[37144:ctp-raw-decoder]: e cls=>inps:0
[37144:ctp-raw-decoder]: e cls=>inps:0
[37144:ctp-raw-decoder]: e cls=>inps:0
[37144:ctp-raw-decoder]: e cls=>inps:0
[37144:ctp-raw-decoder]: e cls=>inps:0
[37144:ctp-raw-decoder]: e cls=>inps:0
[37144:ctp-raw-decoder]: e cls=>inps:0
[37144:ctp-raw-decoder]: e cls=>inps:0
[37144:ctp-raw-decoder]: e cls=>inps:0
[37144:ctp-raw-decoder]: e cls=>inps:0
[37144:ctp-raw-decoder]: e cls=>inps:0
[37144:ctp-raw-decoder]: e cls=>inps:0
[37144:ctp-raw-decoder]: e cls=>inps:0
[37144:ctp-raw-decoder]: e cls=>inps:0
[37144:ctp-raw-decoder]: e cls=>inps:0
[37144:ctp-raw-decoder]: e cls=>inps:0
[37144:ctp-raw-decoder]: e cls=>inps:0
[37144:ctp-raw-decoder]: e cls=>inps:0
[37144:ctp-raw-decoder]: e cls=>inps:0
[37144:ctp-raw-decoder]: e cls=>inps:0
[37144:ctp-raw-decoder]: e cls=>inps:0
[37144:ctp-raw-decoder]: e cls=>inps:0
[37144:ctp-raw-decoder]: 0 cls=>inps:0
[37144:ctp-raw-decoder]: 1 cls=>inps:0
[37144:ctp-raw-decoder]: 2 cls=>inps:0
[37144:ctp-raw-decoder]: 6 cls=>inps:0
[37144:ctp-raw-decoder]: e cls=>inps:0
[37144:ctp-raw-decoder]: e cls=>inps:0
[37144:ctp-raw-decoder]: e cls=>inps:0
[37144:ctp-raw-decoder]: e cls=>inps:0
[37144:ctp-raw-decoder]: e cls=>inps:0
[37144:ctp-raw-decoder]: e cls=>inps:0
[37144:ctp-raw-decoder]: e cls=>inps:0
[37144:ctp-raw-decoder]: e cls=>inps:0
[37144:ctp-raw-decoder]: e cls=>inps:0
[37144:ctp-raw-decoder]: e cls=>inps:0
[37144:ctp-raw-decoder]: e cls=>inps:0
[37144:ctp-raw-decoder]: e cls=>inps:0
[37144:ctp-raw-decoder]: e cls=>inps:0
[37144:ctp-raw-decoder]: e cls=>inps:0
[37144:ctp-raw-decoder]: e cls=>inps:0
[37144:ctp-raw-decoder]: e cls=>inps:0
[37144:ctp-raw-decoder]: e cls=>inps:0
[37144:ctp-raw-decoder]: e cls=>inps:0
[37144:ctp-raw-decoder]: e cls=>inps:0
[37144:ctp-raw-decoder]: e cls=>inps:0
[37144:ctp-raw-decoder]: e cls=>inps:0
[37144:ctp-raw-decoder]: e cls=>inps:0
[37144:ctp-raw-decoder]: e cls=>inps:0
[37144:ctp-raw-decoder]: e cls=>inps:0
[37144:ctp-raw-decoder]: e cls=>inps:0
[37144:ctp-raw-decoder]: e cls=>inps:0
[37144:ctp-raw-decoder]: e cls=>inps:0
[37144:ctp-raw-decoder]: e cls=>inps:0
[37144:ctp-raw-decoder]: e cls=>inps:0
[37144:ctp-raw-decoder]: e cls=>inps:0
[37144:ctp-raw-decoder]: e cls=>inps:0
[37144:ctp-raw-decoder]: e cls=>inps:0
[37144:ctp-raw-decoder]: e cls=>inps:0
[37144:ctp-raw-decoder]: e cls=>inps:0
[37144:ctp-raw-decoder]: e cls=>inps:0
[37144:ctp-raw-decoder]: e cls=>inps:0
[37144:ctp-raw-decoder]: e cls=>inps:0
[37144:ctp-raw-decoder]: e cls=>inps:0
[37144:ctp-raw-decoder]: e cls=>inps:0
[37144:ctp-raw-decoder]: e cls=>inps:0
[37144:ctp-raw-decoder]: e cls=>inps:0
[37144:ctp-raw-decoder]: e cls=>inps:0
[37144:ctp-raw-decoder]: e cls=>inps:0
[37144:ctp-raw-decoder]: e cls=>inps:0
[37144:ctp-raw-decoder]: e cls=>inps:0
[37144:ctp-raw-decoder]: e cls=>inps:0
[37144:ctp-raw-decoder]: e cls=>inps:0
[37144:ctp-raw-decoder]: e cls=>inps:0
[37144:ctp-raw-decoder]: e cls=>inps:0
[37144:ctp-raw-decoder]: e cls=>inps:0
[37144:ctp-raw-decoder]: e cls=>inps:0
[37144:ctp-raw-decoder]: e cls=>inps:0
[37144:ctp-raw-decoder]: e cls=>inps:0
[37144:ctp-raw-decoder]: e cls=>inps:0
[37144:ctp-raw-decoder]: e cls=>inps:0
[37144:ctp-raw-decoder]: e cls=>inps:0
[37144:ctp-raw-decoder]: e cls=>inps:0
[37144:ctp-raw-decoder]: e cls=>inps:0
[37144:ctp-raw-decoder]: e cls=>inps:0
[37144:ctp-raw-decoder]: e cls=>inps:0
[37144:ctp-raw-decoder]: a cls=>inps:0
[37144:ctp-raw-decoder]: e cls=>inps:0
[37144:ctp-raw-decoder]: e cls=>inps:0
[37144:ctp-raw-decoder]: e cls=>inps:0
[37144:ctp-raw-decoder]: e cls=>inps:0
[37144:ctp-raw-decoder]: e cls=>inps:0
[37144:ctp-raw-decoder]: e cls=>inps:0
[37144:ctp-raw-decoder]: e cls=>inps:0
[37144:ctp-raw-decoder]: 0 cls=>inps:0
[37144:ctp-raw-decoder]: 1 cls=>inps:0
[37144:ctp-raw-decoder]: 2 cls=>inps:0
[37144:ctp-raw-decoder]: 6 cls=>inps:0
[37144:ctp-raw-decoder]: e cls=>inps:0
[37144:ctp-raw-decoder]: e cls=>inps:0
[37144:ctp-raw-decoder]: e cls=>inps:0
[37144:ctp-raw-decoder]: e cls=>inps:0
[37144:ctp-raw-decoder]: e cls=>inps:0
[37144:ctp-raw-decoder]: e cls=>inps:0
[37144:ctp-raw-decoder]: e cls=>inps:0
[37144:ctp-raw-decoder]: e cls=>inps:0
[37144:ctp-raw-decoder]: e cls=>inps:0
[37144:ctp-raw-decoder]: e cls=>inps:0
[37144:ctp-raw-decoder]: e cls=>inps:0
[37144:ctp-raw-decoder]: e cls=>inps:0
[37144:ctp-raw-decoder]: e cls=>inps:0
[37144:ctp-raw-decoder]: e cls=>inps:0
[37144:ctp-raw-decoder]: e cls=>inps:0
[37144:ctp-raw-decoder]: e cls=>inps:0
[37144:ctp-raw-decoder]: e cls=>inps:0
[37144:ctp-raw-decoder]: e cls=>inps:0
[37144:ctp-raw-decoder]: e cls=>inps:0
[37144:ctp-raw-decoder]: e cls=>inps:0
[37144:ctp-raw-decoder]: e cls=>inps:0
[37144:ctp-raw-decoder]: e cls=>inps:0
[37144:ctp-raw-decoder]: e cls=>inps:0
[37144:ctp-raw-decoder]: e cls=>inps:0
[37144:ctp-raw-decoder]: e cls=>inps:0
[37144:ctp-raw-decoder]: e cls=>inps:0
[37144:ctp-raw-decoder]: e cls=>inps:0
[37144:ctp-raw-decoder]: e cls=>inps:0
[37144:ctp-raw-decoder]: e cls=>inps:0
[37144:ctp-raw-decoder]: e cls=>inps:0
[37144:ctp-raw-decoder]: e cls=>inps:0
[37144:ctp-raw-decoder]: e cls=>inps:0
[37144:ctp-raw-decoder]: e cls=>inps:0
[37144:ctp-raw-decoder]: e cls=>inps:0
[37144:ctp-raw-decoder]: e cls=>inps:0
[37144:ctp-raw-decoder]: e cls=>inps:0
[37144:ctp-raw-decoder]: e cls=>inps:0
[37144:ctp-raw-decoder]: e cls=>inps:0
[37144:ctp-raw-decoder]: e cls=>inps:0
[37144:ctp-raw-decoder]: e cls=>inps:0
[37144:ctp-raw-decoder]: e cls=>inps:0
[37144:ctp-raw-decoder]: e cls=>inps:0
[37144:ctp-raw-decoder]: e cls=>inps:0
[37144:ctp-raw-decoder]: e cls=>inps:0
[37144:ctp-raw-decoder]: e cls=>inps:0
[37144:ctp-raw-decoder]: e cls=>inps:0
[37144:ctp-raw-decoder]: e cls=>inps:0
[37144:ctp-raw-decoder]: e cls=>inps:0
[37144:ctp-raw-decoder]: e cls=>inps:0
[37144:ctp-raw-decoder]: e cls=>inps:0
[37144:ctp-raw-decoder]: e cls=>inps:0
[37144:ctp-raw-decoder]: e cls=>inps:0
[37144:ctp-raw-decoder]: e cls=>inps:0
[37144:ctp-raw-decoder]: e cls=>inps:0
[37144:ctp-raw-decoder]: e cls=>inps:0
[37144:ctp-raw-decoder]: e cls=>inps:0
[37144:ctp-raw-decoder]: e cls=>inps:0
[37144:ctp-raw-decoder]: e cls=>inps:0
[37144:ctp-raw-decoder]: e cls=>inps:0
[37144:ctp-raw-decoder]: e cls=>inps:0
[37144:ctp-raw-decoder]: e cls=>inps:0
[37144:ctp-raw-decoder]: e cls=>inps:0
[37144:ctp-raw-decoder]: e cls=>inps:0
[37144:ctp-raw-decoder]: e cls=>inps:0
[37144:ctp-raw-decoder]: a cls=>inps:0
[37144:ctp-raw-decoder]: e cls=>inps:0
[37144:ctp-raw-decoder]: e cls=>inps:0
[37144:ctp-raw-decoder]: e cls=>inps:0
[37144:ctp-raw-decoder]: e cls=>inps:0
[37144:ctp-raw-decoder]: e cls=>inps:0
[37144:ctp-raw-decoder]: e cls=>inps:0
[37144:ctp-raw-decoder]: e cls=>inps:0
[37144:ctp-raw-decoder]: e cls=>inps:0
[37144:ctp-raw-decoder]: e cls=>inps:0
[37144:ctp-raw-decoder]: e cls=>inps:0
[37144:ctp-raw-decoder]: e cls=>inps:0
[37144:ctp-raw-decoder]: e cls=>inps:0
[37144:ctp-raw-decoder]: e cls=>inps:0
[37144:ctp-raw-decoder]: e cls=>inps:0
[37144:ctp-raw-decoder]: e cls=>inps:0
[37144:ctp-raw-decoder]: e cls=>inps:0
[37144:ctp-raw-decoder]: e cls=>inps:0
[37144:ctp-raw-decoder]: e cls=>inps:0
[37144:ctp-raw-decoder]: a cls=>inps:0
[37144:ctp-raw-decoder]: e cls=>inps:0
[37144:ctp-raw-decoder]: e cls=>inps:0
[37144:ctp-raw-decoder]: e cls=>inps:0
[37144:ctp-raw-decoder]: 0 cls=>inps:0
[37144:ctp-raw-decoder]: 1 cls=>inps:0
[37144:ctp-raw-decoder]: 2 cls=>inps:0
[37144:ctp-raw-decoder]: 6 cls=>inps:0
[37144:ctp-raw-decoder]: e cls=>inps:0
[37144:ctp-raw-decoder]: e cls=>inps:0
[37144:ctp-raw-decoder]: e cls=>inps:0
[37144:ctp-raw-decoder]: e cls=>inps:0
[37144:ctp-raw-decoder]: e cls=>inps:0
[37144:ctp-raw-decoder]: e cls=>inps:0
[37144:ctp-raw-decoder]: e cls=>inps:0
[37144:ctp-raw-decoder]: e cls=>inps:0
[37144:ctp-raw-decoder]: e cls=>inps:0
[37144:ctp-raw-decoder]: e cls=>inps:0
[37144:ctp-raw-decoder]: e cls=>inps:0
[37144:ctp-raw-decoder]: e cls=>inps:0
[37144:ctp-raw-decoder]: e cls=>inps:0
[37144:ctp-raw-decoder]: e cls=>inps:0
[37144:ctp-raw-decoder]: e cls=>inps:0
[37144:ctp-raw-decoder]: e cls=>inps:0
[37144:ctp-raw-decoder]: e cls=>inps:0
[37144:ctp-raw-decoder]: e cls=>inps:0
[37144:ctp-raw-decoder]: e cls=>inps:0
[37144:ctp-raw-decoder]: e cls=>inps:0
[37144:ctp-raw-decoder]: e cls=>inps:0
[37144:ctp-raw-decoder]: e cls=>inps:0
[37144:ctp-raw-decoder]: e cls=>inps:0
[37144:ctp-raw-decoder]: a cls=>inps:0
[37144:ctp-raw-decoder]: e cls=>inps:0
[37144:ctp-raw-decoder]: e cls=>inps:0
[37144:ctp-raw-decoder]: e cls=>inps:0
[37144:ctp-raw-decoder]: e cls=>inps:0
[37144:ctp-raw-decoder]: e cls=>inps:0
[37144:ctp-raw-decoder]: e cls=>inps:0
[37144:ctp-raw-decoder]: e cls=>inps:0
[37144:ctp-raw-decoder]: e cls=>inps:0
[37144:ctp-raw-decoder]: e cls=>inps:0
[37144:ctp-raw-decoder]: e cls=>inps:0
[37144:ctp-raw-decoder]: e cls=>inps:0
[37144:ctp-raw-decoder]: e cls=>inps:0
[37144:ctp-raw-decoder]: e cls=>inps:0
[37144:ctp-raw-decoder]: e cls=>inps:0
[37144:ctp-raw-decoder]: e cls=>inps:0
[37144:ctp-raw-decoder]: e cls=>inps:0
[37144:ctp-raw-decoder]: e cls=>inps:0
[37144:ctp-raw-decoder]: e cls=>inps:0
[37144:ctp-raw-decoder]: e cls=>inps:0
[37144:ctp-raw-decoder]: e cls=>inps:0
[37144:ctp-raw-decoder]: e cls=>inps:0
[37144:ctp-raw-decoder]: e cls=>inps:0
[37144:ctp-raw-decoder]: e cls=>inps:0
[37144:ctp-raw-decoder]: e cls=>inps:0
[37144:ctp-raw-decoder]: e cls=>inps:0
[37144:ctp-raw-decoder]: e cls=>inps:0
[37144:ctp-raw-decoder]: e cls=>inps:0
[37144:ctp-raw-decoder]: e cls=>inps:0
[37144:ctp-raw-decoder]: e cls=>inps:0
[37144:ctp-raw-decoder]: e cls=>inps:0
[37144:ctp-raw-decoder]: e cls=>inps:0
[37144:ctp-raw-decoder]: e cls=>inps:0
[37144:ctp-raw-decoder]: e cls=>inps:0
[37144:ctp-raw-decoder]: e cls=>inps:0
[37144:ctp-raw-decoder]: e cls=>inps:0
[37144:ctp-raw-decoder]: e cls=>inps:0
[37144:ctp-raw-decoder]: e cls=>inps:0
[37144:ctp-raw-decoder]: e cls=>inps:0
[37144:ctp-raw-decoder]: e cls=>inps:0
[37144:ctp-raw-decoder]: e cls=>inps:0
[37144:ctp-raw-decoder]: e cls=>inps:0
[37144:ctp-raw-decoder]: e cls=>inps:0
[37144:ctp-raw-decoder]: e cls=>inps:0
[37144:ctp-raw-decoder]: e cls=>inps:0
[37144:ctp-raw-decoder]: e cls=>inps:0
[37144:ctp-raw-decoder]: e cls=>inps:0
[37144:ctp-raw-decoder]: e cls=>inps:0
[37144:ctp-raw-decoder]: e cls=>inps:0
[37144:ctp-raw-decoder]: e cls=>inps:0
[37144:ctp-raw-decoder]: e cls=>inps:0
[37144:ctp-raw-decoder]: e cls=>inps:0
[37144:ctp-raw-decoder]: e cls=>inps:0
[37144:ctp-raw-decoder]: e cls=>inps:0
[37144:ctp-raw-decoder]: e cls=>inps:0
[37144:ctp-raw-decoder]: e cls=>inps:0
[37144:ctp-raw-decoder]: e cls=>inps:0
[37144:ctp-raw-decoder]: a cls=>inps:0
[37144:ctp-raw-decoder]: e cls=>inps:0
[37144:ctp-raw-decoder]: e cls=>inps:0
[37144:ctp-raw-decoder]: e cls=>inps:0
[37144:ctp-raw-decoder]: e cls=>inps:0
[37144:ctp-raw-decoder]: e cls=>inps:0
[37144:ctp-raw-decoder]: e cls=>inps:0
[37144:ctp-raw-decoder]: e cls=>inps:0
[37144:ctp-raw-decoder]: e cls=>inps:0
[37144:ctp-raw-decoder]: e cls=>inps:0
[37144:ctp-raw-decoder]: e cls=>inps:0
[37144:ctp-raw-decoder]: e cls=>inps:0
[37144:ctp-raw-decoder]: e cls=>inps:0
[37144:ctp-raw-decoder]: e cls=>inps:0
[37144:ctp-raw-decoder]: e cls=>inps:0
[37144:ctp-raw-decoder]: e cls=>inps:0
[37144:ctp-raw-decoder]: e cls=>inps:0
[37144:ctp-raw-decoder]: e cls=>inps:0
[37144:ctp-raw-decoder]: e cls=>inps:0
[37144:ctp-raw-decoder]: e cls=>inps:0
[37144:ctp-raw-decoder]: e cls=>inps:0
[37144:ctp-raw-decoder]: e cls=>inps:0
[37144:ctp-raw-decoder]: e cls=>inps:0
[37144:ctp-raw-decoder]: e cls=>inps:0
[37144:ctp-raw-decoder]: e cls=>inps:0
[37144:ctp-raw-decoder]: e cls=>inps:0
[37144:ctp-raw-decoder]: e cls=>inps:0
[37144:ctp-raw-decoder]: e cls=>inps:0
[37144:ctp-raw-decoder]: e cls=>inps:0
[37144:ctp-raw-decoder]: e cls=>inps:0
[37144:ctp-raw-decoder]: e cls=>inps:0
[37144:ctp-raw-decoder]: e cls=>inps:0
[37144:ctp-raw-decoder]: e cls=>inps:0
[37144:ctp-raw-decoder]: e cls=>inps:0
[37144:ctp-raw-decoder]: e cls=>inps:0
[37144:ctp-raw-decoder]: e cls=>inps:0
[37144:ctp-raw-decoder]: e cls=>inps:0
[37144:ctp-raw-decoder]: e cls=>inps:0
[37144:ctp-raw-decoder]: e cls=>inps:0
[37144:ctp-raw-decoder]: e cls=>inps:0
[37144:ctp-raw-decoder]: e cls=>inps:0
[37144:ctp-raw-decoder]: e cls=>inps:0
[37144:ctp-raw-decoder]: e cls=>inps:0
[37144:ctp-raw-decoder]: e cls=>inps:0
[37144:ctp-raw-decoder]: e cls=>inps:0
[37144:ctp-raw-decoder]: e cls=>inps:0
[37144:ctp-raw-decoder]: e cls=>inps:0
[37144:ctp-raw-decoder]: e cls=>inps:0
[37144:ctp-raw-decoder]: e cls=>inps:0
[37144:ctp-raw-decoder]: e cls=>inps:0
[37144:ctp-raw-decoder]: e cls=>inps:0
[37144:ctp-raw-decoder]: e cls=>inps:0
[37144:ctp-raw-decoder]: e cls=>inps:0
[37144:ctp-raw-decoder]: e cls=>inps:0
[37144:ctp-raw-decoder]: e cls=>inps:0
[37144:ctp-raw-decoder]: e cls=>inps:0
[37144:ctp-raw-decoder]: e cls=>inps:0
[37144:ctp-raw-decoder]: e cls=>inps:0
[37144:ctp-raw-decoder]: e cls=>inps:0
[37144:ctp-raw-decoder]: e cls=>inps:0
[37144:ctp-raw-decoder]: e cls=>inps:0
[37144:ctp-raw-decoder]: e cls=>inps:0
[37144:ctp-raw-decoder]: e cls=>inps:0
[37144:ctp-raw-decoder]: e cls=>inps:0
[37144:ctp-raw-decoder]: e cls=>inps:0
[37144:ctp-raw-decoder]: e cls=>inps:0
[37144:ctp-raw-decoder]: e cls=>inps:0
[37144:ctp-raw-decoder]: e cls=>inps:0
[37144:ctp-raw-decoder]: e cls=>inps:0
[37144:ctp-raw-decoder]: e cls=>inps:0
[37144:ctp-raw-decoder]: e cls=>inps:0
[37144:ctp-raw-decoder]: e cls=>inps:0
[37144:ctp-raw-decoder]: e cls=>inps:0
[37144:ctp-raw-decoder]: e cls=>inps:0
[37144:ctp-raw-decoder]: e cls=>inps:0
[37144:ctp-raw-decoder]: e cls=>inps:0
[37144:ctp-raw-decoder]: e cls=>inps:0
[37144:ctp-raw-decoder]: e cls=>inps:0
[37144:ctp-raw-decoder]: e cls=>inps:0
[37144:ctp-raw-decoder]: e cls=>inps:0
[37144:ctp-raw-decoder]: e cls=>inps:0
[37144:ctp-raw-decoder]: e cls=>inps:0
[37144:ctp-raw-decoder]: e cls=>inps:0
[37144:ctp-raw-decoder]: e cls=>inps:0
[37144:ctp-raw-decoder]: e cls=>inps:0
[37144:ctp-raw-decoder]: e cls=>inps:0
[37144:ctp-raw-decoder]: e cls=>inps:0
[37144:ctp-raw-decoder]: e cls=>inps:0
[37144:ctp-raw-decoder]: e cls=>inps:0
[37144:ctp-raw-decoder]: e cls=>inps:0
[37144:ctp-raw-decoder]: e cls=>inps:0
[37144:ctp-raw-decoder]: e cls=>inps:0
[37144:ctp-raw-decoder]: e cls=>inps:0
[37144:ctp-raw-decoder]: e cls=>inps:0
[37144:ctp-raw-decoder]: e cls=>inps:0
[37144:ctp-raw-decoder]: e cls=>inps:0
[37144:ctp-raw-decoder]: e cls=>inps:0
[37144:ctp-raw-decoder]: e cls=>inps:0
[37144:ctp-raw-decoder]: e cls=>inps:0
[37144:ctp-raw-decoder]: e cls=>inps:0
[37144:ctp-raw-decoder]: e cls=>inps:0
[37144:ctp-raw-decoder]: e cls=>inps:0
[37144:ctp-raw-decoder]: e cls=>inps:0
[37144:ctp-raw-decoder]: e cls=>inps:0
[37144:ctp-raw-decoder]: e cls=>inps:0
[37144:ctp-raw-decoder]: e cls=>inps:0
[37144:ctp-raw-decoder]: e cls=>inps:0
[37144:ctp-raw-decoder]: e cls=>inps:0
[37144:ctp-raw-decoder]: e cls=>inps:0
[37144:ctp-raw-decoder]: e cls=>inps:0
[37144:ctp-raw-decoder]: e cls=>inps:0
[37144:ctp-raw-decoder]: e cls=>inps:0
[37144:ctp-raw-decoder]: e cls=>inps:0
[37144:ctp-raw-decoder]: e cls=>inps:0
[37144:ctp-raw-decoder]: e cls=>inps:0
[37144:ctp-raw-decoder]: e cls=>inps:0
[37144:ctp-raw-decoder]: e cls=>inps:0
[37144:ctp-raw-decoder]: e cls=>inps:0
[37144:ctp-raw-decoder]: e cls=>inps:0
[37144:ctp-raw-decoder]: e cls=>inps:0
[37144:ctp-raw-decoder]: e cls=>inps:0
[37144:ctp-raw-decoder]: e cls=>inps:0
[37144:ctp-raw-decoder]: e cls=>inps:0
[37144:ctp-raw-decoder]: e cls=>inps:0
[37144:ctp-raw-decoder]: e cls=>inps:0
[37144:ctp-raw-decoder]: e cls=>inps:0
[37144:ctp-raw-decoder]: e cls=>inps:0
[37144:ctp-raw-decoder]: e cls=>inps:0
[37144:ctp-raw-decoder]: e cls=>inps:0
[37144:ctp-raw-decoder]: e cls=>inps:0
[37144:ctp-raw-decoder]: e cls=>inps:0
[37144:ctp-raw-decoder]: e cls=>inps:0
[37144:ctp-raw-decoder]: e cls=>inps:0
[37144:ctp-raw-decoder]: e cls=>inps:0
[37144:ctp-raw-decoder]: e cls=>inps:0
[37144:ctp-raw-decoder]: e cls=>inps:0
[37144:ctp-raw-decoder]: e cls=>inps:0
[37144:ctp-raw-decoder]: e cls=>inps:0
[37144:ctp-raw-decoder]: e cls=>inps:0
[37144:ctp-raw-decoder]: e cls=>inps:0
[37144:ctp-raw-decoder]: e cls=>inps:0
[37144:ctp-raw-decoder]: e cls=>inps:0
[37144:ctp-raw-decoder]: e cls=>inps:0
[37144:ctp-raw-decoder]: e cls=>inps:0
[37144:ctp-raw-decoder]: e cls=>inps:0
[37144:ctp-raw-decoder]: e cls=>inps:0
[37144:ctp-raw-decoder]: e cls=>inps:0
[37144:ctp-raw-decoder]: e cls=>inps:0
[37144:ctp-raw-decoder]: e cls=>inps:0
[37144:ctp-raw-decoder]: e cls=>inps:0
[37144:ctp-raw-decoder]: e cls=>inps:0
[37144:ctp-raw-decoder]: e cls=>inps:0
[37144:ctp-raw-decoder]: e cls=>inps:0
[37144:ctp-raw-decoder]: e cls=>inps:0
[37144:ctp-raw-decoder]: e cls=>inps:0
[37144:ctp-raw-decoder]: e cls=>inps:0
[37144:ctp-raw-decoder]: e cls=>inps:0
[37144:ctp-raw-decoder]: e cls=>inps:0
[37144:ctp-raw-decoder]: e cls=>inps:0
[37144:ctp-raw-decoder]: e cls=>inps:0
[37144:ctp-raw-decoder]: e cls=>inps:0
[37144:ctp-raw-decoder]: e cls=>inps:0
[37144:ctp-raw-decoder]: e cls=>inps:0
[37144:ctp-raw-decoder]: e cls=>inps:0
[37144:ctp-raw-decoder]: e cls=>inps:0
[37144:ctp-raw-decoder]: e cls=>inps:0
[37144:ctp-raw-decoder]: e cls=>inps:0
[37144:ctp-raw-decoder]: e cls=>inps:0
[37144:ctp-raw-decoder]: e cls=>inps:0
[37144:ctp-raw-decoder]: 0 cls=>inps:0
[37144:ctp-raw-decoder]: 1 cls=>inps:0
[37144:ctp-raw-decoder]: 2 cls=>inps:0
[37144:ctp-raw-decoder]: 6 cls=>inps:0
[37144:ctp-raw-decoder]: e cls=>inps:0
[37144:ctp-raw-decoder]: e cls=>inps:0
[37144:ctp-raw-decoder]: e cls=>inps:0
[37144:ctp-raw-decoder]: e cls=>inps:0
[37144:ctp-raw-decoder]: e cls=>inps:0
[37144:ctp-raw-decoder]: e cls=>inps:0
[37144:ctp-raw-decoder]: e cls=>inps:0
[37144:ctp-raw-decoder]: e cls=>inps:0
[37144:ctp-raw-decoder]: 0 cls=>inps:0
[37144:ctp-raw-decoder]: 1 cls=>inps:0
[37144:ctp-raw-decoder]: 2 cls=>inps:0
[37144:ctp-raw-decoder]: 6 cls=>inps:0
[37144:ctp-raw-decoder]: e cls=>inps:0
[37144:ctp-raw-decoder]: e cls=>inps:0
[37144:ctp-raw-decoder]: e cls=>inps:0
[37144:ctp-raw-decoder]: e cls=>inps:0
[37144:ctp-raw-decoder]: e cls=>inps:0
[37144:ctp-raw-decoder]: e cls=>inps:0
[37144:ctp-raw-decoder]: e cls=>inps:0
[37144:ctp-raw-decoder]: e cls=>inps:0
[37144:ctp-raw-decoder]: 0 cls=>inps:0
[37144:ctp-raw-decoder]: 1 cls=>inps:0
[37144:ctp-raw-decoder]: 2 cls=>inps:0
[37144:ctp-raw-decoder]: 6 cls=>inps:0
[37144:ctp-raw-decoder]: e cls=>inps:0
[37144:ctp-raw-decoder]: e cls=>inps:0
[37144:ctp-raw-decoder]: e cls=>inps:0
[37144:ctp-raw-decoder]: e cls=>inps:0
[37144:ctp-raw-decoder]: e cls=>inps:0
[37144:ctp-raw-decoder]: e cls=>inps:0
[37144:ctp-raw-decoder]: e cls=>inps:0
[37144:ctp-raw-decoder]: e cls=>inps:0
[37144:ctp-raw-decoder]: e cls=>inps:0
[37144:ctp-raw-decoder]: e cls=>inps:0
[37144:ctp-raw-decoder]: e cls=>inps:0
[37144:ctp-raw-decoder]: e cls=>inps:0
[37144:ctp-raw-decoder]: 0 cls=>inps:0
[37144:ctp-raw-decoder]: 1 cls=>inps:0
[37144:ctp-raw-decoder]: 2 cls=>inps:0
[37144:ctp-raw-decoder]: 6 cls=>inps:0
[37144:ctp-raw-decoder]: e cls=>inps:0
[37144:ctp-raw-decoder]: 0 cls=>inps:0
[37144:ctp-raw-decoder]: 1 cls=>inps:0
[37144:ctp-raw-decoder]: 2 cls=>inps:0
[37144:ctp-raw-decoder]: 6 cls=>inps:0
[37144:ctp-raw-decoder]: e cls=>inps:0
[37144:ctp-raw-decoder]: e cls=>inps:0
[37144:ctp-raw-decoder]: e cls=>inps:0
[37144:ctp-raw-decoder]: e cls=>inps:0
[37144:ctp-raw-decoder]: e cls=>inps:0
[37144:ctp-raw-decoder]: e cls=>inps:0
[37144:ctp-raw-decoder]: e cls=>inps:0
[37144:ctp-raw-decoder]: e cls=>inps:0
[37144:ctp-raw-decoder]: e cls=>inps:0
[37144:ctp-raw-decoder]: e cls=>inps:0
[37144:ctp-raw-decoder]: e cls=>inps:0
[37144:ctp-raw-decoder]: e cls=>inps:0
[37144:ctp-raw-decoder]: e cls=>inps:0
[37144:ctp-raw-decoder]: e cls=>inps:0
[37144:ctp-raw-decoder]: e cls=>inps:0
[37144:ctp-raw-decoder]: e cls=>inps:0
[37144:ctp-raw-decoder]: e cls=>inps:0
[37144:ctp-raw-decoder]: e cls=>inps:0
[37144:ctp-raw-decoder]: e cls=>inps:0
[37144:ctp-raw-decoder]: e cls=>inps:0
[37144:ctp-raw-decoder]: e cls=>inps:0
[37144:ctp-raw-decoder]: e cls=>inps:0
[37144:ctp-raw-decoder]: e cls=>inps:0
[37144:ctp-raw-decoder]: e cls=>inps:0
[37144:ctp-raw-decoder]: e cls=>inps:0
[37144:ctp-raw-decoder]: e cls=>inps:0
[37144:ctp-raw-decoder]: e cls=>inps:0
[37144:ctp-raw-decoder]: e cls=>inps:0
[37144:ctp-raw-decoder]: e cls=>inps:0
[37144:ctp-raw-decoder]: e cls=>inps:0
[37144:ctp-raw-decoder]: e cls=>inps:0
[37144:ctp-raw-decoder]: e cls=>inps:0
[37144:ctp-raw-decoder]: e cls=>inps:0
[37144:ctp-raw-decoder]: e cls=>inps:0
[37144:ctp-raw-decoder]: e cls=>inps:0
[37144:ctp-raw-decoder]: e cls=>inps:0
[37144:ctp-raw-decoder]: e cls=>inps:0
[37144:ctp-raw-decoder]: e cls=>inps:0
[37144:ctp-raw-decoder]: e cls=>inps:0
[37144:ctp-raw-decoder]: e cls=>inps:0
[37144:ctp-raw-decoder]: e cls=>inps:0
[37144:ctp-raw-decoder]: e cls=>inps:0
[37144:ctp-raw-decoder]: e cls=>inps:0
[37144:ctp-raw-decoder]: e cls=>inps:0
[37144:ctp-raw-decoder]: e cls=>inps:0
[37144:ctp-raw-decoder]: e cls=>inps:0
[37144:ctp-raw-decoder]: e cls=>inps:0
[37144:ctp-raw-decoder]: e cls=>inps:0
[37144:ctp-raw-decoder]: e cls=>inps:0
[37144:ctp-raw-decoder]: e cls=>inps:0
[37144:ctp-raw-decoder]: e cls=>inps:0
[37144:ctp-raw-decoder]: e cls=>inps:0
[37144:ctp-raw-decoder]: e cls=>inps:0
[37144:ctp-raw-decoder]: e cls=>inps:0
[37144:ctp-raw-decoder]: e cls=>inps:0
[37144:ctp-raw-decoder]: e cls=>inps:0
[37144:ctp-raw-decoder]: e cls=>inps:0
[37144:ctp-raw-decoder]: e cls=>inps:0
[37144:ctp-raw-decoder]: e cls=>inps:0
[37144:ctp-raw-decoder]: e cls=>inps:0
[37144:ctp-raw-decoder]: e cls=>inps:0
[37144:ctp-raw-decoder]: e cls=>inps:0
[37144:ctp-raw-decoder]: e cls=>inps:0
[37144:ctp-raw-decoder]: e cls=>inps:0
[37144:ctp-raw-decoder]: e cls=>inps:0
[37144:ctp-raw-decoder]: e cls=>inps:0
[37144:ctp-raw-decoder]: e cls=>inps:0
[37144:ctp-raw-decoder]: e cls=>inps:0
[37144:ctp-raw-decoder]: e cls=>inps:0
[37144:ctp-raw-decoder]: e cls=>inps:0
[37144:ctp-raw-decoder]: e cls=>inps:0
[37144:ctp-raw-decoder]: e cls=>inps:0
[37144:ctp-raw-decoder]: e cls=>inps:0
[37144:ctp-raw-decoder]: e cls=>inps:0
[37144:ctp-raw-decoder]: e cls=>inps:0
[37144:ctp-raw-decoder]: e cls=>inps:0
[37144:ctp-raw-decoder]: e cls=>inps:0
[37144:ctp-raw-decoder]: e cls=>inps:0
[37144:ctp-raw-decoder]: e cls=>inps:0
[37144:ctp-raw-decoder]: e cls=>inps:0
[37144:ctp-raw-decoder]: e cls=>inps:0
[37144:ctp-raw-decoder]: e cls=>inps:0
[37144:ctp-raw-decoder]: e cls=>inps:0
[37144:ctp-raw-decoder]: e cls=>inps:0
[37144:ctp-raw-decoder]: e cls=>inps:0
[37144:ctp-raw-decoder]: e cls=>inps:0
[37144:ctp-raw-decoder]: e cls=>inps:0
[37144:ctp-raw-decoder]: e cls=>inps:0
[37144:ctp-raw-decoder]: e cls=>inps:0
[37144:ctp-raw-decoder]: e cls=>inps:0
[37144:ctp-raw-decoder]: e cls=>inps:0
[37144:ctp-raw-decoder]: e cls=>inps:0
[37144:ctp-raw-decoder]: e cls=>inps:0
[37144:ctp-raw-decoder]: e cls=>inps:0
[37144:ctp-raw-decoder]: e cls=>inps:0
[37144:ctp-raw-decoder]: e cls=>inps:0
[37144:ctp-raw-decoder]: e cls=>inps:0
[37144:ctp-raw-decoder]: e cls=>inps:0
[37144:ctp-raw-decoder]: e cls=>inps:0
[37144:ctp-raw-decoder]: e cls=>inps:0
[37144:ctp-raw-decoder]: e cls=>inps:0
[37144:ctp-raw-decoder]: e cls=>inps:0
[37144:ctp-raw-decoder]: e cls=>inps:0
[37144:ctp-raw-decoder]: e cls=>inps:0
[37144:ctp-raw-decoder]: e cls=>inps:0
[37144:ctp-raw-decoder]: e cls=>inps:0
[37144:ctp-raw-decoder]: e cls=>inps:0
[37144:ctp-raw-decoder]: e cls=>inps:0
[37144:ctp-raw-decoder]: e cls=>inps:0
[37144:ctp-raw-decoder]: e cls=>inps:0
[37144:ctp-raw-decoder]: e cls=>inps:0
[37144:ctp-raw-decoder]: e cls=>inps:0
[37144:ctp-raw-decoder]: e cls=>inps:0
[37144:ctp-raw-decoder]: e cls=>inps:0
[37144:ctp-raw-decoder]: e cls=>inps:0
[37144:ctp-raw-decoder]: e cls=>inps:0
[37144:ctp-raw-decoder]: e cls=>inps:0
[37144:ctp-raw-decoder]: e cls=>inps:0
[37144:ctp-raw-decoder]: e cls=>inps:0
[37144:ctp-raw-decoder]: e cls=>inps:0
[37144:ctp-raw-decoder]: e cls=>inps:0
[37144:ctp-raw-decoder]: e cls=>inps:0
[37144:ctp-raw-decoder]: e cls=>inps:0
[37144:ctp-raw-decoder]: e cls=>inps:0
[37144:ctp-raw-decoder]: e cls=>inps:0
[37144:ctp-raw-decoder]: e cls=>inps:0
[37144:ctp-raw-decoder]: e cls=>inps:0
[37144:ctp-raw-decoder]: e cls=>inps:0
[37144:ctp-raw-decoder]: e cls=>inps:0
[37144:ctp-raw-decoder]: e cls=>inps:0
[37144:ctp-raw-decoder]: e cls=>inps:0
[37144:ctp-raw-decoder]: e cls=>inps:0
[37144:ctp-raw-decoder]: a cls=>inps:0
[37144:ctp-raw-decoder]: e cls=>inps:0
[37144:ctp-raw-decoder]: e cls=>inps:0
[37144:ctp-raw-decoder]: e cls=>inps:0
[37144:ctp-raw-decoder]: 0 cls=>inps:0
[37144:ctp-raw-decoder]: 1 cls=>inps:0
[37144:ctp-raw-decoder]: 2 cls=>inps:0
[37144:ctp-raw-decoder]: 6 cls=>inps:0
[37144:ctp-raw-decoder]: e cls=>inps:0
[37144:ctp-raw-decoder]: e cls=>inps:0
[37144:ctp-raw-decoder]: e cls=>inps:0
[37144:ctp-raw-decoder]: e cls=>inps:0
[37144:ctp-raw-decoder]: e cls=>inps:0
[37144:ctp-raw-decoder]: e cls=>inps:0
[37144:ctp-raw-decoder]: a cls=>inps:0
[37144:ctp-raw-decoder]: e cls=>inps:0
[37144:ctp-raw-decoder]: e cls=>inps:0
[37144:ctp-raw-decoder]: e cls=>inps:0
[37144:ctp-raw-decoder]: e cls=>inps:0
[37144:ctp-raw-decoder]: e cls=>inps:0
[37144:ctp-raw-decoder]: e cls=>inps:0
[37144:ctp-raw-decoder]: e cls=>inps:0
[37144:ctp-raw-decoder]: e cls=>inps:0
[37144:ctp-raw-decoder]: e cls=>inps:0
[37144:ctp-raw-decoder]: e cls=>inps:0
[37144:ctp-raw-decoder]: e cls=>inps:0
[37144:ctp-raw-decoder]: e cls=>inps:0
[37144:ctp-raw-decoder]: e cls=>inps:0
[37144:ctp-raw-decoder]: e cls=>inps:0
[37144:ctp-raw-decoder]: e cls=>inps:0
[37144:ctp-raw-decoder]: e cls=>inps:0
[37144:ctp-raw-decoder]: e cls=>inps:0
[37144:ctp-raw-decoder]: e cls=>inps:0
[37144:ctp-raw-decoder]: e cls=>inps:0
[37144:ctp-raw-decoder]: e cls=>inps:0
[37144:ctp-raw-decoder]: e cls=>inps:0
[37144:ctp-raw-decoder]: e cls=>inps:0
[37144:ctp-raw-decoder]: e cls=>inps:0
[37144:ctp-raw-decoder]: e cls=>inps:0
[37144:ctp-raw-decoder]: e cls=>inps:0
[37144:ctp-raw-decoder]: e cls=>inps:0
[37144:ctp-raw-decoder]: e cls=>inps:0
[37144:ctp-raw-decoder]: e cls=>inps:0
[37144:ctp-raw-decoder]: e cls=>inps:0
[37144:ctp-raw-decoder]: e cls=>inps:0
[37144:ctp-raw-decoder]: e cls=>inps:0
[37144:ctp-raw-decoder]: e cls=>inps:0
[37144:ctp-raw-decoder]: e cls=>inps:0
[37144:ctp-raw-decoder]: e cls=>inps:0
[37144:ctp-raw-decoder]: e cls=>inps:0
[37144:ctp-raw-decoder]: e cls=>inps:0
[37144:ctp-raw-decoder]: e cls=>inps:0
[37144:ctp-raw-decoder]: e cls=>inps:0
[37144:ctp-raw-decoder]: e cls=>inps:0
[37144:ctp-raw-decoder]: e cls=>inps:0
[37144:ctp-raw-decoder]: e cls=>inps:0
[37144:ctp-raw-decoder]: e cls=>inps:0
[37144:ctp-raw-decoder]: e cls=>inps:0
[37144:ctp-raw-decoder]: e cls=>inps:0
[37144:ctp-raw-decoder]: e cls=>inps:0
[37144:ctp-raw-decoder]: e cls=>inps:0
[37144:ctp-raw-decoder]: e cls=>inps:0
[37144:ctp-raw-decoder]: e cls=>inps:0
[37144:ctp-raw-decoder]: e cls=>inps:0
[37144:ctp-raw-decoder]: a cls=>inps:0
[37144:ctp-raw-decoder]: e cls=>inps:0
[37144:ctp-raw-decoder]: a cls=>inps:0
[37144:ctp-raw-decoder]: e cls=>inps:0
[37144:ctp-raw-decoder]: e cls=>inps:0
[37144:ctp-raw-decoder]: e cls=>inps:0
[37144:ctp-raw-decoder]: e cls=>inps:0
[37144:ctp-raw-decoder]: e cls=>inps:0
[37144:ctp-raw-decoder]: e cls=>inps:0
[37144:ctp-raw-decoder]: e cls=>inps:0
[37144:ctp-raw-decoder]: e cls=>inps:0
[37144:ctp-raw-decoder]: e cls=>inps:0
[37144:ctp-raw-decoder]: e cls=>inps:0
[37144:ctp-raw-decoder]: a cls=>inps:0
[37144:ctp-raw-decoder]: e cls=>inps:0
[37144:ctp-raw-decoder]: e cls=>inps:0
[37144:ctp-raw-decoder]: e cls=>inps:0
[37144:ctp-raw-decoder]: e cls=>inps:0
[37144:ctp-raw-decoder]: e cls=>inps:0
[37144:ctp-raw-decoder]: e cls=>inps:0
[37144:ctp-raw-decoder]: 0 cls=>inps:0
[37144:ctp-raw-decoder]: 1 cls=>inps:0
[37144:ctp-raw-decoder]: 2 cls=>inps:0
[37144:ctp-raw-decoder]: 6 cls=>inps:0
[37144:ctp-raw-decoder]: e cls=>inps:0
[37144:ctp-raw-decoder]: e cls=>inps:0
[37144:ctp-raw-decoder]: e cls=>inps:0
[37144:ctp-raw-decoder]: e cls=>inps:0
[37144:ctp-raw-decoder]: e cls=>inps:0
[37144:ctp-raw-decoder]: e cls=>inps:0
[37144:ctp-raw-decoder]: e cls=>inps:0
[37144:ctp-raw-decoder]: e cls=>inps:0
[37144:ctp-raw-decoder]: 0 cls=>inps:0
[37144:ctp-raw-decoder]: 1 cls=>inps:0
[37144:ctp-raw-decoder]: 2 cls=>inps:0
[37144:ctp-raw-decoder]: 6 cls=>inps:0
[37144:ctp-raw-decoder]: e cls=>inps:0
[37144:ctp-raw-decoder]: e cls=>inps:0
[37144:ctp-raw-decoder]: e cls=>inps:0
[37144:ctp-raw-decoder]: e cls=>inps:0
[37144:ctp-raw-decoder]: a cls=>inps:0
[37144:ctp-raw-decoder]: e cls=>inps:0
[37144:ctp-raw-decoder]: e cls=>inps:0
[37144:ctp-raw-decoder]: e cls=>inps:0
[37144:ctp-raw-decoder]: e cls=>inps:0
[37144:ctp-raw-decoder]: e cls=>inps:0
[37144:ctp-raw-decoder]: e cls=>inps:0
[37144:ctp-raw-decoder]: e cls=>inps:0
[37144:ctp-raw-decoder]: e cls=>inps:0
[37144:ctp-raw-decoder]: e cls=>inps:0
[37144:ctp-raw-decoder]: e cls=>inps:0
[37144:ctp-raw-decoder]: e cls=>inps:0
[37144:ctp-raw-decoder]: e cls=>inps:0
[37144:ctp-raw-decoder]: e cls=>inps:0
[37144:ctp-raw-decoder]: e cls=>inps:0
[37144:ctp-raw-decoder]: e cls=>inps:0
[37144:ctp-raw-decoder]: e cls=>inps:0
[37144:ctp-raw-decoder]: e cls=>inps:0
[37144:ctp-raw-decoder]: e cls=>inps:0
[37144:ctp-raw-decoder]: e cls=>inps:0
[37144:ctp-raw-decoder]: e cls=>inps:0
[37144:ctp-raw-decoder]: e cls=>inps:0
[37144:ctp-raw-decoder]: e cls=>inps:0
[37144:ctp-raw-decoder]: e cls=>inps:0
[37144:ctp-raw-decoder]: e cls=>inps:0
[37144:ctp-raw-decoder]: e cls=>inps:0
[37144:ctp-raw-decoder]: e cls=>inps:0
[37144:ctp-raw-decoder]: e cls=>inps:0
[37144:ctp-raw-decoder]: 0 cls=>inps:0
[37144:ctp-raw-decoder]: 1 cls=>inps:0
[37144:ctp-raw-decoder]: 2 cls=>inps:0
[37144:ctp-raw-decoder]: 6 cls=>inps:0
[37144:ctp-raw-decoder]: e cls=>inps:0
[37144:ctp-raw-decoder]: e cls=>inps:0
[37144:ctp-raw-decoder]: e cls=>inps:0
[37144:ctp-raw-decoder]: e cls=>inps:0
[37144:ctp-raw-decoder]: e cls=>inps:0
[37144:ctp-raw-decoder]: e cls=>inps:0
[37144:ctp-raw-decoder]: e cls=>inps:0
[37144:ctp-raw-decoder]: e cls=>inps:0
[37144:ctp-raw-decoder]: e cls=>inps:0
[37144:ctp-raw-decoder]: e cls=>inps:0
[37144:ctp-raw-decoder]: e cls=>inps:0
[37144:ctp-raw-decoder]: e cls=>inps:0
[37144:ctp-raw-decoder]: e cls=>inps:0
[37144:ctp-raw-decoder]: e cls=>inps:0
[37144:ctp-raw-decoder]: e cls=>inps:0
[37144:ctp-raw-decoder]: e cls=>inps:0
[37144:ctp-raw-decoder]: e cls=>inps:0
[37144:ctp-raw-decoder]: e cls=>inps:0
[37144:ctp-raw-decoder]: e cls=>inps:0
[37144:ctp-raw-decoder]: e cls=>inps:0
[37144:ctp-raw-decoder]: e cls=>inps:0
[37144:ctp-raw-decoder]: e cls=>inps:0
[37144:ctp-raw-decoder]: e cls=>inps:0
[37144:ctp-raw-decoder]: e cls=>inps:0
[37144:ctp-raw-decoder]: e cls=>inps:0
[37144:ctp-raw-decoder]: e cls=>inps:0
[37144:ctp-raw-decoder]: e cls=>inps:0
[37144:ctp-raw-decoder]: e cls=>inps:0
[37144:ctp-raw-decoder]: a cls=>inps:0
[37144:ctp-raw-decoder]: e cls=>inps:0
[37144:ctp-raw-decoder]: e cls=>inps:0
[37144:ctp-raw-decoder]: e cls=>inps:0
[37144:ctp-raw-decoder]: e cls=>inps:0
[37144:ctp-raw-decoder]: e cls=>inps:0
[37144:ctp-raw-decoder]: e cls=>inps:0
[37144:ctp-raw-decoder]: e cls=>inps:0
[37144:ctp-raw-decoder]: e cls=>inps:0
[37144:ctp-raw-decoder]: e cls=>inps:0
[37144:ctp-raw-decoder]: e cls=>inps:0
[37144:ctp-raw-decoder]: e cls=>inps:0
[37144:ctp-raw-decoder]: e cls=>inps:0
[37144:ctp-raw-decoder]: e cls=>inps:0
[37144:ctp-raw-decoder]: e cls=>inps:0
[37144:ctp-raw-decoder]: e cls=>inps:0
[37144:ctp-raw-decoder]: a cls=>inps:0
[37144:ctp-raw-decoder]: e cls=>inps:0
[37144:ctp-raw-decoder]: e cls=>inps:0
[37144:ctp-raw-decoder]: e cls=>inps:0
[37144:ctp-raw-decoder]: e cls=>inps:0
[37144:ctp-raw-decoder]: e cls=>inps:0
[37144:ctp-raw-decoder]: 0 cls=>inps:0
[37144:ctp-raw-decoder]: 1 cls=>inps:0
[37144:ctp-raw-decoder]: 2 cls=>inps:0
[37144:ctp-raw-decoder]: 6 cls=>inps:0
[37144:ctp-raw-decoder]: e cls=>inps:0
[37144:ctp-raw-decoder]: e cls=>inps:0
[37144:ctp-raw-decoder]: e cls=>inps:0
[37144:ctp-raw-decoder]: e cls=>inps:0
[37144:ctp-raw-decoder]: e cls=>inps:0
[37144:ctp-raw-decoder]: e cls=>inps:0
[37144:ctp-raw-decoder]: e cls=>inps:0
[37144:ctp-raw-decoder]: e cls=>inps:0
[37144:ctp-raw-decoder]: a cls=>inps:0
[37144:ctp-raw-decoder]: e cls=>inps:0
[37144:ctp-raw-decoder]: e cls=>inps:0
[37144:ctp-raw-decoder]: e cls=>inps:0
[37144:ctp-raw-decoder]: e cls=>inps:0
[37144:ctp-raw-decoder]: e cls=>inps:0
[37144:ctp-raw-decoder]: e cls=>inps:0
[37144:ctp-raw-decoder]: e cls=>inps:0
[37144:ctp-raw-decoder]: e cls=>inps:0
[37144:ctp-raw-decoder]: e cls=>inps:0
[37144:ctp-raw-decoder]: e cls=>inps:0
[37144:ctp-raw-decoder]: e cls=>inps:0
[37144:ctp-raw-decoder]: e cls=>inps:0
[37144:ctp-raw-decoder]: e cls=>inps:0
[37144:ctp-raw-decoder]: a cls=>inps:0
[37144:ctp-raw-decoder]: e cls=>inps:0
[37144:ctp-raw-decoder]: e cls=>inps:0
[37144:ctp-raw-decoder]: e cls=>inps:0
[37144:ctp-raw-decoder]: e cls=>inps:0
[37144:ctp-raw-decoder]: e cls=>inps:0
[37144:ctp-raw-decoder]: e cls=>inps:0
[37144:ctp-raw-decoder]: e cls=>inps:0
[37144:ctp-raw-decoder]: e cls=>inps:0
[37144:ctp-raw-decoder]: e cls=>inps:0
[37144:ctp-raw-decoder]: e cls=>inps:0
[37144:ctp-raw-decoder]: e cls=>inps:0
[37144:ctp-raw-decoder]: e cls=>inps:0
[37144:ctp-raw-decoder]: e cls=>inps:0
[37144:ctp-raw-decoder]: e cls=>inps:0
[37144:ctp-raw-decoder]: e cls=>inps:0
[37144:ctp-raw-decoder]: e cls=>inps:0
[37144:ctp-raw-decoder]: e cls=>inps:0
[37144:ctp-raw-decoder]: e cls=>inps:0
[37144:ctp-raw-decoder]: e cls=>inps:0
[37144:ctp-raw-decoder]: e cls=>inps:0
[37144:ctp-raw-decoder]: e cls=>inps:0
[37144:ctp-raw-decoder]: e cls=>inps:0
[37144:ctp-raw-decoder]: e cls=>inps:0
[37144:ctp-raw-decoder]: e cls=>inps:0
[37144:ctp-raw-decoder]: e cls=>inps:0
[37144:ctp-raw-decoder]: e cls=>inps:0
[37144:ctp-raw-decoder]: e cls=>inps:0
[37144:ctp-raw-decoder]: e cls=>inps:0
[37144:ctp-raw-decoder]: e cls=>inps:0
[37144:ctp-raw-decoder]: a cls=>inps:0
[37144:ctp-raw-decoder]: e cls=>inps:0
[37144:ctp-raw-decoder]: e cls=>inps:0
[37144:ctp-raw-decoder]: e cls=>inps:0
[37144:ctp-raw-decoder]: e cls=>inps:0
[37144:ctp-raw-decoder]: e cls=>inps:0
[37144:ctp-raw-decoder]: e cls=>inps:0
[37144:ctp-raw-decoder]: e cls=>inps:0
[37144:ctp-raw-decoder]: e cls=>inps:0
[37144:ctp-raw-decoder]: e cls=>inps:0
[37144:ctp-raw-decoder]: e cls=>inps:0
[37144:ctp-raw-decoder]: e cls=>inps:0
[37144:ctp-raw-decoder]: e cls=>inps:0
[37144:ctp-raw-decoder]: e cls=>inps:0
[37144:ctp-raw-decoder]: e cls=>inps:0
[37144:ctp-raw-decoder]: e cls=>inps:0
[37144:ctp-raw-decoder]: e cls=>inps:0
[37144:ctp-raw-decoder]: e cls=>inps:0
[37144:ctp-raw-decoder]: e cls=>inps:0
[37144:ctp-raw-decoder]: e cls=>inps:0
[37144:ctp-raw-decoder]: e cls=>inps:0
[37144:ctp-raw-decoder]: e cls=>inps:0
[37144:ctp-raw-decoder]: e cls=>inps:0
[37144:ctp-raw-decoder]: e cls=>inps:0
[37144:ctp-raw-decoder]: e cls=>inps:0
[37144:ctp-raw-decoder]: e cls=>inps:0
[37144:ctp-raw-decoder]: e cls=>inps:0
[37144:ctp-raw-decoder]: e cls=>inps:0
[37144:ctp-raw-decoder]: e cls=>inps:0
[37144:ctp-raw-decoder]: e cls=>inps:0
[37144:ctp-raw-decoder]: e cls=>inps:0
[37144:ctp-raw-decoder]: e cls=>inps:0
[37144:ctp-raw-decoder]: e cls=>inps:0
[37144:ctp-raw-decoder]: e cls=>inps:0
[37144:ctp-raw-decoder]: e cls=>inps:0
[37144:ctp-raw-decoder]: e cls=>inps:0
[37144:ctp-raw-decoder]: e cls=>inps:0
[37144:ctp-raw-decoder]: a cls=>inps:0
[37144:ctp-raw-decoder]: e cls=>inps:0
[37144:ctp-raw-decoder]: e cls=>inps:0
[37144:ctp-raw-decoder]: e cls=>inps:0
[37144:ctp-raw-decoder]: e cls=>inps:0
[37144:ctp-raw-decoder]: e cls=>inps:0
[37144:ctp-raw-decoder]: e cls=>inps:0
[37144:ctp-raw-decoder]: e cls=>inps:0
[37144:ctp-raw-decoder]: e cls=>inps:0
[37144:ctp-raw-decoder]: e cls=>inps:0
[37144:ctp-raw-decoder]: e cls=>inps:0
[37144:ctp-raw-decoder]: e cls=>inps:0
[37144:ctp-raw-decoder]: e cls=>inps:0
[37144:ctp-raw-decoder]: e cls=>inps:0
[37144:ctp-raw-decoder]: e cls=>inps:0
[37144:ctp-raw-decoder]: e cls=>inps:0
[37144:ctp-raw-decoder]: e cls=>inps:0
[37144:ctp-raw-decoder]: e cls=>inps:0
[37144:ctp-raw-decoder]: e cls=>inps:0
[37144:ctp-raw-decoder]: e cls=>inps:0
[37144:ctp-raw-decoder]: e cls=>inps:0
[37144:ctp-raw-decoder]: e cls=>inps:0
[37144:ctp-raw-decoder]: e cls=>inps:0
[37144:ctp-raw-decoder]: e cls=>inps:0
[37144:ctp-raw-decoder]: e cls=>inps:0
[37144:ctp-raw-decoder]: e cls=>inps:0
[37144:ctp-raw-decoder]: e cls=>inps:0
[37144:ctp-raw-decoder]: e cls=>inps:0
[37144:ctp-raw-decoder]: e cls=>inps:0
[37144:ctp-raw-decoder]: e cls=>inps:0
[37144:ctp-raw-decoder]: e cls=>inps:0
[37144:ctp-raw-decoder]: e cls=>inps:0
[37144:ctp-raw-decoder]: e cls=>inps:0
[37144:ctp-raw-decoder]: e cls=>inps:0
[37144:ctp-raw-decoder]: e cls=>inps:0
[37144:ctp-raw-decoder]: e cls=>inps:0
[37144:ctp-raw-decoder]: e cls=>inps:0
[37144:ctp-raw-decoder]: e cls=>inps:0
[37144:ctp-raw-decoder]: e cls=>inps:0
[37144:ctp-raw-decoder]: e cls=>inps:0
[37144:ctp-raw-decoder]: e cls=>inps:0
[37144:ctp-raw-decoder]: e cls=>inps:0
[37144:ctp-raw-decoder]: e cls=>inps:0
[37144:ctp-raw-decoder]: e cls=>inps:0
[37144:ctp-raw-decoder]: e cls=>inps:0
[37144:ctp-raw-decoder]: e cls=>inps:0
[37144:ctp-raw-decoder]: e cls=>inps:0
[37144:ctp-raw-decoder]: e cls=>inps:0
[37144:ctp-raw-decoder]: e cls=>inps:0
[37144:ctp-raw-decoder]: e cls=>inps:0
[37144:ctp-raw-decoder]: e cls=>inps:0
[37144:ctp-raw-decoder]: e cls=>inps:0
[37144:ctp-raw-decoder]: e cls=>inps:0
[37144:ctp-raw-decoder]: e cls=>inps:0
[37144:ctp-raw-decoder]: e cls=>inps:0
[37144:ctp-raw-decoder]: e cls=>inps:0
[37144:ctp-raw-decoder]: e cls=>inps:0
[37144:ctp-raw-decoder]: e cls=>inps:0
[37144:ctp-raw-decoder]: e cls=>inps:0
[37144:ctp-raw-decoder]: e cls=>inps:0
[37144:ctp-raw-decoder]: e cls=>inps:0
[37144:ctp-raw-decoder]: e cls=>inps:0
[37144:ctp-raw-decoder]: e cls=>inps:0
[37144:ctp-raw-decoder]: e cls=>inps:0
[37144:ctp-raw-decoder]: e cls=>inps:0
[37144:ctp-raw-decoder]: e cls=>inps:0
[37144:ctp-raw-decoder]: e cls=>inps:0
[37144:ctp-raw-decoder]: e cls=>inps:0
[37144:ctp-raw-decoder]: e cls=>inps:0
[37144:ctp-raw-decoder]: e cls=>inps:0
[37144:ctp-raw-decoder]: e cls=>inps:0
[37144:ctp-raw-decoder]: e cls=>inps:0
[37144:ctp-raw-decoder]: e cls=>inps:0
[37144:ctp-raw-decoder]: e cls=>inps:0
[37144:ctp-raw-decoder]: e cls=>inps:0
[37144:ctp-raw-decoder]: 0 cls=>inps:0
[37144:ctp-raw-decoder]: 1 cls=>inps:0
[37144:ctp-raw-decoder]: 2 cls=>inps:0
[37144:ctp-raw-decoder]: 6 cls=>inps:0
[37144:ctp-raw-decoder]: e cls=>inps:0
[37144:ctp-raw-decoder]: e cls=>inps:0
[37144:ctp-raw-decoder]: e cls=>inps:0
[37144:ctp-raw-decoder]: e cls=>inps:0
[37144:ctp-raw-decoder]: e cls=>inps:0
[37144:ctp-raw-decoder]: e cls=>inps:0
[37144:ctp-raw-decoder]: e cls=>inps:0
[37144:ctp-raw-decoder]: e cls=>inps:0
[37144:ctp-raw-decoder]: e cls=>inps:0
[37144:ctp-raw-decoder]: e cls=>inps:0
[37144:ctp-raw-decoder]: e cls=>inps:0
[37144:ctp-raw-decoder]: e cls=>inps:0
[37144:ctp-raw-decoder]: e cls=>inps:0
[37144:ctp-raw-decoder]: e cls=>inps:0
[37144:ctp-raw-decoder]: e cls=>inps:0
[37144:ctp-raw-decoder]: e cls=>inps:0
[37144:ctp-raw-decoder]: e cls=>inps:0
[37144:ctp-raw-decoder]: e cls=>inps:0
[37144:ctp-raw-decoder]: e cls=>inps:0
[37144:ctp-raw-decoder]: e cls=>inps:0
[37144:ctp-raw-decoder]: e cls=>inps:0
[37144:ctp-raw-decoder]: e cls=>inps:0
[37144:ctp-raw-decoder]: e cls=>inps:0
[37144:ctp-raw-decoder]: e cls=>inps:0
[37144:ctp-raw-decoder]: e cls=>inps:0
[37144:ctp-raw-decoder]: e cls=>inps:0
[37144:ctp-raw-decoder]: e cls=>inps:0
[37144:ctp-raw-decoder]: e cls=>inps:0
[37144:ctp-raw-decoder]: e cls=>inps:0
[37144:ctp-raw-decoder]: e cls=>inps:0
[37144:ctp-raw-decoder]: e cls=>inps:0
[37144:ctp-raw-decoder]: e cls=>inps:0
[37144:ctp-raw-decoder]: e cls=>inps:0
[37144:ctp-raw-decoder]: e cls=>inps:0
[37144:ctp-raw-decoder]: e cls=>inps:0
[37144:ctp-raw-decoder]: e cls=>inps:0
[37144:ctp-raw-decoder]: [18:22:26][INFO] [CTPRawToDigitConverter - run] Writing 6829 digits. IR rejected:0 TCR rejected:18
[37145:ctp-digit-writer]: [18:22:26][INFO] CTPDigitWriter pulled 6829 digits
[37144:ctp-raw-decoder]: tforbit==================>93bd5c0 93bd5c0
[37144:ctp-raw-decoder]: tforbit==================>93bd5c0 93bd5c0
[37144:ctp-raw-decoder]: [18:22:26][INFO] LOST:BCid:    8 Orbit: 154916288 shift:296
[37144:ctp-raw-decoder]: [18:22:26][INFO] LOST:BCid:   18 Orbit: 154916288 shift:296
[37144:ctp-raw-decoder]: [18:22:26][INFO] LOST:BCid:   44 Orbit: 154916288 shift:296
[37144:ctp-raw-decoder]: [18:22:26][INFO] LOST:BCid:   54 Orbit: 154916288 shift:296
[37144:ctp-raw-decoder]: [18:22:26][INFO] LOST:BCid:   90 Orbit: 154916288 shift:296
[37144:ctp-raw-decoder]: [18:22:26][INFO] LOST:BCid:   94 Orbit: 154916288 shift:296
[37144:ctp-raw-decoder]: [18:22:26][INFO] LOST:BCid:  223 Orbit: 154916288 shift:296
[37144:ctp-raw-decoder]: [18:22:26][INFO] Checking readout
[37144:ctp-raw-decoder]: e cls=>inps:0
[37144:ctp-raw-decoder]: e cls=>inps:0
[37144:ctp-raw-decoder]: e cls=>inps:0
[37144:ctp-raw-decoder]: e cls=>inps:0
[37144:ctp-raw-decoder]: e cls=>inps:0
[37144:ctp-raw-decoder]: e cls=>inps:0
[37144:ctp-raw-decoder]: e cls=>inps:0
[37144:ctp-raw-decoder]: e cls=>inps:0
[37144:ctp-raw-decoder]: e cls=>inps:0
[37144:ctp-raw-decoder]: e cls=>inps:0
[37144:ctp-raw-decoder]: e cls=>inps:0
[37144:ctp-raw-decoder]: e cls=>inps:0
[37144:ctp-raw-decoder]: e cls=>inps:0
[37144:ctp-raw-decoder]: e cls=>inps:0
[37144:ctp-raw-decoder]: e cls=>inps:0
[37144:ctp-raw-decoder]: e cls=>inps:0
[37144:ctp-raw-decoder]: e cls=>inps:0
[37144:ctp-raw-decoder]: e cls=>inps:0
[37144:ctp-raw-decoder]: e cls=>inps:0
[37144:ctp-raw-decoder]: e cls=>inps:0
[37144:ctp-raw-decoder]: e cls=>inps:0
[37144:ctp-raw-decoder]: e cls=>inps:0
[37144:ctp-raw-decoder]: e cls=>inps:0
[37144:ctp-raw-decoder]: e cls=>inps:0
[37144:ctp-raw-decoder]: e cls=>inps:0
[37144:ctp-raw-decoder]: e cls=>inps:0
[37144:ctp-raw-decoder]: e cls=>inps:0
[37144:ctp-raw-decoder]: e cls=>inps:0
[37144:ctp-raw-decoder]: e cls=>inps:0
[37144:ctp-raw-decoder]: e cls=>inps:0
[37144:ctp-raw-decoder]: e cls=>inps:0
[37144:ctp-raw-decoder]: e cls=>inps:0
[37144:ctp-raw-decoder]: a cls=>inps:0
[37144:ctp-raw-decoder]: e cls=>inps:0
[37144:ctp-raw-decoder]: e cls=>inps:0
[37144:ctp-raw-decoder]: e cls=>inps:0
[37144:ctp-raw-decoder]: e cls=>inps:0
[37144:ctp-raw-decoder]: e cls=>inps:0
[37144:ctp-raw-decoder]: e cls=>inps:0
[37144:ctp-raw-decoder]: e cls=>inps:0
[37144:ctp-raw-decoder]: e cls=>inps:0
[37144:ctp-raw-decoder]: e cls=>inps:0
[37144:ctp-raw-decoder]: e cls=>inps:0
[37144:ctp-raw-decoder]: e cls=>inps:0
[37144:ctp-raw-decoder]: e cls=>inps:0
[37144:ctp-raw-decoder]: e cls=>inps:0
[37144:ctp-raw-decoder]: e cls=>inps:0
[37144:ctp-raw-decoder]: e cls=>inps:0
[37144:ctp-raw-decoder]: e cls=>inps:0
[37144:ctp-raw-decoder]: e cls=>inps:0
[37144:ctp-raw-decoder]: e cls=>inps:0
[37144:ctp-raw-decoder]: e cls=>inps:0
[37144:ctp-raw-decoder]: e cls=>inps:0
[37144:ctp-raw-decoder]: e cls=>inps:0
[37144:ctp-raw-decoder]: e cls=>inps:0
[37144:ctp-raw-decoder]: e cls=>inps:0
[37144:ctp-raw-decoder]: 0 cls=>inps:0
[37144:ctp-raw-decoder]: 1 cls=>inps:0
[37144:ctp-raw-decoder]: 2 cls=>inps:0
[37144:ctp-raw-decoder]: 6 cls=>inps:0
[37144:ctp-raw-decoder]: e cls=>inps:0
[37144:ctp-raw-decoder]: e cls=>inps:0
[37144:ctp-raw-decoder]: e cls=>inps:0
[37144:ctp-raw-decoder]: e cls=>inps:0
[37144:ctp-raw-decoder]: e cls=>inps:0
[37144:ctp-raw-decoder]: e cls=>inps:0
[37144:ctp-raw-decoder]: e cls=>inps:0
[37144:ctp-raw-decoder]: e cls=>inps:0
[37144:ctp-raw-decoder]: e cls=>inps:0
[37144:ctp-raw-decoder]: e cls=>inps:0
[37144:ctp-raw-decoder]: e cls=>inps:0
[37144:ctp-raw-decoder]: e cls=>inps:0
[37144:ctp-raw-decoder]: e cls=>inps:0
[37144:ctp-raw-decoder]: e cls=>inps:0
[37144:ctp-raw-decoder]: e cls=>inps:0
[37144:ctp-raw-decoder]: e cls=>inps:0
[37144:ctp-raw-decoder]: e cls=>inps:0
[37144:ctp-raw-decoder]: e cls=>inps:0
[37144:ctp-raw-decoder]: e cls=>inps:0
[37144:ctp-raw-decoder]: e cls=>inps:0
[37144:ctp-raw-decoder]: e cls=>inps:0
[37144:ctp-raw-decoder]: e cls=>inps:0
[37144:ctp-raw-decoder]: e cls=>inps:0
[37144:ctp-raw-decoder]: e cls=>inps:0
[37144:ctp-raw-decoder]: e cls=>inps:0
[37144:ctp-raw-decoder]: e cls=>inps:0
[37144:ctp-raw-decoder]: e cls=>inps:0
[37144:ctp-raw-decoder]: e cls=>inps:0
[37144:ctp-raw-decoder]: e cls=>inps:0
[37144:ctp-raw-decoder]: e cls=>inps:0
[37144:ctp-raw-decoder]: e cls=>inps:0
[37144:ctp-raw-decoder]: e cls=>inps:0
[37144:ctp-raw-decoder]: e cls=>inps:0
[37144:ctp-raw-decoder]: e cls=>inps:0
[37144:ctp-raw-decoder]: e cls=>inps:0
[37144:ctp-raw-decoder]: e cls=>inps:0
[37144:ctp-raw-decoder]: e cls=>inps:0
[37144:ctp-raw-decoder]: e cls=>inps:0
[37144:ctp-raw-decoder]: e cls=>inps:0
[37144:ctp-raw-decoder]: e cls=>inps:0
[37144:ctp-raw-decoder]: e cls=>inps:0
[37144:ctp-raw-decoder]: e cls=>inps:0
[37144:ctp-raw-decoder]: e cls=>inps:0
[37144:ctp-raw-decoder]: e cls=>inps:0
[37144:ctp-raw-decoder]: e cls=>inps:0
[37144:ctp-raw-decoder]: e cls=>inps:0
[37144:ctp-raw-decoder]: e cls=>inps:0
[37144:ctp-raw-decoder]: e cls=>inps:0
[37144:ctp-raw-decoder]: e cls=>inps:0
[37144:ctp-raw-decoder]: e cls=>inps:0
[37144:ctp-raw-decoder]: e cls=>inps:0
[37144:ctp-raw-decoder]: e cls=>inps:0
[37144:ctp-raw-decoder]: e cls=>inps:0
[37144:ctp-raw-decoder]: e cls=>inps:0
[37144:ctp-raw-decoder]: e cls=>inps:0
[37144:ctp-raw-decoder]: e cls=>inps:0
[37144:ctp-raw-decoder]: e cls=>inps:0
[37144:ctp-raw-decoder]: e cls=>inps:0
[37144:ctp-raw-decoder]: e cls=>inps:0
[37144:ctp-raw-decoder]: e cls=>inps:0
[37144:ctp-raw-decoder]: e cls=>inps:0
[37144:ctp-raw-decoder]: e cls=>inps:0
[37144:ctp-raw-decoder]: e cls=>inps:0
[37144:ctp-raw-decoder]: e cls=>inps:0
[37144:ctp-raw-decoder]: e cls=>inps:0
[37144:ctp-raw-decoder]: e cls=>inps:0
[37144:ctp-raw-decoder]: e cls=>inps:0
[37144:ctp-raw-decoder]: e cls=>inps:0
[37144:ctp-raw-decoder]: e cls=>inps:0
[37144:ctp-raw-decoder]: e cls=>inps:0
[37144:ctp-raw-decoder]: e cls=>inps:0
[37144:ctp-raw-decoder]: e cls=>inps:0
[37144:ctp-raw-decoder]: e cls=>inps:0
[37144:ctp-raw-decoder]: e cls=>inps:0
[37144:ctp-raw-decoder]: e cls=>inps:0
[37144:ctp-raw-decoder]: e cls=>inps:0
[37144:ctp-raw-decoder]: e cls=>inps:0
[37144:ctp-raw-decoder]: e cls=>inps:0
[37144:ctp-raw-decoder]: e cls=>inps:0
[37144:ctp-raw-decoder]: e cls=>inps:0
[37144:ctp-raw-decoder]: e cls=>inps:0
[37144:ctp-raw-decoder]: e cls=>inps:0
[37144:ctp-raw-decoder]: e cls=>inps:0
[37144:ctp-raw-decoder]: e cls=>inps:0
[37144:ctp-raw-decoder]: e cls=>inps:0
[37144:ctp-raw-decoder]: e cls=>inps:0
[37144:ctp-raw-decoder]: e cls=>inps:0
[37144:ctp-raw-decoder]: e cls=>inps:0
[37144:ctp-raw-decoder]: e cls=>inps:0
[37144:ctp-raw-decoder]: e cls=>inps:0
[37144:ctp-raw-decoder]: e cls=>inps:0
[37144:ctp-raw-decoder]: e cls=>inps:0
[37144:ctp-raw-decoder]: e cls=>inps:0
[37144:ctp-raw-decoder]: e cls=>inps:0
[37144:ctp-raw-decoder]: e cls=>inps:0
[37144:ctp-raw-decoder]: e cls=>inps:0
[37144:ctp-raw-decoder]: e cls=>inps:0
[37144:ctp-raw-decoder]: e cls=>inps:0
[37144:ctp-raw-decoder]: e cls=>inps:0
[37144:ctp-raw-decoder]: e cls=>inps:0
[37144:ctp-raw-decoder]: e cls=>inps:0
[37144:ctp-raw-decoder]: e cls=>inps:0
[37144:ctp-raw-decoder]: e cls=>inps:0
[37144:ctp-raw-decoder]: e cls=>inps:0
[37144:ctp-raw-decoder]: e cls=>inps:0
[37144:ctp-raw-decoder]: e cls=>inps:0
[37144:ctp-raw-decoder]: e cls=>inps:0
[37144:ctp-raw-decoder]: e cls=>inps:0
[37144:ctp-raw-decoder]: e cls=>inps:0
[37144:ctp-raw-decoder]: a cls=>inps:0
[37144:ctp-raw-decoder]: e cls=>inps:0
[37144:ctp-raw-decoder]: e cls=>inps:0
[37144:ctp-raw-decoder]: e cls=>inps:0
[37144:ctp-raw-decoder]: e cls=>inps:0
[37144:ctp-raw-decoder]: 0 cls=>inps:0
[37144:ctp-raw-decoder]: 1 cls=>inps:0
[37144:ctp-raw-decoder]: 2 cls=>inps:0
[37144:ctp-raw-decoder]: 6 cls=>inps:0
[37144:ctp-raw-decoder]: e cls=>inps:0
[37144:ctp-raw-decoder]: e cls=>inps:0
[37144:ctp-raw-decoder]: e cls=>inps:0
[37144:ctp-raw-decoder]: 0 cls=>inps:0
[37144:ctp-raw-decoder]: 2 cls=>inps:0
[37144:ctp-raw-decoder]: e cls=>inps:0
[37144:ctp-raw-decoder]: 0 cls=>inps:0
[37144:ctp-raw-decoder]: 1 cls=>inps:0
[37144:ctp-raw-decoder]: 2 cls=>inps:0
[37144:ctp-raw-decoder]: 6 cls=>inps:0
[37144:ctp-raw-decoder]: e cls=>inps:0
[37144:ctp-raw-decoder]: e cls=>inps:0
[37144:ctp-raw-decoder]: e cls=>inps:0
[37144:ctp-raw-decoder]: e cls=>inps:0
[37144:ctp-raw-decoder]: e cls=>inps:0
[37144:ctp-raw-decoder]: e cls=>inps:0
[37144:ctp-raw-decoder]: e cls=>inps:0
[37144:ctp-raw-decoder]: e cls=>inps:0
[37144:ctp-raw-decoder]: e cls=>inps:0
[37144:ctp-raw-decoder]: e cls=>inps:0
[37144:ctp-raw-decoder]: e cls=>inps:0
[37144:ctp-raw-decoder]: e cls=>inps:0
[37144:ctp-raw-decoder]: e cls=>inps:0
[37144:ctp-raw-decoder]: e cls=>inps:0
[37144:ctp-raw-decoder]: e cls=>inps:0
[37144:ctp-raw-decoder]: e cls=>inps:0
[37144:ctp-raw-decoder]: e cls=>inps:0
[37144:ctp-raw-decoder]: e cls=>inps:0
[37144:ctp-raw-decoder]: e cls=>inps:0
[37144:ctp-raw-decoder]: e cls=>inps:0
[37144:ctp-raw-decoder]: e cls=>inps:0
[37144:ctp-raw-decoder]: e cls=>inps:0
[37144:ctp-raw-decoder]: e cls=>inps:0
[37144:ctp-raw-decoder]: e cls=>inps:0
[37144:ctp-raw-decoder]: e cls=>inps:0
[37144:ctp-raw-decoder]: e cls=>inps:0
[37144:ctp-raw-decoder]: e cls=>inps:0
[37144:ctp-raw-decoder]: e cls=>inps:0
[37144:ctp-raw-decoder]: e cls=>inps:0
[37144:ctp-raw-decoder]: e cls=>inps:0
[37144:ctp-raw-decoder]: e cls=>inps:0
[37144:ctp-raw-decoder]: e cls=>inps:0
[37144:ctp-raw-decoder]: e cls=>inps:0
[37144:ctp-raw-decoder]: e cls=>inps:0
[37144:ctp-raw-decoder]: e cls=>inps:0
[37144:ctp-raw-decoder]: e cls=>inps:0
[37144:ctp-raw-decoder]: e cls=>inps:0
[37144:ctp-raw-decoder]: e cls=>inps:0
[37144:ctp-raw-decoder]: e cls=>inps:0
[37144:ctp-raw-decoder]: e cls=>inps:0
[37144:ctp-raw-decoder]: e cls=>inps:0
[37144:ctp-raw-decoder]: e cls=>inps:0
[37144:ctp-raw-decoder]: e cls=>inps:0
[37144:ctp-raw-decoder]: e cls=>inps:0
[37144:ctp-raw-decoder]: e cls=>inps:0
[37144:ctp-raw-decoder]: e cls=>inps:0
[37144:ctp-raw-decoder]: e cls=>inps:0
[37144:ctp-raw-decoder]: e cls=>inps:0
[37144:ctp-raw-decoder]: e cls=>inps:0
[37144:ctp-raw-decoder]: e cls=>inps:0
[37144:ctp-raw-decoder]: e cls=>inps:0
[37144:ctp-raw-decoder]: e cls=>inps:0
[37144:ctp-raw-decoder]: e cls=>inps:0
[37144:ctp-raw-decoder]: e cls=>inps:0
[37144:ctp-raw-decoder]: a cls=>inps:0
[37144:ctp-raw-decoder]: e cls=>inps:0
[37144:ctp-raw-decoder]: e cls=>inps:0
[37144:ctp-raw-decoder]: e cls=>inps:0
[37144:ctp-raw-decoder]: e cls=>inps:0
[37144:ctp-raw-decoder]: e cls=>inps:0
[37144:ctp-raw-decoder]: e cls=>inps:0
[37144:ctp-raw-decoder]: e cls=>inps:0
[37144:ctp-raw-decoder]: e cls=>inps:0
[37144:ctp-raw-decoder]: e cls=>inps:0
[37144:ctp-raw-decoder]: e cls=>inps:0
[37144:ctp-raw-decoder]: e cls=>inps:0
[37144:ctp-raw-decoder]: e cls=>inps:0
[37144:ctp-raw-decoder]: a cls=>inps:0
[37144:ctp-raw-decoder]: e cls=>inps:0
[37144:ctp-raw-decoder]: e cls=>inps:0
[37144:ctp-raw-decoder]: e cls=>inps:0
[37144:ctp-raw-decoder]: e cls=>inps:0
[37144:ctp-raw-decoder]: e cls=>inps:0
[37144:ctp-raw-decoder]: e cls=>inps:0
[37144:ctp-raw-decoder]: e cls=>inps:0
[37144:ctp-raw-decoder]: e cls=>inps:0
[37144:ctp-raw-decoder]: e cls=>inps:0
[37144:ctp-raw-decoder]: e cls=>inps:0
[37144:ctp-raw-decoder]: e cls=>inps:0
[37144:ctp-raw-decoder]: e cls=>inps:0
[37144:ctp-raw-decoder]: e cls=>inps:0
[37144:ctp-raw-decoder]: e cls=>inps:0
[37144:ctp-raw-decoder]: e cls=>inps:0
[37144:ctp-raw-decoder]: e cls=>inps:0
[37144:ctp-raw-decoder]: e cls=>inps:0
[37144:ctp-raw-decoder]: e cls=>inps:0
[37144:ctp-raw-decoder]: e cls=>inps:0
[37144:ctp-raw-decoder]: e cls=>inps:0
[37144:ctp-raw-decoder]: e cls=>inps:0
[37144:ctp-raw-decoder]: e cls=>inps:0
[37144:ctp-raw-decoder]: e cls=>inps:0
[37144:ctp-raw-decoder]: e cls=>inps:0
[37144:ctp-raw-decoder]: e cls=>inps:0
[37144:ctp-raw-decoder]: e cls=>inps:0
[37144:ctp-raw-decoder]: e cls=>inps:0
[37144:ctp-raw-decoder]: e cls=>inps:0
[37144:ctp-raw-decoder]: e cls=>inps:0
[37144:ctp-raw-decoder]: e cls=>inps:0
[37144:ctp-raw-decoder]: e cls=>inps:0
[37144:ctp-raw-decoder]: e cls=>inps:0
[37144:ctp-raw-decoder]: e cls=>inps:0
[37144:ctp-raw-decoder]: e cls=>inps:0
[37144:ctp-raw-decoder]: e cls=>inps:0
[37144:ctp-raw-decoder]: e cls=>inps:0
[37144:ctp-raw-decoder]: e cls=>inps:0
[37144:ctp-raw-decoder]: e cls=>inps:0
[37144:ctp-raw-decoder]: e cls=>inps:0
[37144:ctp-raw-decoder]: e cls=>inps:0
[37144:ctp-raw-decoder]: e cls=>inps:0
[37144:ctp-raw-decoder]: e cls=>inps:0
[37144:ctp-raw-decoder]: a cls=>inps:0
[37144:ctp-raw-decoder]: e cls=>inps:0
[37144:ctp-raw-decoder]: e cls=>inps:0
[37144:ctp-raw-decoder]: e cls=>inps:0
[37144:ctp-raw-decoder]: e cls=>inps:0
[37144:ctp-raw-decoder]: e cls=>inps:0
[37144:ctp-raw-decoder]: e cls=>inps:0
[37144:ctp-raw-decoder]: e cls=>inps:0
[37144:ctp-raw-decoder]: e cls=>inps:0
[37144:ctp-raw-decoder]: e cls=>inps:0
[37144:ctp-raw-decoder]: e cls=>inps:0
[37144:ctp-raw-decoder]: e cls=>inps:0
[37144:ctp-raw-decoder]: e cls=>inps:0
[37144:ctp-raw-decoder]: e cls=>inps:0
[37144:ctp-raw-decoder]: e cls=>inps:0
[37144:ctp-raw-decoder]: e cls=>inps:0
[37144:ctp-raw-decoder]: e cls=>inps:0
[37144:ctp-raw-decoder]: e cls=>inps:0
[37144:ctp-raw-decoder]: e cls=>inps:0
[37144:ctp-raw-decoder]: e cls=>inps:0
[37144:ctp-raw-decoder]: e cls=>inps:0
[37144:ctp-raw-decoder]: 0 cls=>inps:0
[37144:ctp-raw-decoder]: 1 cls=>inps:0
[37144:ctp-raw-decoder]: 2 cls=>inps:0
[37144:ctp-raw-decoder]: 6 cls=>inps:0
[37144:ctp-raw-decoder]: e cls=>inps:0
[37144:ctp-raw-decoder]: e cls=>inps:0
[37144:ctp-raw-decoder]: e cls=>inps:0
[37144:ctp-raw-decoder]: e cls=>inps:0
[37144:ctp-raw-decoder]: e cls=>inps:0
[37144:ctp-raw-decoder]: e cls=>inps:0
[37144:ctp-raw-decoder]: e cls=>inps:0
[37144:ctp-raw-decoder]: e cls=>inps:0
[37144:ctp-raw-decoder]: e cls=>inps:0
[37144:ctp-raw-decoder]: e cls=>inps:0
[37144:ctp-raw-decoder]: e cls=>inps:0
[37144:ctp-raw-decoder]: e cls=>inps:0
[37144:ctp-raw-decoder]: e cls=>inps:0
[37144:ctp-raw-decoder]: e cls=>inps:0
[37144:ctp-raw-decoder]: e cls=>inps:0
[37144:ctp-raw-decoder]: e cls=>inps:0
[37144:ctp-raw-decoder]: e cls=>inps:0
[37144:ctp-raw-decoder]: e cls=>inps:0
[37144:ctp-raw-decoder]: e cls=>inps:0
[37144:ctp-raw-decoder]: e cls=>inps:0
[37144:ctp-raw-decoder]: e cls=>inps:0
[37144:ctp-raw-decoder]: e cls=>inps:0
[37144:ctp-raw-decoder]: e cls=>inps:0
[37144:ctp-raw-decoder]: e cls=>inps:0
[37144:ctp-raw-decoder]: e cls=>inps:0
[37144:ctp-raw-decoder]: e cls=>inps:0
[37144:ctp-raw-decoder]: e cls=>inps:0
[37144:ctp-raw-decoder]: e cls=>inps:0
[37144:ctp-raw-decoder]: e cls=>inps:0
[37144:ctp-raw-decoder]: e cls=>inps:0
[37144:ctp-raw-decoder]: e cls=>inps:0
[37144:ctp-raw-decoder]: e cls=>inps:0
[37144:ctp-raw-decoder]: e cls=>inps:0
[37144:ctp-raw-decoder]: e cls=>inps:0
[37144:ctp-raw-decoder]: e cls=>inps:0
[37144:ctp-raw-decoder]: 0 cls=>inps:0
[37144:ctp-raw-decoder]: 1 cls=>inps:0
[37144:ctp-raw-decoder]: 2 cls=>inps:0
[37144:ctp-raw-decoder]: 6 cls=>inps:0
[37144:ctp-raw-decoder]: e cls=>inps:0
[37144:ctp-raw-decoder]: e cls=>inps:0
[37144:ctp-raw-decoder]: e cls=>inps:0
[37144:ctp-raw-decoder]: e cls=>inps:0
[37144:ctp-raw-decoder]: e cls=>inps:0
[37144:ctp-raw-decoder]: e cls=>inps:0
[37144:ctp-raw-decoder]: e cls=>inps:0
[37144:ctp-raw-decoder]: e cls=>inps:0
[37144:ctp-raw-decoder]: e cls=>inps:0
[37144:ctp-raw-decoder]: e cls=>inps:0
[37144:ctp-raw-decoder]: e cls=>inps:0
[37144:ctp-raw-decoder]: e cls=>inps:0
[37144:ctp-raw-decoder]: e cls=>inps:0
[37144:ctp-raw-decoder]: 0 cls=>inps:0
[37144:ctp-raw-decoder]: 1 cls=>inps:0
[37144:ctp-raw-decoder]: 2 cls=>inps:0
[37144:ctp-raw-decoder]: 6 cls=>inps:0
[37144:ctp-raw-decoder]: e cls=>inps:0
[37144:ctp-raw-decoder]: e cls=>inps:0
[37144:ctp-raw-decoder]: e cls=>inps:0
[37144:ctp-raw-decoder]: e cls=>inps:0
[37144:ctp-raw-decoder]: e cls=>inps:0
[37144:ctp-raw-decoder]: e cls=>inps:0
[37144:ctp-raw-decoder]: e cls=>inps:0
[37144:ctp-raw-decoder]: e cls=>inps:0
[37144:ctp-raw-decoder]: e cls=>inps:0
[37144:ctp-raw-decoder]: e cls=>inps:0
[37144:ctp-raw-decoder]: e cls=>inps:0
[37144:ctp-raw-decoder]: e cls=>inps:0
[37144:ctp-raw-decoder]: e cls=>inps:0
[37144:ctp-raw-decoder]: e cls=>inps:0
[37144:ctp-raw-decoder]: e cls=>inps:0
[37144:ctp-raw-decoder]: e cls=>inps:0
[37144:ctp-raw-decoder]: e cls=>inps:0
[37144:ctp-raw-decoder]: e cls=>inps:0
[37144:ctp-raw-decoder]: e cls=>inps:0
[37144:ctp-raw-decoder]: e cls=>inps:0
[37144:ctp-raw-decoder]: e cls=>inps:0
[37144:ctp-raw-decoder]: e cls=>inps:0
[37144:ctp-raw-decoder]: e cls=>inps:0
[37144:ctp-raw-decoder]: e cls=>inps:0
[37144:ctp-raw-decoder]: e cls=>inps:0
[37144:ctp-raw-decoder]: e cls=>inps:0
[37144:ctp-raw-decoder]: e cls=>inps:0
[37144:ctp-raw-decoder]: e cls=>inps:0
[37144:ctp-raw-decoder]: e cls=>inps:0
[37144:ctp-raw-decoder]: e cls=>inps:0
[37144:ctp-raw-decoder]: e cls=>inps:0
[37144:ctp-raw-decoder]: e cls=>inps:0
[37144:ctp-raw-decoder]: e cls=>inps:0
[37144:ctp-raw-decoder]: e cls=>inps:0
[37144:ctp-raw-decoder]: e cls=>inps:0
[37144:ctp-raw-decoder]: e cls=>inps:0
[37144:ctp-raw-decoder]: e cls=>inps:0
[37144:ctp-raw-decoder]: e cls=>inps:0
[37144:ctp-raw-decoder]: e cls=>inps:0
[37144:ctp-raw-decoder]: e cls=>inps:0
[37144:ctp-raw-decoder]: e cls=>inps:0
[37144:ctp-raw-decoder]: e cls=>inps:0
[37144:ctp-raw-decoder]: e cls=>inps:0
[37144:ctp-raw-decoder]: e cls=>inps:0
[37144:ctp-raw-decoder]: e cls=>inps:0
[37144:ctp-raw-decoder]: e cls=>inps:0
[37144:ctp-raw-decoder]: e cls=>inps:0
[37144:ctp-raw-decoder]: e cls=>inps:0
[37144:ctp-raw-decoder]: e cls=>inps:0
[37144:ctp-raw-decoder]: e cls=>inps:0
[37144:ctp-raw-decoder]: e cls=>inps:0
[37144:ctp-raw-decoder]: e cls=>inps:0
[37144:ctp-raw-decoder]: e cls=>inps:0
[37144:ctp-raw-decoder]: e cls=>inps:0
[37144:ctp-raw-decoder]: e cls=>inps:0
[37144:ctp-raw-decoder]: e cls=>inps:0
[37144:ctp-raw-decoder]: e cls=>inps:0
[37144:ctp-raw-decoder]: e cls=>inps:0
[37144:ctp-raw-decoder]: e cls=>inps:0
[37144:ctp-raw-decoder]: e cls=>inps:0
[37144:ctp-raw-decoder]: e cls=>inps:0
[37144:ctp-raw-decoder]: e cls=>inps:0
[37144:ctp-raw-decoder]: e cls=>inps:0
[37144:ctp-raw-decoder]: e cls=>inps:0
[37144:ctp-raw-decoder]: e cls=>inps:0
[37144:ctp-raw-decoder]: e cls=>inps:0
[37144:ctp-raw-decoder]: e cls=>inps:0
[37144:ctp-raw-decoder]: e cls=>inps:0
[37144:ctp-raw-decoder]: e cls=>inps:0
[37144:ctp-raw-decoder]: e cls=>inps:0
[37144:ctp-raw-decoder]: e cls=>inps:0
[37144:ctp-raw-decoder]: e cls=>inps:0
[37144:ctp-raw-decoder]: e cls=>inps:0
[37144:ctp-raw-decoder]: e cls=>inps:0
[37144:ctp-raw-decoder]: e cls=>inps:0
[37144:ctp-raw-decoder]: e cls=>inps:0
[37144:ctp-raw-decoder]: e cls=>inps:0
[37144:ctp-raw-decoder]: e cls=>inps:0
[37144:ctp-raw-decoder]: e cls=>inps:0
[37144:ctp-raw-decoder]: e cls=>inps:0
[37144:ctp-raw-decoder]: e cls=>inps:0
[37144:ctp-raw-decoder]: e cls=>inps:0
[37144:ctp-raw-decoder]: e cls=>inps:0
[37144:ctp-raw-decoder]: e cls=>inps:0
[37144:ctp-raw-decoder]: a cls=>inps:0
[37144:ctp-raw-decoder]: e cls=>inps:0
[37144:ctp-raw-decoder]: e cls=>inps:0
[37144:ctp-raw-decoder]: e cls=>inps:0
[37144:ctp-raw-decoder]: e cls=>inps:0
[37144:ctp-raw-decoder]: e cls=>inps:0
[37144:ctp-raw-decoder]: e cls=>inps:0
[37144:ctp-raw-decoder]: a cls=>inps:0
[37144:ctp-raw-decoder]: e cls=>inps:0
[37144:ctp-raw-decoder]: e cls=>inps:0
[37144:ctp-raw-decoder]: e cls=>inps:0
[37144:ctp-raw-decoder]: 0 cls=>inps:0
[37144:ctp-raw-decoder]: 1 cls=>inps:0
[37144:ctp-raw-decoder]: 2 cls=>inps:0
[37144:ctp-raw-decoder]: 6 cls=>inps:0
[37144:ctp-raw-decoder]: e cls=>inps:0
[37144:ctp-raw-decoder]: e cls=>inps:0
[37144:ctp-raw-decoder]: e cls=>inps:0
[37144:ctp-raw-decoder]: e cls=>inps:0
[37144:ctp-raw-decoder]: e cls=>inps:0
[37144:ctp-raw-decoder]: e cls=>inps:0
[37144:ctp-raw-decoder]: e cls=>inps:0
[37144:ctp-raw-decoder]: e cls=>inps:0
[37144:ctp-raw-decoder]: e cls=>inps:0
[37144:ctp-raw-decoder]: e cls=>inps:0
[37144:ctp-raw-decoder]: e cls=>inps:0
[37144:ctp-raw-decoder]: e cls=>inps:0
[37144:ctp-raw-decoder]: e cls=>inps:0
[37144:ctp-raw-decoder]: e cls=>inps:0
[37144:ctp-raw-decoder]: e cls=>inps:0
[37144:ctp-raw-decoder]: e cls=>inps:0
[37144:ctp-raw-decoder]: e cls=>inps:0
[37144:ctp-raw-decoder]: e cls=>inps:0
[37144:ctp-raw-decoder]: e cls=>inps:0
[37144:ctp-raw-decoder]: e cls=>inps:0
[37144:ctp-raw-decoder]: e cls=>inps:0
[37144:ctp-raw-decoder]: e cls=>inps:0
[37144:ctp-raw-decoder]: e cls=>inps:0
[37144:ctp-raw-decoder]: e cls=>inps:0
[37144:ctp-raw-decoder]: e cls=>inps:0
[37144:ctp-raw-decoder]: e cls=>inps:0
[37144:ctp-raw-decoder]: e cls=>inps:0
[37144:ctp-raw-decoder]: e cls=>inps:0
[37144:ctp-raw-decoder]: e cls=>inps:0
[37144:ctp-raw-decoder]: e cls=>inps:0
[37144:ctp-raw-decoder]: e cls=>inps:0
[37144:ctp-raw-decoder]: e cls=>inps:0
[37144:ctp-raw-decoder]: e cls=>inps:0
[37144:ctp-raw-decoder]: e cls=>inps:0
[37144:ctp-raw-decoder]: e cls=>inps:0
[37144:ctp-raw-decoder]: e cls=>inps:0
[37144:ctp-raw-decoder]: e cls=>inps:0
[37144:ctp-raw-decoder]: e cls=>inps:0
[37144:ctp-raw-decoder]: e cls=>inps:0
[37144:ctp-raw-decoder]: e cls=>inps:0
[37144:ctp-raw-decoder]: e cls=>inps:0
[37144:ctp-raw-decoder]: e cls=>inps:0
[37144:ctp-raw-decoder]: e cls=>inps:0
[37144:ctp-raw-decoder]: e cls=>inps:0
[37144:ctp-raw-decoder]: e cls=>inps:0
[37144:ctp-raw-decoder]: e cls=>inps:0
[37144:ctp-raw-decoder]: e cls=>inps:0
[37144:ctp-raw-decoder]: e cls=>inps:0
[37144:ctp-raw-decoder]: e cls=>inps:0
[37144:ctp-raw-decoder]: e cls=>inps:0
[37144:ctp-raw-decoder]: e cls=>inps:0
[37144:ctp-raw-decoder]: e cls=>inps:0
[37144:ctp-raw-decoder]: e cls=>inps:0
[37144:ctp-raw-decoder]: e cls=>inps:0
[37144:ctp-raw-decoder]: e cls=>inps:0
[37144:ctp-raw-decoder]: e cls=>inps:0
[37144:ctp-raw-decoder]: e cls=>inps:0
[37144:ctp-raw-decoder]: e cls=>inps:0
[37144:ctp-raw-decoder]: e cls=>inps:0
[37144:ctp-raw-decoder]: e cls=>inps:0
[37144:ctp-raw-decoder]: e cls=>inps:0
[37144:ctp-raw-decoder]: e cls=>inps:0
[37144:ctp-raw-decoder]: e cls=>inps:0
[37144:ctp-raw-decoder]: e cls=>inps:0
[37144:ctp-raw-decoder]: e cls=>inps:0
[37144:ctp-raw-decoder]: e cls=>inps:0
[37144:ctp-raw-decoder]: e cls=>inps:0
[37144:ctp-raw-decoder]: e cls=>inps:0
[37144:ctp-raw-decoder]: e cls=>inps:0
[37144:ctp-raw-decoder]: e cls=>inps:0
[37144:ctp-raw-decoder]: e cls=>inps:0
[37144:ctp-raw-decoder]: e cls=>inps:0
[37144:ctp-raw-decoder]: e cls=>inps:0
[37144:ctp-raw-decoder]: e cls=>inps:0
[37144:ctp-raw-decoder]: e cls=>inps:0
[37144:ctp-raw-decoder]: e cls=>inps:0
[37144:ctp-raw-decoder]: e cls=>inps:0
[37144:ctp-raw-decoder]: e cls=>inps:0
[37144:ctp-raw-decoder]: e cls=>inps:0
[37144:ctp-raw-decoder]: e cls=>inps:0
[37144:ctp-raw-decoder]: e cls=>inps:0
[37144:ctp-raw-decoder]: e cls=>inps:0
[37144:ctp-raw-decoder]: e cls=>inps:0
[37144:ctp-raw-decoder]: e cls=>inps:0
[37144:ctp-raw-decoder]: e cls=>inps:0
[37144:ctp-raw-decoder]: e cls=>inps:0
[37144:ctp-raw-decoder]: e cls=>inps:0
[37144:ctp-raw-decoder]: a cls=>inps:0
[37144:ctp-raw-decoder]: e cls=>inps:0
[37144:ctp-raw-decoder]: a cls=>inps:0
[37144:ctp-raw-decoder]: e cls=>inps:0
[37144:ctp-raw-decoder]: e cls=>inps:0
[37144:ctp-raw-decoder]: e cls=>inps:0
[37144:ctp-raw-decoder]: e cls=>inps:0
[37144:ctp-raw-decoder]: e cls=>inps:0
[37144:ctp-raw-decoder]: e cls=>inps:0
[37144:ctp-raw-decoder]: e cls=>inps:0
[37144:ctp-raw-decoder]: e cls=>inps:0
[37144:ctp-raw-decoder]: e cls=>inps:0
[37144:ctp-raw-decoder]: e cls=>inps:0
[37144:ctp-raw-decoder]: e cls=>inps:0
[37144:ctp-raw-decoder]: e cls=>inps:0
[37144:ctp-raw-decoder]: e cls=>inps:0
[37144:ctp-raw-decoder]: e cls=>inps:0
[37144:ctp-raw-decoder]: e cls=>inps:0
[37144:ctp-raw-decoder]: e cls=>inps:0
[37144:ctp-raw-decoder]: e cls=>inps:0
[37144:ctp-raw-decoder]: e cls=>inps:0
[37144:ctp-raw-decoder]: e cls=>inps:0
[37144:ctp-raw-decoder]: e cls=>inps:0
[37144:ctp-raw-decoder]: e cls=>inps:0
[37144:ctp-raw-decoder]: e cls=>inps:0
[37144:ctp-raw-decoder]: e cls=>inps:0
[37144:ctp-raw-decoder]: e cls=>inps:0
[37144:ctp-raw-decoder]: e cls=>inps:0
[37144:ctp-raw-decoder]: e cls=>inps:0
[37144:ctp-raw-decoder]: e cls=>inps:0
[37144:ctp-raw-decoder]: e cls=>inps:0
[37144:ctp-raw-decoder]: e cls=>inps:0
[37144:ctp-raw-decoder]: e cls=>inps:0
[37144:ctp-raw-decoder]: e cls=>inps:0
[37144:ctp-raw-decoder]: e cls=>inps:0
[37144:ctp-raw-decoder]: e cls=>inps:0
[37144:ctp-raw-decoder]: e cls=>inps:0
[37144:ctp-raw-decoder]: e cls=>inps:0
[37144:ctp-raw-decoder]: e cls=>inps:0
[37144:ctp-raw-decoder]: e cls=>inps:0
[37144:ctp-raw-decoder]: e cls=>inps:0
[37144:ctp-raw-decoder]: e cls=>inps:0
[37144:ctp-raw-decoder]: e cls=>inps:0
[37144:ctp-raw-decoder]: e cls=>inps:0
[37144:ctp-raw-decoder]: e cls=>inps:0
[37144:ctp-raw-decoder]: e cls=>inps:0
[37144:ctp-raw-decoder]: e cls=>inps:0
[37144:ctp-raw-decoder]: e cls=>inps:0
[37144:ctp-raw-decoder]: e cls=>inps:0
[37144:ctp-raw-decoder]: e cls=>inps:0
[37144:ctp-raw-decoder]: e cls=>inps:0
[37144:ctp-raw-decoder]: e cls=>inps:0
[37144:ctp-raw-decoder]: e cls=>inps:0
[37144:ctp-raw-decoder]: e cls=>inps:0
[37144:ctp-raw-decoder]: e cls=>inps:0
[37144:ctp-raw-decoder]: e cls=>inps:0
[37144:ctp-raw-decoder]: e cls=>inps:0
[37144:ctp-raw-decoder]: e cls=>inps:0
[37144:ctp-raw-decoder]: 0 cls=>inps:0
[37144:ctp-raw-decoder]: 1 cls=>inps:0
[37144:ctp-raw-decoder]: 2 cls=>inps:0
[37144:ctp-raw-decoder]: 6 cls=>inps:0
[37144:ctp-raw-decoder]: e cls=>inps:0
[37144:ctp-raw-decoder]: e cls=>inps:0
[37144:ctp-raw-decoder]: e cls=>inps:0
[37144:ctp-raw-decoder]: e cls=>inps:0
[37144:ctp-raw-decoder]: e cls=>inps:0
[37144:ctp-raw-decoder]: e cls=>inps:0
[37144:ctp-raw-decoder]: e cls=>inps:0
[37144:ctp-raw-decoder]: e cls=>inps:0
[37144:ctp-raw-decoder]: e cls=>inps:0
[37144:ctp-raw-decoder]: e cls=>inps:0
[37144:ctp-raw-decoder]: e cls=>inps:0
[37144:ctp-raw-decoder]: e cls=>inps:0
[37144:ctp-raw-decoder]: e cls=>inps:0
[37144:ctp-raw-decoder]: e cls=>inps:0
[37144:ctp-raw-decoder]: e cls=>inps:0
[37144:ctp-raw-decoder]: e cls=>inps:0
[37144:ctp-raw-decoder]: e cls=>inps:0
[37144:ctp-raw-decoder]: e cls=>inps:0
[37144:ctp-raw-decoder]: e cls=>inps:0
[37144:ctp-raw-decoder]: e cls=>inps:0
[37144:ctp-raw-decoder]: e cls=>inps:0
[37144:ctp-raw-decoder]: e cls=>inps:0
[37144:ctp-raw-decoder]: e cls=>inps:0
[37144:ctp-raw-decoder]: e cls=>inps:0
[37144:ctp-raw-decoder]: e cls=>inps:0
[37144:ctp-raw-decoder]: e cls=>inps:0
[37144:ctp-raw-decoder]: e cls=>inps:0
[37144:ctp-raw-decoder]: e cls=>inps:0
[37144:ctp-raw-decoder]: e cls=>inps:0
[37144:ctp-raw-decoder]: e cls=>inps:0
[37144:ctp-raw-decoder]: e cls=>inps:0
[37144:ctp-raw-decoder]: e cls=>inps:0
[37144:ctp-raw-decoder]: e cls=>inps:0
[37144:ctp-raw-decoder]: e cls=>inps:0
[37144:ctp-raw-decoder]: e cls=>inps:0
[37144:ctp-raw-decoder]: e cls=>inps:0
[37144:ctp-raw-decoder]: e cls=>inps:0
[37144:ctp-raw-decoder]: e cls=>inps:0
[37144:ctp-raw-decoder]: e cls=>inps:0
[37144:ctp-raw-decoder]: e cls=>inps:0
[37144:ctp-raw-decoder]: e cls=>inps:0
[37144:ctp-raw-decoder]: e cls=>inps:0
[37144:ctp-raw-decoder]: e cls=>inps:0
[37144:ctp-raw-decoder]: e cls=>inps:0
[37144:ctp-raw-decoder]: e cls=>inps:0
[37144:ctp-raw-decoder]: e cls=>inps:0
[37144:ctp-raw-decoder]: e cls=>inps:0
[37144:ctp-raw-decoder]: e cls=>inps:0
[37144:ctp-raw-decoder]: e cls=>inps:0
[37144:ctp-raw-decoder]: e cls=>inps:0
[37144:ctp-raw-decoder]: e cls=>inps:0
[37144:ctp-raw-decoder]: e cls=>inps:0
[37144:ctp-raw-decoder]: e cls=>inps:0
[37144:ctp-raw-decoder]: e cls=>inps:0
[37144:ctp-raw-decoder]: e cls=>inps:0
[37144:ctp-raw-decoder]: e cls=>inps:0
[37144:ctp-raw-decoder]: e cls=>inps:0
[37144:ctp-raw-decoder]: e cls=>inps:0
[37144:ctp-raw-decoder]: e cls=>inps:0
[37144:ctp-raw-decoder]: e cls=>inps:0
[37144:ctp-raw-decoder]: e cls=>inps:0
[37144:ctp-raw-decoder]: e cls=>inps:0
[37144:ctp-raw-decoder]: e cls=>inps:0
[37144:ctp-raw-decoder]: e cls=>inps:0
[37144:ctp-raw-decoder]: e cls=>inps:0
[37144:ctp-raw-decoder]: e cls=>inps:0
[37144:ctp-raw-decoder]: e cls=>inps:0
[37144:ctp-raw-decoder]: e cls=>inps:0
[37144:ctp-raw-decoder]: e cls=>inps:0
[37144:ctp-raw-decoder]: e cls=>inps:0
[37144:ctp-raw-decoder]: e cls=>inps:0
[37144:ctp-raw-decoder]: e cls=>inps:0
[37144:ctp-raw-decoder]: e cls=>inps:0
[37144:ctp-raw-decoder]: e cls=>inps:0
[37144:ctp-raw-decoder]: e cls=>inps:0
[37144:ctp-raw-decoder]: e cls=>inps:0
[37144:ctp-raw-decoder]: e cls=>inps:0
[37144:ctp-raw-decoder]: e cls=>inps:0
[37144:ctp-raw-decoder]: 0 cls=>inps:0
[37144:ctp-raw-decoder]: 1 cls=>inps:0
[37144:ctp-raw-decoder]: 2 cls=>inps:0
[37144:ctp-raw-decoder]: 6 cls=>inps:0
[37144:ctp-raw-decoder]: e cls=>inps:0
[37144:ctp-raw-decoder]: e cls=>inps:0
[37144:ctp-raw-decoder]: e cls=>inps:0
[37144:ctp-raw-decoder]: e cls=>inps:0
[37144:ctp-raw-decoder]: e cls=>inps:0
[37144:ctp-raw-decoder]: e cls=>inps:0
[37144:ctp-raw-decoder]: e cls=>inps:0
[37144:ctp-raw-decoder]: e cls=>inps:0
[37144:ctp-raw-decoder]: e cls=>inps:0
[37144:ctp-raw-decoder]: e cls=>inps:0
[37144:ctp-raw-decoder]: e cls=>inps:0
[37144:ctp-raw-decoder]: e cls=>inps:0
[37144:ctp-raw-decoder]: e cls=>inps:0
[37144:ctp-raw-decoder]: e cls=>inps:0
[37144:ctp-raw-decoder]: 0 cls=>inps:0
[37144:ctp-raw-decoder]: 1 cls=>inps:0
[37144:ctp-raw-decoder]: 2 cls=>inps:0
[37144:ctp-raw-decoder]: 6 cls=>inps:0
[37144:ctp-raw-decoder]: e cls=>inps:0
[37144:ctp-raw-decoder]: e cls=>inps:0
[37144:ctp-raw-decoder]: e cls=>inps:0
[37144:ctp-raw-decoder]: e cls=>inps:0
[37144:ctp-raw-decoder]: e cls=>inps:0
[37144:ctp-raw-decoder]: e cls=>inps:0
[37144:ctp-raw-decoder]: a cls=>inps:0
[37144:ctp-raw-decoder]: e cls=>inps:0
[37144:ctp-raw-decoder]: e cls=>inps:0
[37144:ctp-raw-decoder]: e cls=>inps:0
[37144:ctp-raw-decoder]: e cls=>inps:0
[37144:ctp-raw-decoder]: e cls=>inps:0
[37144:ctp-raw-decoder]: e cls=>inps:0
[37144:ctp-raw-decoder]: e cls=>inps:0
[37144:ctp-raw-decoder]: e cls=>inps:0
[37144:ctp-raw-decoder]: e cls=>inps:0
[37144:ctp-raw-decoder]: e cls=>inps:0
[37144:ctp-raw-decoder]: e cls=>inps:0
[37144:ctp-raw-decoder]: e cls=>inps:0
[37144:ctp-raw-decoder]: e cls=>inps:0
[37144:ctp-raw-decoder]: e cls=>inps:0
[37144:ctp-raw-decoder]: e cls=>inps:0
[37144:ctp-raw-decoder]: e cls=>inps:0
[37144:ctp-raw-decoder]: e cls=>inps:0
[37144:ctp-raw-decoder]: e cls=>inps:0
[37144:ctp-raw-decoder]: e cls=>inps:0
[37144:ctp-raw-decoder]: e cls=>inps:0
[37144:ctp-raw-decoder]: e cls=>inps:0
[37144:ctp-raw-decoder]: e cls=>inps:0
[37144:ctp-raw-decoder]: e cls=>inps:0
[37144:ctp-raw-decoder]: e cls=>inps:0
[37144:ctp-raw-decoder]: e cls=>inps:0
[37144:ctp-raw-decoder]: e cls=>inps:0
[37144:ctp-raw-decoder]: e cls=>inps:0
[37144:ctp-raw-decoder]: e cls=>inps:0
[37144:ctp-raw-decoder]: e cls=>inps:0
[37144:ctp-raw-decoder]: e cls=>inps:0
[37144:ctp-raw-decoder]: e cls=>inps:0
[37144:ctp-raw-decoder]: e cls=>inps:0
[37144:ctp-raw-decoder]: e cls=>inps:0
[37144:ctp-raw-decoder]: e cls=>inps:0
[37144:ctp-raw-decoder]: e cls=>inps:0
[37144:ctp-raw-decoder]: e cls=>inps:0
[37144:ctp-raw-decoder]: e cls=>inps:0
[37144:ctp-raw-decoder]: a cls=>inps:0
[37144:ctp-raw-decoder]: e cls=>inps:0
[37144:ctp-raw-decoder]: e cls=>inps:0
[37144:ctp-raw-decoder]: e cls=>inps:0
[37144:ctp-raw-decoder]: e cls=>inps:0
[37144:ctp-raw-decoder]: e cls=>inps:0
[37144:ctp-raw-decoder]: e cls=>inps:0
[37144:ctp-raw-decoder]: e cls=>inps:0
[37144:ctp-raw-decoder]: e cls=>inps:0
[37144:ctp-raw-decoder]: e cls=>inps:0
[37144:ctp-raw-decoder]: e cls=>inps:0
[37144:ctp-raw-decoder]: e cls=>inps:0
[37144:ctp-raw-decoder]: e cls=>inps:0
[37144:ctp-raw-decoder]: e cls=>inps:0
[37144:ctp-raw-decoder]: e cls=>inps:0
[37144:ctp-raw-decoder]: e cls=>inps:0
[37144:ctp-raw-decoder]: 0 cls=>inps:0
[37144:ctp-raw-decoder]: 1 cls=>inps:0
[37144:ctp-raw-decoder]: 2 cls=>inps:0
[37144:ctp-raw-decoder]: 6 cls=>inps:0
[37144:ctp-raw-decoder]: e cls=>inps:0
[37144:ctp-raw-decoder]: e cls=>inps:0
[37144:ctp-raw-decoder]: e cls=>inps:0
[37144:ctp-raw-decoder]: e cls=>inps:0
[37144:ctp-raw-decoder]: e cls=>inps:0
[37144:ctp-raw-decoder]: e cls=>inps:0
[37144:ctp-raw-decoder]: e cls=>inps:0
[37144:ctp-raw-decoder]: e cls=>inps:0
[37144:ctp-raw-decoder]: e cls=>inps:0
[37144:ctp-raw-decoder]: e cls=>inps:0
[37144:ctp-raw-decoder]: e cls=>inps:0
[37144:ctp-raw-decoder]: e cls=>inps:0
[37144:ctp-raw-decoder]: e cls=>inps:0
[37144:ctp-raw-decoder]: e cls=>inps:0
[37144:ctp-raw-decoder]: e cls=>inps:0
[37144:ctp-raw-decoder]: e cls=>inps:0
[37144:ctp-raw-decoder]: e cls=>inps:0
[37144:ctp-raw-decoder]: e cls=>inps:0
[37144:ctp-raw-decoder]: e cls=>inps:0
[37144:ctp-raw-decoder]: e cls=>inps:0
[37144:ctp-raw-decoder]: e cls=>inps:0
[37144:ctp-raw-decoder]: e cls=>inps:0
[37144:ctp-raw-decoder]: e cls=>inps:0
[37144:ctp-raw-decoder]: e cls=>inps:0
[37144:ctp-raw-decoder]: e cls=>inps:0
[37144:ctp-raw-decoder]: 0 cls=>inps:0
[37144:ctp-raw-decoder]: 1 cls=>inps:0
[37144:ctp-raw-decoder]: 2 cls=>inps:0
[37144:ctp-raw-decoder]: 6 cls=>inps:0
[37144:ctp-raw-decoder]: e cls=>inps:0
[37144:ctp-raw-decoder]: e cls=>inps:0
[37144:ctp-raw-decoder]: e cls=>inps:0
[37144:ctp-raw-decoder]: e cls=>inps:0
[37144:ctp-raw-decoder]: e cls=>inps:0
[37144:ctp-raw-decoder]: e cls=>inps:0
[37144:ctp-raw-decoder]: e cls=>inps:0
[37144:ctp-raw-decoder]: e cls=>inps:0
[37144:ctp-raw-decoder]: e cls=>inps:0
[37144:ctp-raw-decoder]: e cls=>inps:0
[37144:ctp-raw-decoder]: e cls=>inps:0
[37144:ctp-raw-decoder]: e cls=>inps:0
[37144:ctp-raw-decoder]: e cls=>inps:0
[37144:ctp-raw-decoder]: e cls=>inps:0
[37144:ctp-raw-decoder]: e cls=>inps:0
[37144:ctp-raw-decoder]: e cls=>inps:0
[37144:ctp-raw-decoder]: e cls=>inps:0
[37144:ctp-raw-decoder]: e cls=>inps:0
[37144:ctp-raw-decoder]: e cls=>inps:0
[37144:ctp-raw-decoder]: e cls=>inps:0
[37144:ctp-raw-decoder]: e cls=>inps:0
[37144:ctp-raw-decoder]: e cls=>inps:0
[37144:ctp-raw-decoder]: e cls=>inps:0
[37144:ctp-raw-decoder]: e cls=>inps:0
[37144:ctp-raw-decoder]: e cls=>inps:0
[37144:ctp-raw-decoder]: e cls=>inps:0
[37144:ctp-raw-decoder]: e cls=>inps:0
[37144:ctp-raw-decoder]: e cls=>inps:0
[37144:ctp-raw-decoder]: e cls=>inps:0
[37144:ctp-raw-decoder]: a cls=>inps:0
[37144:ctp-raw-decoder]: e cls=>inps:0
[37144:ctp-raw-decoder]: e cls=>inps:0
[37144:ctp-raw-decoder]: e cls=>inps:0
[37144:ctp-raw-decoder]: e cls=>inps:0
[37144:ctp-raw-decoder]: e cls=>inps:0
[37144:ctp-raw-decoder]: e cls=>inps:0
[37144:ctp-raw-decoder]: e cls=>inps:0
[37144:ctp-raw-decoder]: e cls=>inps:0
[37144:ctp-raw-decoder]: e cls=>inps:0
[37144:ctp-raw-decoder]: e cls=>inps:0
[37144:ctp-raw-decoder]: e cls=>inps:0
[37144:ctp-raw-decoder]: e cls=>inps:0
[37144:ctp-raw-decoder]: e cls=>inps:0
[37144:ctp-raw-decoder]: e cls=>inps:0
[37144:ctp-raw-decoder]: e cls=>inps:0
[37144:ctp-raw-decoder]: e cls=>inps:0
[37144:ctp-raw-decoder]: e cls=>inps:0
[37144:ctp-raw-decoder]: e cls=>inps:0
[37144:ctp-raw-decoder]: e cls=>inps:0
[37144:ctp-raw-decoder]: e cls=>inps:0
[37144:ctp-raw-decoder]: e cls=>inps:0
[37144:ctp-raw-decoder]: e cls=>inps:0
[37144:ctp-raw-decoder]: e cls=>inps:0
[37144:ctp-raw-decoder]: e cls=>inps:0
[37144:ctp-raw-decoder]: e cls=>inps:0
[37144:ctp-raw-decoder]: e cls=>inps:0
[37144:ctp-raw-decoder]: e cls=>inps:0
[37144:ctp-raw-decoder]: e cls=>inps:0
[37144:ctp-raw-decoder]: e cls=>inps:0
[37144:ctp-raw-decoder]: e cls=>inps:0
[37144:ctp-raw-decoder]: e cls=>inps:0
[37144:ctp-raw-decoder]: e cls=>inps:0
[37144:ctp-raw-decoder]: e cls=>inps:0
[37144:ctp-raw-decoder]: e cls=>inps:0
[37144:ctp-raw-decoder]: e cls=>inps:0
[37144:ctp-raw-decoder]: e cls=>inps:0
[37144:ctp-raw-decoder]: e cls=>inps:0
[37144:ctp-raw-decoder]: e cls=>inps:0
[37144:ctp-raw-decoder]: e cls=>inps:0
[37144:ctp-raw-decoder]: e cls=>inps:0
[37144:ctp-raw-decoder]: e cls=>inps:0
[37144:ctp-raw-decoder]: e cls=>inps:0
[37144:ctp-raw-decoder]: e cls=>inps:0
[37144:ctp-raw-decoder]: e cls=>inps:0
[37144:ctp-raw-decoder]: a cls=>inps:0
[37144:ctp-raw-decoder]: e cls=>inps:0
[37144:ctp-raw-decoder]: e cls=>inps:0
[37144:ctp-raw-decoder]: e cls=>inps:0
[37144:ctp-raw-decoder]: e cls=>inps:0
[37144:ctp-raw-decoder]: e cls=>inps:0
[37144:ctp-raw-decoder]: e cls=>inps:0
[37144:ctp-raw-decoder]: e cls=>inps:0
[37144:ctp-raw-decoder]: e cls=>inps:0
[37144:ctp-raw-decoder]: e cls=>inps:0
[37144:ctp-raw-decoder]: e cls=>inps:0
[37144:ctp-raw-decoder]: e cls=>inps:0
[37144:ctp-raw-decoder]: e cls=>inps:0
[37144:ctp-raw-decoder]: e cls=>inps:0
[37144:ctp-raw-decoder]: e cls=>inps:0
[37144:ctp-raw-decoder]: e cls=>inps:0
[37144:ctp-raw-decoder]: e cls=>inps:0
[37144:ctp-raw-decoder]: e cls=>inps:0
[37144:ctp-raw-decoder]: e cls=>inps:0
[37144:ctp-raw-decoder]: e cls=>inps:0
[37144:ctp-raw-decoder]: 0 cls=>inps:0
[37144:ctp-raw-decoder]: 1 cls=>inps:0
[37144:ctp-raw-decoder]: 2 cls=>inps:0
[37144:ctp-raw-decoder]: 6 cls=>inps:0
[37144:ctp-raw-decoder]: e cls=>inps:0
[37144:ctp-raw-decoder]: e cls=>inps:0
[37144:ctp-raw-decoder]: e cls=>inps:0
[37144:ctp-raw-decoder]: e cls=>inps:0
[37144:ctp-raw-decoder]: e cls=>inps:0
[37144:ctp-raw-decoder]: e cls=>inps:0
[37144:ctp-raw-decoder]: e cls=>inps:0
[37144:ctp-raw-decoder]: e cls=>inps:0
[37144:ctp-raw-decoder]: e cls=>inps:0
[37144:ctp-raw-decoder]: e cls=>inps:0
[37144:ctp-raw-decoder]: e cls=>inps:0
[37144:ctp-raw-decoder]: e cls=>inps:0
[37144:ctp-raw-decoder]: e cls=>inps:0
[37144:ctp-raw-decoder]: e cls=>inps:0
[37144:ctp-raw-decoder]: e cls=>inps:0
[37144:ctp-raw-decoder]: e cls=>inps:0
[37144:ctp-raw-decoder]: e cls=>inps:0
[37144:ctp-raw-decoder]: e cls=>inps:0
[37144:ctp-raw-decoder]: e cls=>inps:0
[37144:ctp-raw-decoder]: e cls=>inps:0
[37144:ctp-raw-decoder]: e cls=>inps:0
[37144:ctp-raw-decoder]: e cls=>inps:0
[37144:ctp-raw-decoder]: e cls=>inps:0
[37144:ctp-raw-decoder]: e cls=>inps:0
[37144:ctp-raw-decoder]: e cls=>inps:0
[37144:ctp-raw-decoder]: e cls=>inps:0
[37144:ctp-raw-decoder]: e cls=>inps:0
[37144:ctp-raw-decoder]: e cls=>inps:0
[37144:ctp-raw-decoder]: e cls=>inps:0
[37144:ctp-raw-decoder]: e cls=>inps:0
[37144:ctp-raw-decoder]: e cls=>inps:0
[37144:ctp-raw-decoder]: e cls=>inps:0
[37144:ctp-raw-decoder]: e cls=>inps:0
[37144:ctp-raw-decoder]: e cls=>inps:0
[37144:ctp-raw-decoder]: e cls=>inps:0
[37144:ctp-raw-decoder]: e cls=>inps:0
[37144:ctp-raw-decoder]: e cls=>inps:0
[37144:ctp-raw-decoder]: e cls=>inps:0
[37144:ctp-raw-decoder]: e cls=>inps:0
[37144:ctp-raw-decoder]: e cls=>inps:0
[37144:ctp-raw-decoder]: e cls=>inps:0
[37144:ctp-raw-decoder]: e cls=>inps:0
[37144:ctp-raw-decoder]: e cls=>inps:0
[37144:ctp-raw-decoder]: e cls=>inps:0
[37144:ctp-raw-decoder]: e cls=>inps:0
[37144:ctp-raw-decoder]: e cls=>inps:0
[37144:ctp-raw-decoder]: e cls=>inps:0
[37144:ctp-raw-decoder]: e cls=>inps:0
[37144:ctp-raw-decoder]: e cls=>inps:0
[37144:ctp-raw-decoder]: e cls=>inps:0
[37144:ctp-raw-decoder]: e cls=>inps:0
[37144:ctp-raw-decoder]: e cls=>inps:0
[37144:ctp-raw-decoder]: 0 cls=>inps:0
[37144:ctp-raw-decoder]: 1 cls=>inps:0
[37144:ctp-raw-decoder]: 2 cls=>inps:0
[37144:ctp-raw-decoder]: 6 cls=>inps:0
[37144:ctp-raw-decoder]: e cls=>inps:0
[37144:ctp-raw-decoder]: e cls=>inps:0
[37144:ctp-raw-decoder]: e cls=>inps:0
[37144:ctp-raw-decoder]: e cls=>inps:0
[37144:ctp-raw-decoder]: e cls=>inps:0
[37144:ctp-raw-decoder]: e cls=>inps:0
[37144:ctp-raw-decoder]: e cls=>inps:0
[37144:ctp-raw-decoder]: e cls=>inps:0
[37144:ctp-raw-decoder]: e cls=>inps:0
[37144:ctp-raw-decoder]: e cls=>inps:0
[37144:ctp-raw-decoder]: e cls=>inps:0
[37144:ctp-raw-decoder]: e cls=>inps:0
[37144:ctp-raw-decoder]: e cls=>inps:0
[37144:ctp-raw-decoder]: e cls=>inps:0
[37144:ctp-raw-decoder]: e cls=>inps:0
[37144:ctp-raw-decoder]: e cls=>inps:0
[37144:ctp-raw-decoder]: e cls=>inps:0
[37144:ctp-raw-decoder]: e cls=>inps:0
[37144:ctp-raw-decoder]: e cls=>inps:0
[37144:ctp-raw-decoder]: e cls=>inps:0
[37144:ctp-raw-decoder]: e cls=>inps:0
[37144:ctp-raw-decoder]: e cls=>inps:0
[37144:ctp-raw-decoder]: e cls=>inps:0
[37144:ctp-raw-decoder]: e cls=>inps:0
[37144:ctp-raw-decoder]: e cls=>inps:0
[37144:ctp-raw-decoder]: e cls=>inps:0
[37144:ctp-raw-decoder]: e cls=>inps:0
[37144:ctp-raw-decoder]: e cls=>inps:0
[37144:ctp-raw-decoder]: e cls=>inps:0
[37144:ctp-raw-decoder]: e cls=>inps:0
[37144:ctp-raw-decoder]: e cls=>inps:0
[37144:ctp-raw-decoder]: e cls=>inps:0
[37144:ctp-raw-decoder]: e cls=>inps:0
[37144:ctp-raw-decoder]: e cls=>inps:0
[37144:ctp-raw-decoder]: e cls=>inps:0
[37144:ctp-raw-decoder]: e cls=>inps:0
[37144:ctp-raw-decoder]: e cls=>inps:0
[37144:ctp-raw-decoder]: e cls=>inps:0
[37144:ctp-raw-decoder]: e cls=>inps:0
[37144:ctp-raw-decoder]: e cls=>inps:0
[37144:ctp-raw-decoder]: e cls=>inps:0
[37144:ctp-raw-decoder]: e cls=>inps:0
[37144:ctp-raw-decoder]: e cls=>inps:0
[37144:ctp-raw-decoder]: e cls=>inps:0
[37144:ctp-raw-decoder]: e cls=>inps:0
[37144:ctp-raw-decoder]: e cls=>inps:0
[37144:ctp-raw-decoder]: e cls=>inps:0
[37144:ctp-raw-decoder]: e cls=>inps:0
[37144:ctp-raw-decoder]: a cls=>inps:0
[37144:ctp-raw-decoder]: e cls=>inps:0
[37144:ctp-raw-decoder]: e cls=>inps:0
[37144:ctp-raw-decoder]: e cls=>inps:0
[37144:ctp-raw-decoder]: e cls=>inps:0
[37144:ctp-raw-decoder]: e cls=>inps:0
[37144:ctp-raw-decoder]: e cls=>inps:0
[37144:ctp-raw-decoder]: e cls=>inps:0
[37144:ctp-raw-decoder]: e cls=>inps:0
[37144:ctp-raw-decoder]: e cls=>inps:0
[37144:ctp-raw-decoder]: e cls=>inps:0
[37144:ctp-raw-decoder]: e cls=>inps:0
[37144:ctp-raw-decoder]: e cls=>inps:0
[37144:ctp-raw-decoder]: e cls=>inps:0
[37144:ctp-raw-decoder]: e cls=>inps:0
[37144:ctp-raw-decoder]: e cls=>inps:0
[37144:ctp-raw-decoder]: e cls=>inps:0
[37144:ctp-raw-decoder]: e cls=>inps:0
[37144:ctp-raw-decoder]: e cls=>inps:0
[37144:ctp-raw-decoder]: e cls=>inps:0
[37144:ctp-raw-decoder]: e cls=>inps:0
[37144:ctp-raw-decoder]: e cls=>inps:0
[37144:ctp-raw-decoder]: e cls=>inps:0
[37144:ctp-raw-decoder]: e cls=>inps:0
[37144:ctp-raw-decoder]: e cls=>inps:0
[37144:ctp-raw-decoder]: e cls=>inps:0
[37144:ctp-raw-decoder]: e cls=>inps:0
[37144:ctp-raw-decoder]: e cls=>inps:0
[37144:ctp-raw-decoder]: e cls=>inps:0
[37144:ctp-raw-decoder]: e cls=>inps:0
[37144:ctp-raw-decoder]: e cls=>inps:0
[37144:ctp-raw-decoder]: e cls=>inps:0
[37144:ctp-raw-decoder]: e cls=>inps:0
[37144:ctp-raw-decoder]: e cls=>inps:0
[37144:ctp-raw-decoder]: 0 cls=>inps:0
[37144:ctp-raw-decoder]: 1 cls=>inps:0
[37144:ctp-raw-decoder]: 2 cls=>inps:0
[37144:ctp-raw-decoder]: 6 cls=>inps:0
[37144:ctp-raw-decoder]: e cls=>inps:0
[37144:ctp-raw-decoder]: e cls=>inps:0
[37144:ctp-raw-decoder]: e cls=>inps:0
[37144:ctp-raw-decoder]: e cls=>inps:0
[37144:ctp-raw-decoder]: e cls=>inps:0
[37144:ctp-raw-decoder]: e cls=>inps:0
[37144:ctp-raw-decoder]: e cls=>inps:0
[37144:ctp-raw-decoder]: e cls=>inps:0
[37144:ctp-raw-decoder]: e cls=>inps:0
[37144:ctp-raw-decoder]: e cls=>inps:0
[37144:ctp-raw-decoder]: e cls=>inps:0
[37144:ctp-raw-decoder]: e cls=>inps:0
[37144:ctp-raw-decoder]: a cls=>inps:0
[37144:ctp-raw-decoder]: e cls=>inps:0
[37144:ctp-raw-decoder]: e cls=>inps:0
[37144:ctp-raw-decoder]: e cls=>inps:0
[37144:ctp-raw-decoder]: e cls=>inps:0
[37144:ctp-raw-decoder]: e cls=>inps:0
[37144:ctp-raw-decoder]: e cls=>inps:0
[37144:ctp-raw-decoder]: e cls=>inps:0
[37144:ctp-raw-decoder]: e cls=>inps:0
[37144:ctp-raw-decoder]: e cls=>inps:0
[37144:ctp-raw-decoder]: e cls=>inps:0
[37144:ctp-raw-decoder]: e cls=>inps:0
[37144:ctp-raw-decoder]: e cls=>inps:0
[37144:ctp-raw-decoder]: e cls=>inps:0
[37144:ctp-raw-decoder]: e cls=>inps:0
[37144:ctp-raw-decoder]: e cls=>inps:0
[37144:ctp-raw-decoder]: e cls=>inps:0
[37144:ctp-raw-decoder]: e cls=>inps:0
[37144:ctp-raw-decoder]: e cls=>inps:0
[37144:ctp-raw-decoder]: e cls=>inps:0
[37144:ctp-raw-decoder]: e cls=>inps:0
[37144:ctp-raw-decoder]: e cls=>inps:0
[37144:ctp-raw-decoder]: e cls=>inps:0
[37144:ctp-raw-decoder]: e cls=>inps:0
[37144:ctp-raw-decoder]: e cls=>inps:0
[37144:ctp-raw-decoder]: e cls=>inps:0
[37144:ctp-raw-decoder]: e cls=>inps:0
[37144:ctp-raw-decoder]: e cls=>inps:0
[37144:ctp-raw-decoder]: e cls=>inps:0
[37144:ctp-raw-decoder]: e cls=>inps:0
[37144:ctp-raw-decoder]: e cls=>inps:0
[37144:ctp-raw-decoder]: e cls=>inps:0
[37144:ctp-raw-decoder]: e cls=>inps:0
[37144:ctp-raw-decoder]: e cls=>inps:0
[37144:ctp-raw-decoder]: e cls=>inps:0
[37144:ctp-raw-decoder]: e cls=>inps:0
[37144:ctp-raw-decoder]: e cls=>inps:0
[37144:ctp-raw-decoder]: e cls=>inps:0
[37144:ctp-raw-decoder]: e cls=>inps:0
[37144:ctp-raw-decoder]: e cls=>inps:0
[37144:ctp-raw-decoder]: [18:22:26][INFO] [CTPRawToDigitConverter - run] Writing 6880 digits. IR rejected:0 TCR rejected:20
[37145:ctp-digit-writer]: [18:22:26][INFO] CTPDigitWriter pulled 6880 digits
[37144:ctp-raw-decoder]: tforbit==================>93bef40 93bef40
[37144:ctp-raw-decoder]: tforbit==================>93bef40 93bef40
[37144:ctp-raw-decoder]: [18:22:26][INFO] LOST:BCid:    9 Orbit: 154922816 shift:15
[37144:ctp-raw-decoder]: [18:22:26][INFO] LOST:BCid:   36 Orbit: 154922816 shift:296
[37144:ctp-raw-decoder]: [18:22:26][INFO] LOST:BCid:   54 Orbit: 154922816 shift:296
[37144:ctp-raw-decoder]: [18:22:26][INFO] LOST:BCid:   66 Orbit: 154922816 shift:296
[37144:ctp-raw-decoder]: [18:22:26][INFO] LOST:BCid:   80 Orbit: 154922816 shift:296
[37144:ctp-raw-decoder]: [18:22:26][INFO] LOST:BCid:   94 Orbit: 154922816 shift:296
[37144:ctp-raw-decoder]: [18:22:26][INFO] Checking readout
[37144:ctp-raw-decoder]: e cls=>inps:0
[37144:ctp-raw-decoder]: e cls=>inps:0
[37144:ctp-raw-decoder]: e cls=>inps:0
[37144:ctp-raw-decoder]: e cls=>inps:0
[37144:ctp-raw-decoder]: e cls=>inps:0
[37144:ctp-raw-decoder]: e cls=>inps:0
[37144:ctp-raw-decoder]: e cls=>inps:0
[37144:ctp-raw-decoder]: e cls=>inps:0
[37144:ctp-raw-decoder]: e cls=>inps:0
[37144:ctp-raw-decoder]: e cls=>inps:0
[37144:ctp-raw-decoder]: e cls=>inps:0
[37144:ctp-raw-decoder]: e cls=>inps:0
[37144:ctp-raw-decoder]: e cls=>inps:0
[37144:ctp-raw-decoder]: e cls=>inps:0
[37144:ctp-raw-decoder]: e cls=>inps:0
[37144:ctp-raw-decoder]: e cls=>inps:0
[37144:ctp-raw-decoder]: e cls=>inps:0
[37144:ctp-raw-decoder]: e cls=>inps:0
[37144:ctp-raw-decoder]: e cls=>inps:0
[37144:ctp-raw-decoder]: e cls=>inps:0
[37144:ctp-raw-decoder]: e cls=>inps:0
[37144:ctp-raw-decoder]: e cls=>inps:0
[37144:ctp-raw-decoder]: e cls=>inps:0
[37144:ctp-raw-decoder]: e cls=>inps:0
[37144:ctp-raw-decoder]: e cls=>inps:0
[37144:ctp-raw-decoder]: e cls=>inps:0
[37144:ctp-raw-decoder]: e cls=>inps:0
[37144:ctp-raw-decoder]: e cls=>inps:0
[37144:ctp-raw-decoder]: e cls=>inps:0
[37144:ctp-raw-decoder]: e cls=>inps:0
[37144:ctp-raw-decoder]: e cls=>inps:0
[37144:ctp-raw-decoder]: e cls=>inps:0
[37144:ctp-raw-decoder]: e cls=>inps:0
[37144:ctp-raw-decoder]: e cls=>inps:0
[37144:ctp-raw-decoder]: e cls=>inps:0
[37144:ctp-raw-decoder]: e cls=>inps:0
[37144:ctp-raw-decoder]: e cls=>inps:0
[37144:ctp-raw-decoder]: e cls=>inps:0
[37144:ctp-raw-decoder]: e cls=>inps:0
[37144:ctp-raw-decoder]: e cls=>inps:0
[37144:ctp-raw-decoder]: e cls=>inps:0
[37144:ctp-raw-decoder]: e cls=>inps:0
[37144:ctp-raw-decoder]: e cls=>inps:0
[37144:ctp-raw-decoder]: e cls=>inps:0
[37144:ctp-raw-decoder]: 0 cls=>inps:0
[37144:ctp-raw-decoder]: 1 cls=>inps:0
[37144:ctp-raw-decoder]: 2 cls=>inps:0
[37144:ctp-raw-decoder]: 6 cls=>inps:0
[37144:ctp-raw-decoder]: e cls=>inps:0
[37144:ctp-raw-decoder]: e cls=>inps:0
[37144:ctp-raw-decoder]: e cls=>inps:0
[37144:ctp-raw-decoder]: e cls=>inps:0
[37144:ctp-raw-decoder]: e cls=>inps:0
[37144:ctp-raw-decoder]: e cls=>inps:0
[37144:ctp-raw-decoder]: e cls=>inps:0
[37144:ctp-raw-decoder]: e cls=>inps:0
[37144:ctp-raw-decoder]: 0 cls=>inps:0
[37144:ctp-raw-decoder]: 1 cls=>inps:0
[37144:ctp-raw-decoder]: 2 cls=>inps:0
[37144:ctp-raw-decoder]: 6 cls=>inps:0
[37144:ctp-raw-decoder]: e cls=>inps:0
[37144:ctp-raw-decoder]: e cls=>inps:0
[37144:ctp-raw-decoder]: e cls=>inps:0
[37144:ctp-raw-decoder]: e cls=>inps:0
[37144:ctp-raw-decoder]: e cls=>inps:0
[37144:ctp-raw-decoder]: e cls=>inps:0
[37144:ctp-raw-decoder]: e cls=>inps:0
[37144:ctp-raw-decoder]: e cls=>inps:0
[37144:ctp-raw-decoder]: e cls=>inps:0
[37144:ctp-raw-decoder]: e cls=>inps:0
[37144:ctp-raw-decoder]: e cls=>inps:0
[37144:ctp-raw-decoder]: e cls=>inps:0
[37144:ctp-raw-decoder]: e cls=>inps:0
[37144:ctp-raw-decoder]: e cls=>inps:0
[37144:ctp-raw-decoder]: 0 cls=>inps:0
[37144:ctp-raw-decoder]: 1 cls=>inps:0
[37144:ctp-raw-decoder]: 2 cls=>inps:0
[37144:ctp-raw-decoder]: 6 cls=>inps:0
[37144:ctp-raw-decoder]: e cls=>inps:0
[37144:ctp-raw-decoder]: e cls=>inps:0
[37144:ctp-raw-decoder]: e cls=>inps:0
[37144:ctp-raw-decoder]: e cls=>inps:0
[37144:ctp-raw-decoder]: e cls=>inps:0
[37144:ctp-raw-decoder]: e cls=>inps:0
[37144:ctp-raw-decoder]: e cls=>inps:0
[37144:ctp-raw-decoder]: e cls=>inps:0
[37144:ctp-raw-decoder]: e cls=>inps:0
[37144:ctp-raw-decoder]: e cls=>inps:0
[37144:ctp-raw-decoder]: a cls=>inps:0
[37144:ctp-raw-decoder]: e cls=>inps:0
[37144:ctp-raw-decoder]: e cls=>inps:0
[37144:ctp-raw-decoder]: e cls=>inps:0
[37144:ctp-raw-decoder]: e cls=>inps:0
[37144:ctp-raw-decoder]: e cls=>inps:0
[37144:ctp-raw-decoder]: e cls=>inps:0
[37144:ctp-raw-decoder]: e cls=>inps:0
[37144:ctp-raw-decoder]: e cls=>inps:0
[37144:ctp-raw-decoder]: e cls=>inps:0
[37144:ctp-raw-decoder]: e cls=>inps:0
[37144:ctp-raw-decoder]: e cls=>inps:0
[37144:ctp-raw-decoder]: e cls=>inps:0
[37144:ctp-raw-decoder]: e cls=>inps:0
[37144:ctp-raw-decoder]: e cls=>inps:0
[37144:ctp-raw-decoder]: 0 cls=>inps:0
[37144:ctp-raw-decoder]: 1 cls=>inps:0
[37144:ctp-raw-decoder]: 2 cls=>inps:0
[37144:ctp-raw-decoder]: 6 cls=>inps:0
[37144:ctp-raw-decoder]: e cls=>inps:0
[37144:ctp-raw-decoder]: e cls=>inps:0
[37144:ctp-raw-decoder]: e cls=>inps:0
[37144:ctp-raw-decoder]: e cls=>inps:0
[37144:ctp-raw-decoder]: e cls=>inps:0
[37144:ctp-raw-decoder]: e cls=>inps:0
[37144:ctp-raw-decoder]: e cls=>inps:0
[37144:ctp-raw-decoder]: e cls=>inps:0
[37144:ctp-raw-decoder]: e cls=>inps:0
[37144:ctp-raw-decoder]: e cls=>inps:0
[37144:ctp-raw-decoder]: e cls=>inps:0
[37144:ctp-raw-decoder]: e cls=>inps:0
[37144:ctp-raw-decoder]: e cls=>inps:0
[37144:ctp-raw-decoder]: e cls=>inps:0
[37144:ctp-raw-decoder]: e cls=>inps:0
[37144:ctp-raw-decoder]: e cls=>inps:0
[37144:ctp-raw-decoder]: e cls=>inps:0
[37144:ctp-raw-decoder]: e cls=>inps:0
[37144:ctp-raw-decoder]: e cls=>inps:0
[37144:ctp-raw-decoder]: e cls=>inps:0
[37144:ctp-raw-decoder]: e cls=>inps:0
[37144:ctp-raw-decoder]: e cls=>inps:0
[37144:ctp-raw-decoder]: e cls=>inps:0
[37144:ctp-raw-decoder]: e cls=>inps:0
[37144:ctp-raw-decoder]: e cls=>inps:0
[37144:ctp-raw-decoder]: e cls=>inps:0
[37144:ctp-raw-decoder]: e cls=>inps:0
[37144:ctp-raw-decoder]: e cls=>inps:0
[37144:ctp-raw-decoder]: e cls=>inps:0
[37144:ctp-raw-decoder]: e cls=>inps:0
[37144:ctp-raw-decoder]: e cls=>inps:0
[37144:ctp-raw-decoder]: e cls=>inps:0
[37144:ctp-raw-decoder]: e cls=>inps:0
[37144:ctp-raw-decoder]: e cls=>inps:0
[37144:ctp-raw-decoder]: e cls=>inps:0
[37144:ctp-raw-decoder]: e cls=>inps:0
[37144:ctp-raw-decoder]: e cls=>inps:0
[37144:ctp-raw-decoder]: e cls=>inps:0
[37144:ctp-raw-decoder]: e cls=>inps:0
[37144:ctp-raw-decoder]: e cls=>inps:0
[37144:ctp-raw-decoder]: e cls=>inps:0
[37144:ctp-raw-decoder]: e cls=>inps:0
[37144:ctp-raw-decoder]: e cls=>inps:0
[37144:ctp-raw-decoder]: e cls=>inps:0
[37144:ctp-raw-decoder]: e cls=>inps:0
[37144:ctp-raw-decoder]: e cls=>inps:0
[37144:ctp-raw-decoder]: e cls=>inps:0
[37144:ctp-raw-decoder]: e cls=>inps:0
[37144:ctp-raw-decoder]: e cls=>inps:0
[37144:ctp-raw-decoder]: e cls=>inps:0
[37144:ctp-raw-decoder]: e cls=>inps:0
[37144:ctp-raw-decoder]: e cls=>inps:0
[37144:ctp-raw-decoder]: e cls=>inps:0
[37144:ctp-raw-decoder]: e cls=>inps:0
[37144:ctp-raw-decoder]: e cls=>inps:0
[37144:ctp-raw-decoder]: e cls=>inps:0
[37144:ctp-raw-decoder]: e cls=>inps:0
[37144:ctp-raw-decoder]: e cls=>inps:0
[37144:ctp-raw-decoder]: e cls=>inps:0
[37144:ctp-raw-decoder]: e cls=>inps:0
[37144:ctp-raw-decoder]: e cls=>inps:0
[37144:ctp-raw-decoder]: e cls=>inps:0
[37144:ctp-raw-decoder]: e cls=>inps:0
[37144:ctp-raw-decoder]: e cls=>inps:0
[37144:ctp-raw-decoder]: e cls=>inps:0
[37144:ctp-raw-decoder]: e cls=>inps:0
[37144:ctp-raw-decoder]: e cls=>inps:0
[37144:ctp-raw-decoder]: e cls=>inps:0
[37144:ctp-raw-decoder]: e cls=>inps:0
[37144:ctp-raw-decoder]: e cls=>inps:0
[37144:ctp-raw-decoder]: e cls=>inps:0
[37144:ctp-raw-decoder]: e cls=>inps:0
[37144:ctp-raw-decoder]: e cls=>inps:0
[37144:ctp-raw-decoder]: e cls=>inps:0
[37144:ctp-raw-decoder]: e cls=>inps:0
[37144:ctp-raw-decoder]: e cls=>inps:0
[37144:ctp-raw-decoder]: e cls=>inps:0
[37144:ctp-raw-decoder]: e cls=>inps:0
[37144:ctp-raw-decoder]: e cls=>inps:0
[37144:ctp-raw-decoder]: e cls=>inps:0
[37144:ctp-raw-decoder]: e cls=>inps:0
[37144:ctp-raw-decoder]: e cls=>inps:0
[37144:ctp-raw-decoder]: e cls=>inps:0
[37144:ctp-raw-decoder]: e cls=>inps:0
[37144:ctp-raw-decoder]: e cls=>inps:0
[37144:ctp-raw-decoder]: e cls=>inps:0
[37144:ctp-raw-decoder]: e cls=>inps:0
[37144:ctp-raw-decoder]: e cls=>inps:0
[37144:ctp-raw-decoder]: e cls=>inps:0
[37144:ctp-raw-decoder]: e cls=>inps:0
[37144:ctp-raw-decoder]: e cls=>inps:0
[37144:ctp-raw-decoder]: e cls=>inps:0
[37144:ctp-raw-decoder]: e cls=>inps:0
[37144:ctp-raw-decoder]: e cls=>inps:0
[37144:ctp-raw-decoder]: e cls=>inps:0
[37144:ctp-raw-decoder]: e cls=>inps:0
[37144:ctp-raw-decoder]: e cls=>inps:0
[37144:ctp-raw-decoder]: e cls=>inps:0
[37144:ctp-raw-decoder]: e cls=>inps:0
[37144:ctp-raw-decoder]: e cls=>inps:0
[37144:ctp-raw-decoder]: e cls=>inps:0
[37144:ctp-raw-decoder]: e cls=>inps:0
[37144:ctp-raw-decoder]: e cls=>inps:0
[37144:ctp-raw-decoder]: e cls=>inps:0
[37144:ctp-raw-decoder]: 0 cls=>inps:0
[37144:ctp-raw-decoder]: 1 cls=>inps:0
[37144:ctp-raw-decoder]: 2 cls=>inps:0
[37144:ctp-raw-decoder]: 6 cls=>inps:0
[37144:ctp-raw-decoder]: e cls=>inps:0
[37144:ctp-raw-decoder]: e cls=>inps:0
[37144:ctp-raw-decoder]: e cls=>inps:0
[37144:ctp-raw-decoder]: e cls=>inps:0
[37144:ctp-raw-decoder]: e cls=>inps:0
[37144:ctp-raw-decoder]: 0 cls=>inps:0
[37144:ctp-raw-decoder]: 1 cls=>inps:0
[37144:ctp-raw-decoder]: 2 cls=>inps:0
[37144:ctp-raw-decoder]: 6 cls=>inps:0
[37144:ctp-raw-decoder]: e cls=>inps:0
[37144:ctp-raw-decoder]: e cls=>inps:0
[37144:ctp-raw-decoder]: e cls=>inps:0
[37144:ctp-raw-decoder]: e cls=>inps:0
[37144:ctp-raw-decoder]: e cls=>inps:0
[37144:ctp-raw-decoder]: e cls=>inps:0
[37144:ctp-raw-decoder]: e cls=>inps:0
[37144:ctp-raw-decoder]: e cls=>inps:0
[37144:ctp-raw-decoder]: e cls=>inps:0
[37144:ctp-raw-decoder]: e cls=>inps:0
[37144:ctp-raw-decoder]: e cls=>inps:0
[37144:ctp-raw-decoder]: e cls=>inps:0
[37144:ctp-raw-decoder]: e cls=>inps:0
[37144:ctp-raw-decoder]: e cls=>inps:0
[37144:ctp-raw-decoder]: e cls=>inps:0
[37144:ctp-raw-decoder]: 0 cls=>inps:0
[37144:ctp-raw-decoder]: 2 cls=>inps:0
[37144:ctp-raw-decoder]: e cls=>inps:0
[37144:ctp-raw-decoder]: e cls=>inps:0
[37144:ctp-raw-decoder]: e cls=>inps:0
[37144:ctp-raw-decoder]: e cls=>inps:0
[37144:ctp-raw-decoder]: e cls=>inps:0
[37144:ctp-raw-decoder]: e cls=>inps:0
[37144:ctp-raw-decoder]: e cls=>inps:0
[37144:ctp-raw-decoder]: e cls=>inps:0
[37144:ctp-raw-decoder]: e cls=>inps:0
[37144:ctp-raw-decoder]: e cls=>inps:0
[37144:ctp-raw-decoder]: e cls=>inps:0
[37144:ctp-raw-decoder]: e cls=>inps:0
[37144:ctp-raw-decoder]: e cls=>inps:0
[37144:ctp-raw-decoder]: e cls=>inps:0
[37144:ctp-raw-decoder]: e cls=>inps:0
[37144:ctp-raw-decoder]: e cls=>inps:0
[37144:ctp-raw-decoder]: e cls=>inps:0
[37144:ctp-raw-decoder]: e cls=>inps:0
[37144:ctp-raw-decoder]: e cls=>inps:0
[37144:ctp-raw-decoder]: e cls=>inps:0
[37144:ctp-raw-decoder]: e cls=>inps:0
[37144:ctp-raw-decoder]: e cls=>inps:0
[37144:ctp-raw-decoder]: e cls=>inps:0
[37144:ctp-raw-decoder]: a cls=>inps:0
[37144:ctp-raw-decoder]: e cls=>inps:0
[37144:ctp-raw-decoder]: e cls=>inps:0
[37144:ctp-raw-decoder]: e cls=>inps:0
[37144:ctp-raw-decoder]: e cls=>inps:0
[37144:ctp-raw-decoder]: e cls=>inps:0
[37144:ctp-raw-decoder]: e cls=>inps:0
[37144:ctp-raw-decoder]: e cls=>inps:0
[37144:ctp-raw-decoder]: e cls=>inps:0
[37144:ctp-raw-decoder]: e cls=>inps:0
[37144:ctp-raw-decoder]: e cls=>inps:0
[37144:ctp-raw-decoder]: e cls=>inps:0
[37144:ctp-raw-decoder]: e cls=>inps:0
[37144:ctp-raw-decoder]: e cls=>inps:0
[37144:ctp-raw-decoder]: e cls=>inps:0
[37144:ctp-raw-decoder]: e cls=>inps:0
[37144:ctp-raw-decoder]: e cls=>inps:0
[37144:ctp-raw-decoder]: e cls=>inps:0
[37144:ctp-raw-decoder]: e cls=>inps:0
[37144:ctp-raw-decoder]: 0 cls=>inps:0
[37144:ctp-raw-decoder]: 1 cls=>inps:0
[37144:ctp-raw-decoder]: 2 cls=>inps:0
[37144:ctp-raw-decoder]: 6 cls=>inps:0
[37144:ctp-raw-decoder]: e cls=>inps:0
[37144:ctp-raw-decoder]: a cls=>inps:0
[37144:ctp-raw-decoder]: e cls=>inps:0
[37144:ctp-raw-decoder]: e cls=>inps:0
[37144:ctp-raw-decoder]: e cls=>inps:0
[37144:ctp-raw-decoder]: e cls=>inps:0
[37144:ctp-raw-decoder]: e cls=>inps:0
[37144:ctp-raw-decoder]: e cls=>inps:0
[37144:ctp-raw-decoder]: e cls=>inps:0
[37144:ctp-raw-decoder]: e cls=>inps:0
[37144:ctp-raw-decoder]: e cls=>inps:0
[37144:ctp-raw-decoder]: e cls=>inps:0
[37144:ctp-raw-decoder]: e cls=>inps:0
[37144:ctp-raw-decoder]: e cls=>inps:0
[37144:ctp-raw-decoder]: e cls=>inps:0
[37144:ctp-raw-decoder]: e cls=>inps:0
[37144:ctp-raw-decoder]: 0 cls=>inps:0
[37144:ctp-raw-decoder]: 1 cls=>inps:0
[37144:ctp-raw-decoder]: 2 cls=>inps:0
[37144:ctp-raw-decoder]: 6 cls=>inps:0
[37144:ctp-raw-decoder]: e cls=>inps:0
[37144:ctp-raw-decoder]: e cls=>inps:0
[37144:ctp-raw-decoder]: e cls=>inps:0
[37144:ctp-raw-decoder]: e cls=>inps:0
[37144:ctp-raw-decoder]: e cls=>inps:0
[37144:ctp-raw-decoder]: e cls=>inps:0
[37144:ctp-raw-decoder]: e cls=>inps:0
[37144:ctp-raw-decoder]: e cls=>inps:0
[37144:ctp-raw-decoder]: e cls=>inps:0
[37144:ctp-raw-decoder]: e cls=>inps:0
[37144:ctp-raw-decoder]: e cls=>inps:0
[37144:ctp-raw-decoder]: e cls=>inps:0
[37144:ctp-raw-decoder]: e cls=>inps:0
[37144:ctp-raw-decoder]: e cls=>inps:0
[37144:ctp-raw-decoder]: e cls=>inps:0
[37144:ctp-raw-decoder]: e cls=>inps:0
[37144:ctp-raw-decoder]: e cls=>inps:0
[37144:ctp-raw-decoder]: e cls=>inps:0
[37144:ctp-raw-decoder]: e cls=>inps:0
[37144:ctp-raw-decoder]: e cls=>inps:0
[37144:ctp-raw-decoder]: e cls=>inps:0
[37144:ctp-raw-decoder]: e cls=>inps:0
[37144:ctp-raw-decoder]: e cls=>inps:0
[37144:ctp-raw-decoder]: e cls=>inps:0
[37144:ctp-raw-decoder]: e cls=>inps:0
[37144:ctp-raw-decoder]: e cls=>inps:0
[37144:ctp-raw-decoder]: e cls=>inps:0
[37144:ctp-raw-decoder]: e cls=>inps:0
[37144:ctp-raw-decoder]: e cls=>inps:0
[37144:ctp-raw-decoder]: e cls=>inps:0
[37144:ctp-raw-decoder]: e cls=>inps:0
[37144:ctp-raw-decoder]: e cls=>inps:0
[37144:ctp-raw-decoder]: e cls=>inps:0
[37144:ctp-raw-decoder]: e cls=>inps:0
[37144:ctp-raw-decoder]: e cls=>inps:0
[37144:ctp-raw-decoder]: e cls=>inps:0
[37144:ctp-raw-decoder]: e cls=>inps:0
[37144:ctp-raw-decoder]: e cls=>inps:0
[37144:ctp-raw-decoder]: e cls=>inps:0
[37144:ctp-raw-decoder]: e cls=>inps:0
[37144:ctp-raw-decoder]: e cls=>inps:0
[37144:ctp-raw-decoder]: e cls=>inps:0
[37144:ctp-raw-decoder]: e cls=>inps:0
[37144:ctp-raw-decoder]: e cls=>inps:0
[37144:ctp-raw-decoder]: e cls=>inps:0
[37144:ctp-raw-decoder]: e cls=>inps:0
[37144:ctp-raw-decoder]: 0 cls=>inps:0
[37144:ctp-raw-decoder]: 1 cls=>inps:0
[37144:ctp-raw-decoder]: 2 cls=>inps:0
[37144:ctp-raw-decoder]: 6 cls=>inps:0
[37144:ctp-raw-decoder]: e cls=>inps:0
[37144:ctp-raw-decoder]: e cls=>inps:0
[37144:ctp-raw-decoder]: e cls=>inps:0
[37144:ctp-raw-decoder]: e cls=>inps:0
[37144:ctp-raw-decoder]: e cls=>inps:0
[37144:ctp-raw-decoder]: e cls=>inps:0
[37144:ctp-raw-decoder]: e cls=>inps:0
[37144:ctp-raw-decoder]: e cls=>inps:0
[37144:ctp-raw-decoder]: e cls=>inps:0
[37144:ctp-raw-decoder]: e cls=>inps:0
[37144:ctp-raw-decoder]: e cls=>inps:0
[37144:ctp-raw-decoder]: e cls=>inps:0
[37144:ctp-raw-decoder]: e cls=>inps:0
[37144:ctp-raw-decoder]: e cls=>inps:0
[37144:ctp-raw-decoder]: e cls=>inps:0
[37144:ctp-raw-decoder]: e cls=>inps:0
[37144:ctp-raw-decoder]: e cls=>inps:0
[37144:ctp-raw-decoder]: e cls=>inps:0
[37144:ctp-raw-decoder]: e cls=>inps:0
[37144:ctp-raw-decoder]: e cls=>inps:0
[37144:ctp-raw-decoder]: e cls=>inps:0
[37144:ctp-raw-decoder]: e cls=>inps:0
[37144:ctp-raw-decoder]: e cls=>inps:0
[37144:ctp-raw-decoder]: e cls=>inps:0
[37144:ctp-raw-decoder]: e cls=>inps:0
[37144:ctp-raw-decoder]: e cls=>inps:0
[37144:ctp-raw-decoder]: e cls=>inps:0
[37144:ctp-raw-decoder]: e cls=>inps:0
[37144:ctp-raw-decoder]: e cls=>inps:0
[37144:ctp-raw-decoder]: e cls=>inps:0
[37144:ctp-raw-decoder]: e cls=>inps:0
[37144:ctp-raw-decoder]: e cls=>inps:0
[37144:ctp-raw-decoder]: e cls=>inps:0
[37144:ctp-raw-decoder]: e cls=>inps:0
[37144:ctp-raw-decoder]: e cls=>inps:0
[37144:ctp-raw-decoder]: e cls=>inps:0
[37144:ctp-raw-decoder]: e cls=>inps:0
[37144:ctp-raw-decoder]: e cls=>inps:0
[37144:ctp-raw-decoder]: e cls=>inps:0
[37144:ctp-raw-decoder]: e cls=>inps:0
[37144:ctp-raw-decoder]: e cls=>inps:0
[37144:ctp-raw-decoder]: e cls=>inps:0
[37144:ctp-raw-decoder]: e cls=>inps:0
[37144:ctp-raw-decoder]: 0 cls=>inps:0
[37144:ctp-raw-decoder]: 1 cls=>inps:0
[37144:ctp-raw-decoder]: 2 cls=>inps:0
[37144:ctp-raw-decoder]: 6 cls=>inps:0
[37144:ctp-raw-decoder]: e cls=>inps:0
[37144:ctp-raw-decoder]: e cls=>inps:0
[37144:ctp-raw-decoder]: e cls=>inps:0
[37144:ctp-raw-decoder]: e cls=>inps:0
[37144:ctp-raw-decoder]: e cls=>inps:0
[37144:ctp-raw-decoder]: e cls=>inps:0
[37144:ctp-raw-decoder]: e cls=>inps:0
[37144:ctp-raw-decoder]: e cls=>inps:0
[37144:ctp-raw-decoder]: e cls=>inps:0
[37144:ctp-raw-decoder]: e cls=>inps:0
[37144:ctp-raw-decoder]: e cls=>inps:0
[37144:ctp-raw-decoder]: e cls=>inps:0
[37144:ctp-raw-decoder]: e cls=>inps:0
[37144:ctp-raw-decoder]: e cls=>inps:0
[37144:ctp-raw-decoder]: e cls=>inps:0
[37144:ctp-raw-decoder]: e cls=>inps:0
[37144:ctp-raw-decoder]: e cls=>inps:0
[37144:ctp-raw-decoder]: e cls=>inps:0
[37144:ctp-raw-decoder]: e cls=>inps:0
[37144:ctp-raw-decoder]: e cls=>inps:0
[37144:ctp-raw-decoder]: e cls=>inps:0
[37144:ctp-raw-decoder]: e cls=>inps:0
[37144:ctp-raw-decoder]: e cls=>inps:0
[37144:ctp-raw-decoder]: e cls=>inps:0
[37144:ctp-raw-decoder]: e cls=>inps:0
[37144:ctp-raw-decoder]: e cls=>inps:0
[37144:ctp-raw-decoder]: e cls=>inps:0
[37144:ctp-raw-decoder]: e cls=>inps:0
[37144:ctp-raw-decoder]: e cls=>inps:0
[37144:ctp-raw-decoder]: e cls=>inps:0
[37144:ctp-raw-decoder]: e cls=>inps:0
[37144:ctp-raw-decoder]: 0 cls=>inps:0
[37144:ctp-raw-decoder]: 1 cls=>inps:0
[37144:ctp-raw-decoder]: 2 cls=>inps:0
[37144:ctp-raw-decoder]: 6 cls=>inps:0
[37144:ctp-raw-decoder]: e cls=>inps:0
[37144:ctp-raw-decoder]: e cls=>inps:0
[37144:ctp-raw-decoder]: e cls=>inps:0
[37144:ctp-raw-decoder]: e cls=>inps:0
[37144:ctp-raw-decoder]: e cls=>inps:0
[37144:ctp-raw-decoder]: a cls=>inps:0
[37144:ctp-raw-decoder]: e cls=>inps:0
[37144:ctp-raw-decoder]: e cls=>inps:0
[37144:ctp-raw-decoder]: e cls=>inps:0
[37144:ctp-raw-decoder]: e cls=>inps:0
[37144:ctp-raw-decoder]: e cls=>inps:0
[37144:ctp-raw-decoder]: e cls=>inps:0
[37144:ctp-raw-decoder]: e cls=>inps:0
[37144:ctp-raw-decoder]: e cls=>inps:0
[37144:ctp-raw-decoder]: e cls=>inps:0
[37144:ctp-raw-decoder]: e cls=>inps:0
[37144:ctp-raw-decoder]: e cls=>inps:0
[37144:ctp-raw-decoder]: e cls=>inps:0
[37144:ctp-raw-decoder]: e cls=>inps:0
[37144:ctp-raw-decoder]: e cls=>inps:0
[37144:ctp-raw-decoder]: e cls=>inps:0
[37144:ctp-raw-decoder]: e cls=>inps:0
[37144:ctp-raw-decoder]: e cls=>inps:0
[37144:ctp-raw-decoder]: a cls=>inps:0
[37144:ctp-raw-decoder]: e cls=>inps:0
[37144:ctp-raw-decoder]: e cls=>inps:0
[37144:ctp-raw-decoder]: e cls=>inps:0
[37144:ctp-raw-decoder]: e cls=>inps:0
[37144:ctp-raw-decoder]: e cls=>inps:0
[37144:ctp-raw-decoder]: 0 cls=>inps:0
[37144:ctp-raw-decoder]: 1 cls=>inps:0
[37144:ctp-raw-decoder]: 2 cls=>inps:0
[37144:ctp-raw-decoder]: 6 cls=>inps:0
[37144:ctp-raw-decoder]: e cls=>inps:0
[37144:ctp-raw-decoder]: e cls=>inps:0
[37144:ctp-raw-decoder]: e cls=>inps:0
[37144:ctp-raw-decoder]: e cls=>inps:0
[37144:ctp-raw-decoder]: e cls=>inps:0
[37144:ctp-raw-decoder]: e cls=>inps:0
[37144:ctp-raw-decoder]: e cls=>inps:0
[37144:ctp-raw-decoder]: e cls=>inps:0
[37144:ctp-raw-decoder]: e cls=>inps:0
[37144:ctp-raw-decoder]: e cls=>inps:0
[37144:ctp-raw-decoder]: e cls=>inps:0
[37144:ctp-raw-decoder]: e cls=>inps:0
[37144:ctp-raw-decoder]: e cls=>inps:0
[37144:ctp-raw-decoder]: e cls=>inps:0
[37144:ctp-raw-decoder]: e cls=>inps:0
[37144:ctp-raw-decoder]: e cls=>inps:0
[37144:ctp-raw-decoder]: e cls=>inps:0
[37144:ctp-raw-decoder]: e cls=>inps:0
[37144:ctp-raw-decoder]: e cls=>inps:0
[37144:ctp-raw-decoder]: e cls=>inps:0
[37144:ctp-raw-decoder]: e cls=>inps:0
[37144:ctp-raw-decoder]: e cls=>inps:0
[37144:ctp-raw-decoder]: e cls=>inps:0
[37144:ctp-raw-decoder]: e cls=>inps:0
[37144:ctp-raw-decoder]: e cls=>inps:0
[37144:ctp-raw-decoder]: e cls=>inps:0
[37144:ctp-raw-decoder]: e cls=>inps:0
[37144:ctp-raw-decoder]: e cls=>inps:0
[37144:ctp-raw-decoder]: e cls=>inps:0
[37144:ctp-raw-decoder]: e cls=>inps:0
[37144:ctp-raw-decoder]: e cls=>inps:0
[37144:ctp-raw-decoder]: e cls=>inps:0
[37144:ctp-raw-decoder]: e cls=>inps:0
[37144:ctp-raw-decoder]: e cls=>inps:0
[37144:ctp-raw-decoder]: e cls=>inps:0
[37144:ctp-raw-decoder]: e cls=>inps:0
[37144:ctp-raw-decoder]: e cls=>inps:0
[37144:ctp-raw-decoder]: e cls=>inps:0
[37144:ctp-raw-decoder]: e cls=>inps:0
[37144:ctp-raw-decoder]: e cls=>inps:0
[37144:ctp-raw-decoder]: e cls=>inps:0
[37144:ctp-raw-decoder]: e cls=>inps:0
[37144:ctp-raw-decoder]: e cls=>inps:0
[37144:ctp-raw-decoder]: a cls=>inps:0
[37144:ctp-raw-decoder]: e cls=>inps:0
[37144:ctp-raw-decoder]: e cls=>inps:0
[37144:ctp-raw-decoder]: e cls=>inps:0
[37144:ctp-raw-decoder]: e cls=>inps:0
[37144:ctp-raw-decoder]: e cls=>inps:0
[37144:ctp-raw-decoder]: e cls=>inps:0
[37144:ctp-raw-decoder]: e cls=>inps:0
[37144:ctp-raw-decoder]: e cls=>inps:0
[37144:ctp-raw-decoder]: e cls=>inps:0
[37144:ctp-raw-decoder]: e cls=>inps:0
[37144:ctp-raw-decoder]: e cls=>inps:0
[37144:ctp-raw-decoder]: e cls=>inps:0
[37144:ctp-raw-decoder]: e cls=>inps:0
[37144:ctp-raw-decoder]: e cls=>inps:0
[37144:ctp-raw-decoder]: e cls=>inps:0
[37144:ctp-raw-decoder]: e cls=>inps:0
[37144:ctp-raw-decoder]: e cls=>inps:0
[37144:ctp-raw-decoder]: e cls=>inps:0
[37144:ctp-raw-decoder]: e cls=>inps:0
[37144:ctp-raw-decoder]: e cls=>inps:0
[37144:ctp-raw-decoder]: e cls=>inps:0
[37144:ctp-raw-decoder]: e cls=>inps:0
[37144:ctp-raw-decoder]: e cls=>inps:0
[37144:ctp-raw-decoder]: 0 cls=>inps:0
[37144:ctp-raw-decoder]: 1 cls=>inps:0
[37144:ctp-raw-decoder]: 2 cls=>inps:0
[37144:ctp-raw-decoder]: 6 cls=>inps:0
[37144:ctp-raw-decoder]: e cls=>inps:0
[37144:ctp-raw-decoder]: e cls=>inps:0
[37144:ctp-raw-decoder]: e cls=>inps:0
[37144:ctp-raw-decoder]: e cls=>inps:0
[37144:ctp-raw-decoder]: e cls=>inps:0
[37144:ctp-raw-decoder]: e cls=>inps:0
[37144:ctp-raw-decoder]: e cls=>inps:0
[37144:ctp-raw-decoder]: e cls=>inps:0
[37144:ctp-raw-decoder]: e cls=>inps:0
[37144:ctp-raw-decoder]: e cls=>inps:0
[37144:ctp-raw-decoder]: e cls=>inps:0
[37144:ctp-raw-decoder]: e cls=>inps:0
[37144:ctp-raw-decoder]: e cls=>inps:0
[37144:ctp-raw-decoder]: e cls=>inps:0
[37144:ctp-raw-decoder]: e cls=>inps:0
[37144:ctp-raw-decoder]: e cls=>inps:0
[37144:ctp-raw-decoder]: e cls=>inps:0
[37144:ctp-raw-decoder]: e cls=>inps:0
[37144:ctp-raw-decoder]: e cls=>inps:0
[37144:ctp-raw-decoder]: e cls=>inps:0
[37144:ctp-raw-decoder]: e cls=>inps:0
[37144:ctp-raw-decoder]: e cls=>inps:0
[37144:ctp-raw-decoder]: e cls=>inps:0
[37144:ctp-raw-decoder]: e cls=>inps:0
[37144:ctp-raw-decoder]: e cls=>inps:0
[37144:ctp-raw-decoder]: e cls=>inps:0
[37144:ctp-raw-decoder]: e cls=>inps:0
[37144:ctp-raw-decoder]: e cls=>inps:0
[37144:ctp-raw-decoder]: e cls=>inps:0
[37144:ctp-raw-decoder]: e cls=>inps:0
[37144:ctp-raw-decoder]: e cls=>inps:0
[37144:ctp-raw-decoder]: e cls=>inps:0
[37144:ctp-raw-decoder]: e cls=>inps:0
[37144:ctp-raw-decoder]: e cls=>inps:0
[37144:ctp-raw-decoder]: e cls=>inps:0
[37144:ctp-raw-decoder]: e cls=>inps:0
[37144:ctp-raw-decoder]: e cls=>inps:0
[37144:ctp-raw-decoder]: e cls=>inps:0
[37144:ctp-raw-decoder]: e cls=>inps:0
[37144:ctp-raw-decoder]: e cls=>inps:0
[37144:ctp-raw-decoder]: e cls=>inps:0
[37144:ctp-raw-decoder]: e cls=>inps:0
[37144:ctp-raw-decoder]: e cls=>inps:0
[37144:ctp-raw-decoder]: e cls=>inps:0
[37144:ctp-raw-decoder]: e cls=>inps:0
[37144:ctp-raw-decoder]: e cls=>inps:0
[37144:ctp-raw-decoder]: e cls=>inps:0
[37144:ctp-raw-decoder]: e cls=>inps:0
[37144:ctp-raw-decoder]: e cls=>inps:0
[37144:ctp-raw-decoder]: a cls=>inps:0
[37144:ctp-raw-decoder]: e cls=>inps:0
[37144:ctp-raw-decoder]: e cls=>inps:0
[37144:ctp-raw-decoder]: e cls=>inps:0
[37144:ctp-raw-decoder]: e cls=>inps:0
[37144:ctp-raw-decoder]: e cls=>inps:0
[37144:ctp-raw-decoder]: e cls=>inps:0
[37144:ctp-raw-decoder]: e cls=>inps:0
[37144:ctp-raw-decoder]: e cls=>inps:0
[37144:ctp-raw-decoder]: e cls=>inps:0
[37144:ctp-raw-decoder]: e cls=>inps:0
[37144:ctp-raw-decoder]: e cls=>inps:0
[37144:ctp-raw-decoder]: e cls=>inps:0
[37144:ctp-raw-decoder]: e cls=>inps:0
[37144:ctp-raw-decoder]: e cls=>inps:0
[37144:ctp-raw-decoder]: e cls=>inps:0
[37144:ctp-raw-decoder]: e cls=>inps:0
[37144:ctp-raw-decoder]: e cls=>inps:0
[37144:ctp-raw-decoder]: e cls=>inps:0
[37144:ctp-raw-decoder]: e cls=>inps:0
[37144:ctp-raw-decoder]: e cls=>inps:0
[37144:ctp-raw-decoder]: e cls=>inps:0
[37144:ctp-raw-decoder]: e cls=>inps:0
[37144:ctp-raw-decoder]: e cls=>inps:0
[37144:ctp-raw-decoder]: e cls=>inps:0
[37144:ctp-raw-decoder]: e cls=>inps:0
[37144:ctp-raw-decoder]: e cls=>inps:0
[37144:ctp-raw-decoder]: e cls=>inps:0
[37144:ctp-raw-decoder]: e cls=>inps:0
[37144:ctp-raw-decoder]: e cls=>inps:0
[37144:ctp-raw-decoder]: e cls=>inps:0
[37144:ctp-raw-decoder]: e cls=>inps:0
[37144:ctp-raw-decoder]: e cls=>inps:0
[37144:ctp-raw-decoder]: e cls=>inps:0
[37144:ctp-raw-decoder]: e cls=>inps:0
[37144:ctp-raw-decoder]: e cls=>inps:0
[37144:ctp-raw-decoder]: e cls=>inps:0
[37144:ctp-raw-decoder]: e cls=>inps:0
[37144:ctp-raw-decoder]: e cls=>inps:0
[37144:ctp-raw-decoder]: e cls=>inps:0
[37144:ctp-raw-decoder]: e cls=>inps:0
[37144:ctp-raw-decoder]: e cls=>inps:0
[37144:ctp-raw-decoder]: e cls=>inps:0
[37144:ctp-raw-decoder]: e cls=>inps:0
[37144:ctp-raw-decoder]: e cls=>inps:0
[37144:ctp-raw-decoder]: e cls=>inps:0
[37144:ctp-raw-decoder]: e cls=>inps:0
[37144:ctp-raw-decoder]: e cls=>inps:0
[37144:ctp-raw-decoder]: e cls=>inps:0
[37144:ctp-raw-decoder]: e cls=>inps:0
[37144:ctp-raw-decoder]: e cls=>inps:0
[37144:ctp-raw-decoder]: e cls=>inps:0
[37144:ctp-raw-decoder]: e cls=>inps:0
[37144:ctp-raw-decoder]: e cls=>inps:0
[37144:ctp-raw-decoder]: e cls=>inps:0
[37144:ctp-raw-decoder]: e cls=>inps:0
[37144:ctp-raw-decoder]: e cls=>inps:0
[37144:ctp-raw-decoder]: 0 cls=>inps:0
[37144:ctp-raw-decoder]: 1 cls=>inps:0
[37144:ctp-raw-decoder]: 2 cls=>inps:0
[37144:ctp-raw-decoder]: 6 cls=>inps:0
[37144:ctp-raw-decoder]: e cls=>inps:0
[37144:ctp-raw-decoder]: e cls=>inps:0
[37144:ctp-raw-decoder]: e cls=>inps:0
[37144:ctp-raw-decoder]: e cls=>inps:0
[37144:ctp-raw-decoder]: e cls=>inps:0
[37144:ctp-raw-decoder]: e cls=>inps:0
[37144:ctp-raw-decoder]: e cls=>inps:0
[37144:ctp-raw-decoder]: e cls=>inps:0
[37144:ctp-raw-decoder]: e cls=>inps:0
[37144:ctp-raw-decoder]: e cls=>inps:0
[37144:ctp-raw-decoder]: e cls=>inps:0
[37144:ctp-raw-decoder]: e cls=>inps:0
[37144:ctp-raw-decoder]: e cls=>inps:0
[37144:ctp-raw-decoder]: e cls=>inps:0
[37144:ctp-raw-decoder]: e cls=>inps:0
[37144:ctp-raw-decoder]: e cls=>inps:0
[37144:ctp-raw-decoder]: e cls=>inps:0
[37144:ctp-raw-decoder]: e cls=>inps:0
[37144:ctp-raw-decoder]: e cls=>inps:0
[37144:ctp-raw-decoder]: e cls=>inps:0
[37144:ctp-raw-decoder]: e cls=>inps:0
[37144:ctp-raw-decoder]: e cls=>inps:0
[37144:ctp-raw-decoder]: e cls=>inps:0
[37144:ctp-raw-decoder]: e cls=>inps:0
[37144:ctp-raw-decoder]: e cls=>inps:0
[37144:ctp-raw-decoder]: e cls=>inps:0
[37144:ctp-raw-decoder]: e cls=>inps:0
[37144:ctp-raw-decoder]: e cls=>inps:0
[37144:ctp-raw-decoder]: e cls=>inps:0
[37144:ctp-raw-decoder]: e cls=>inps:0
[37144:ctp-raw-decoder]: e cls=>inps:0
[37144:ctp-raw-decoder]: e cls=>inps:0
[37144:ctp-raw-decoder]: e cls=>inps:0
[37144:ctp-raw-decoder]: e cls=>inps:0
[37144:ctp-raw-decoder]: e cls=>inps:0
[37144:ctp-raw-decoder]: e cls=>inps:0
[37144:ctp-raw-decoder]: e cls=>inps:0
[37144:ctp-raw-decoder]: e cls=>inps:0
[37144:ctp-raw-decoder]: e cls=>inps:0
[37144:ctp-raw-decoder]: e cls=>inps:0
[37144:ctp-raw-decoder]: e cls=>inps:0
[37144:ctp-raw-decoder]: e cls=>inps:0
[37144:ctp-raw-decoder]: e cls=>inps:0
[37144:ctp-raw-decoder]: e cls=>inps:0
[37144:ctp-raw-decoder]: e cls=>inps:0
[37144:ctp-raw-decoder]: e cls=>inps:0
[37144:ctp-raw-decoder]: e cls=>inps:0
[37144:ctp-raw-decoder]: e cls=>inps:0
[37144:ctp-raw-decoder]: e cls=>inps:0
[37144:ctp-raw-decoder]: e cls=>inps:0
[37144:ctp-raw-decoder]: e cls=>inps:0
[37144:ctp-raw-decoder]: e cls=>inps:0
[37144:ctp-raw-decoder]: e cls=>inps:0
[37144:ctp-raw-decoder]: e cls=>inps:0
[37144:ctp-raw-decoder]: e cls=>inps:0
[37144:ctp-raw-decoder]: 0 cls=>inps:0
[37144:ctp-raw-decoder]: 1 cls=>inps:0
[37144:ctp-raw-decoder]: 2 cls=>inps:0
[37144:ctp-raw-decoder]: 6 cls=>inps:0
[37144:ctp-raw-decoder]: e cls=>inps:0
[37144:ctp-raw-decoder]: e cls=>inps:0
[37144:ctp-raw-decoder]: 0 cls=>inps:0
[37144:ctp-raw-decoder]: 1 cls=>inps:0
[37144:ctp-raw-decoder]: 2 cls=>inps:0
[37144:ctp-raw-decoder]: 6 cls=>inps:0
[37144:ctp-raw-decoder]: e cls=>inps:0
[37144:ctp-raw-decoder]: e cls=>inps:0
[37144:ctp-raw-decoder]: e cls=>inps:0
[37144:ctp-raw-decoder]: e cls=>inps:0
[37144:ctp-raw-decoder]: e cls=>inps:0
[37144:ctp-raw-decoder]: e cls=>inps:0
[37144:ctp-raw-decoder]: e cls=>inps:0
[37144:ctp-raw-decoder]: e cls=>inps:0
[37144:ctp-raw-decoder]: e cls=>inps:0
[37144:ctp-raw-decoder]: e cls=>inps:0
[37144:ctp-raw-decoder]: e cls=>inps:0
[37144:ctp-raw-decoder]: e cls=>inps:0
[37144:ctp-raw-decoder]: e cls=>inps:0
[37144:ctp-raw-decoder]: e cls=>inps:0
[37144:ctp-raw-decoder]: e cls=>inps:0
[37144:ctp-raw-decoder]: e cls=>inps:0
[37144:ctp-raw-decoder]: e cls=>inps:0
[37144:ctp-raw-decoder]: e cls=>inps:0
[37144:ctp-raw-decoder]: e cls=>inps:0
[37144:ctp-raw-decoder]: e cls=>inps:0
[37144:ctp-raw-decoder]: e cls=>inps:0
[37144:ctp-raw-decoder]: e cls=>inps:0
[37144:ctp-raw-decoder]: e cls=>inps:0
[37144:ctp-raw-decoder]: e cls=>inps:0
[37144:ctp-raw-decoder]: e cls=>inps:0
[37144:ctp-raw-decoder]: e cls=>inps:0
[37144:ctp-raw-decoder]: e cls=>inps:0
[37144:ctp-raw-decoder]: a cls=>inps:0
[37144:ctp-raw-decoder]: e cls=>inps:0
[37144:ctp-raw-decoder]: e cls=>inps:0
[37144:ctp-raw-decoder]: e cls=>inps:0
[37144:ctp-raw-decoder]: e cls=>inps:0
[37144:ctp-raw-decoder]: e cls=>inps:0
[37144:ctp-raw-decoder]: e cls=>inps:0
[37144:ctp-raw-decoder]: e cls=>inps:0
[37144:ctp-raw-decoder]: e cls=>inps:0
[37144:ctp-raw-decoder]: e cls=>inps:0
[37144:ctp-raw-decoder]: e cls=>inps:0
[37144:ctp-raw-decoder]: a cls=>inps:0
[37144:ctp-raw-decoder]: e cls=>inps:0
[37144:ctp-raw-decoder]: e cls=>inps:0
[37144:ctp-raw-decoder]: e cls=>inps:0
[37144:ctp-raw-decoder]: e cls=>inps:0
[37144:ctp-raw-decoder]: e cls=>inps:0
[37144:ctp-raw-decoder]: e cls=>inps:0
[37144:ctp-raw-decoder]: e cls=>inps:0
[37144:ctp-raw-decoder]: e cls=>inps:0
[37144:ctp-raw-decoder]: e cls=>inps:0
[37144:ctp-raw-decoder]: e cls=>inps:0
[37144:ctp-raw-decoder]: e cls=>inps:0
[37144:ctp-raw-decoder]: e cls=>inps:0
[37144:ctp-raw-decoder]: a cls=>inps:0
[37144:ctp-raw-decoder]: e cls=>inps:0
[37144:ctp-raw-decoder]: e cls=>inps:0
[37144:ctp-raw-decoder]: e cls=>inps:0
[37144:ctp-raw-decoder]: e cls=>inps:0
[37144:ctp-raw-decoder]: e cls=>inps:0
[37144:ctp-raw-decoder]: e cls=>inps:0
[37144:ctp-raw-decoder]: e cls=>inps:0
[37144:ctp-raw-decoder]: e cls=>inps:0
[37144:ctp-raw-decoder]: e cls=>inps:0
[37144:ctp-raw-decoder]: e cls=>inps:0
[37144:ctp-raw-decoder]: e cls=>inps:0
[37144:ctp-raw-decoder]: e cls=>inps:0
[37144:ctp-raw-decoder]: e cls=>inps:0
[37144:ctp-raw-decoder]: e cls=>inps:0
[37144:ctp-raw-decoder]: e cls=>inps:0
[37144:ctp-raw-decoder]: e cls=>inps:0
[37144:ctp-raw-decoder]: e cls=>inps:0
[37144:ctp-raw-decoder]: e cls=>inps:0
[37144:ctp-raw-decoder]: e cls=>inps:0
[37144:ctp-raw-decoder]: e cls=>inps:0
[37144:ctp-raw-decoder]: e cls=>inps:0
[37144:ctp-raw-decoder]: e cls=>inps:0
[37144:ctp-raw-decoder]: e cls=>inps:0
[37144:ctp-raw-decoder]: e cls=>inps:0
[37144:ctp-raw-decoder]: e cls=>inps:0
[37144:ctp-raw-decoder]: e cls=>inps:0
[37144:ctp-raw-decoder]: e cls=>inps:0
[37144:ctp-raw-decoder]: e cls=>inps:0
[37144:ctp-raw-decoder]: e cls=>inps:0
[37144:ctp-raw-decoder]: e cls=>inps:0
[37144:ctp-raw-decoder]: e cls=>inps:0
[37144:ctp-raw-decoder]: e cls=>inps:0
[37144:ctp-raw-decoder]: e cls=>inps:0
[37144:ctp-raw-decoder]: e cls=>inps:0
[37144:ctp-raw-decoder]: e cls=>inps:0
[37144:ctp-raw-decoder]: e cls=>inps:0
[37144:ctp-raw-decoder]: e cls=>inps:0
[37144:ctp-raw-decoder]: e cls=>inps:0
[37144:ctp-raw-decoder]: e cls=>inps:0
[37144:ctp-raw-decoder]: e cls=>inps:0
[37144:ctp-raw-decoder]: 0 cls=>inps:0
[37144:ctp-raw-decoder]: 1 cls=>inps:0
[37144:ctp-raw-decoder]: 2 cls=>inps:0
[37144:ctp-raw-decoder]: 6 cls=>inps:0
[37144:ctp-raw-decoder]: e cls=>inps:0
[37144:ctp-raw-decoder]: e cls=>inps:0
[37144:ctp-raw-decoder]: e cls=>inps:0
[37144:ctp-raw-decoder]: e cls=>inps:0
[37144:ctp-raw-decoder]: e cls=>inps:0
[37144:ctp-raw-decoder]: e cls=>inps:0
[37144:ctp-raw-decoder]: e cls=>inps:0
[37144:ctp-raw-decoder]: e cls=>inps:0
[37144:ctp-raw-decoder]: e cls=>inps:0
[37144:ctp-raw-decoder]: e cls=>inps:0
[37144:ctp-raw-decoder]: e cls=>inps:0
[37144:ctp-raw-decoder]: e cls=>inps:0
[37144:ctp-raw-decoder]: 0 cls=>inps:0
[37144:ctp-raw-decoder]: 1 cls=>inps:0
[37144:ctp-raw-decoder]: 2 cls=>inps:0
[37144:ctp-raw-decoder]: 6 cls=>inps:0
[37144:ctp-raw-decoder]: e cls=>inps:0
[37144:ctp-raw-decoder]: e cls=>inps:0
[37144:ctp-raw-decoder]: e cls=>inps:0
[37144:ctp-raw-decoder]: e cls=>inps:0
[37144:ctp-raw-decoder]: e cls=>inps:0
[37144:ctp-raw-decoder]: e cls=>inps:0
[37144:ctp-raw-decoder]: e cls=>inps:0
[37144:ctp-raw-decoder]: e cls=>inps:0
[37144:ctp-raw-decoder]: e cls=>inps:0
[37144:ctp-raw-decoder]: e cls=>inps:0
[37144:ctp-raw-decoder]: e cls=>inps:0
[37144:ctp-raw-decoder]: e cls=>inps:0
[37144:ctp-raw-decoder]: e cls=>inps:0
[37144:ctp-raw-decoder]: e cls=>inps:0
[37144:ctp-raw-decoder]: e cls=>inps:0
[37144:ctp-raw-decoder]: e cls=>inps:0
[37144:ctp-raw-decoder]: e cls=>inps:0
[37144:ctp-raw-decoder]: e cls=>inps:0
[37144:ctp-raw-decoder]: e cls=>inps:0
[37144:ctp-raw-decoder]: e cls=>inps:0
[37144:ctp-raw-decoder]: e cls=>inps:0
[37144:ctp-raw-decoder]: e cls=>inps:0
[37144:ctp-raw-decoder]: e cls=>inps:0
[37144:ctp-raw-decoder]: e cls=>inps:0
[37144:ctp-raw-decoder]: e cls=>inps:0
[37144:ctp-raw-decoder]: e cls=>inps:0
[37144:ctp-raw-decoder]: e cls=>inps:0
[37144:ctp-raw-decoder]: e cls=>inps:0
[37144:ctp-raw-decoder]: e cls=>inps:0
[37144:ctp-raw-decoder]: e cls=>inps:0
[37144:ctp-raw-decoder]: e cls=>inps:0
[37144:ctp-raw-decoder]: e cls=>inps:0
[37144:ctp-raw-decoder]: a cls=>inps:0
[37144:ctp-raw-decoder]: e cls=>inps:0
[37144:ctp-raw-decoder]: e cls=>inps:0
[37144:ctp-raw-decoder]: e cls=>inps:0
[37144:ctp-raw-decoder]: e cls=>inps:0
[37144:ctp-raw-decoder]: e cls=>inps:0
[37144:ctp-raw-decoder]: 0 cls=>inps:0
[37144:ctp-raw-decoder]: 1 cls=>inps:0
[37144:ctp-raw-decoder]: 2 cls=>inps:0
[37144:ctp-raw-decoder]: 6 cls=>inps:0
[37144:ctp-raw-decoder]: e cls=>inps:0
[37144:ctp-raw-decoder]: e cls=>inps:0
[37144:ctp-raw-decoder]: e cls=>inps:0
[37144:ctp-raw-decoder]: e cls=>inps:0
[37144:ctp-raw-decoder]: e cls=>inps:0
[37144:ctp-raw-decoder]: e cls=>inps:0
[37144:ctp-raw-decoder]: e cls=>inps:0
[37144:ctp-raw-decoder]: e cls=>inps:0
[37144:ctp-raw-decoder]: e cls=>inps:0
[37144:ctp-raw-decoder]: 0 cls=>inps:0
[37144:ctp-raw-decoder]: 1 cls=>inps:0
[37144:ctp-raw-decoder]: 2 cls=>inps:0
[37144:ctp-raw-decoder]: 6 cls=>inps:0
[37144:ctp-raw-decoder]: e cls=>inps:0
[37144:ctp-raw-decoder]: e cls=>inps:0
[37144:ctp-raw-decoder]: e cls=>inps:0
[37144:ctp-raw-decoder]: e cls=>inps:0
[37144:ctp-raw-decoder]: e cls=>inps:0
[37144:ctp-raw-decoder]: e cls=>inps:0
[37144:ctp-raw-decoder]: e cls=>inps:0
[37144:ctp-raw-decoder]: e cls=>inps:0
[37144:ctp-raw-decoder]: e cls=>inps:0
[37144:ctp-raw-decoder]: e cls=>inps:0
[37144:ctp-raw-decoder]: e cls=>inps:0
[37144:ctp-raw-decoder]: 0 cls=>inps:0
[37144:ctp-raw-decoder]: 1 cls=>inps:0
[37144:ctp-raw-decoder]: 2 cls=>inps:0
[37144:ctp-raw-decoder]: 6 cls=>inps:0
[37144:ctp-raw-decoder]: e cls=>inps:0
[37144:ctp-raw-decoder]: e cls=>inps:0
[37144:ctp-raw-decoder]: 0 cls=>inps:0
[37144:ctp-raw-decoder]: 1 cls=>inps:0
[37144:ctp-raw-decoder]: 2 cls=>inps:0
[37144:ctp-raw-decoder]: 6 cls=>inps:0
[37144:ctp-raw-decoder]: e cls=>inps:0
[37144:ctp-raw-decoder]: e cls=>inps:0
[37144:ctp-raw-decoder]: e cls=>inps:0
[37144:ctp-raw-decoder]: e cls=>inps:0
[37144:ctp-raw-decoder]: e cls=>inps:0
[37144:ctp-raw-decoder]: e cls=>inps:0
[37144:ctp-raw-decoder]: e cls=>inps:0
[37144:ctp-raw-decoder]: e cls=>inps:0
[37144:ctp-raw-decoder]: e cls=>inps:0
[37144:ctp-raw-decoder]: e cls=>inps:0
[37144:ctp-raw-decoder]: e cls=>inps:0
[37144:ctp-raw-decoder]: e cls=>inps:0
[37144:ctp-raw-decoder]: e cls=>inps:0
[37144:ctp-raw-decoder]: e cls=>inps:0
[37144:ctp-raw-decoder]: e cls=>inps:0
[37144:ctp-raw-decoder]: e cls=>inps:0
[37144:ctp-raw-decoder]: e cls=>inps:0
[37144:ctp-raw-decoder]: e cls=>inps:0
[37144:ctp-raw-decoder]: 0 cls=>inps:0
[37144:ctp-raw-decoder]: 1 cls=>inps:0
[37144:ctp-raw-decoder]: 2 cls=>inps:0
[37144:ctp-raw-decoder]: 6 cls=>inps:0
[37144:ctp-raw-decoder]: e cls=>inps:0
[37144:ctp-raw-decoder]: e cls=>inps:0
[37144:ctp-raw-decoder]: e cls=>inps:0
[37144:ctp-raw-decoder]: e cls=>inps:0
[37144:ctp-raw-decoder]: e cls=>inps:0
[37144:ctp-raw-decoder]: e cls=>inps:0
[37144:ctp-raw-decoder]: a cls=>inps:0
[37144:ctp-raw-decoder]: e cls=>inps:0
[37144:ctp-raw-decoder]: e cls=>inps:0
[37144:ctp-raw-decoder]: e cls=>inps:0
[37144:ctp-raw-decoder]: e cls=>inps:0
[37144:ctp-raw-decoder]: e cls=>inps:0
[37144:ctp-raw-decoder]: e cls=>inps:0
[37144:ctp-raw-decoder]: e cls=>inps:0
[37144:ctp-raw-decoder]: e cls=>inps:0
[37144:ctp-raw-decoder]: e cls=>inps:0
[37144:ctp-raw-decoder]: e cls=>inps:0
[37144:ctp-raw-decoder]: e cls=>inps:0
[37144:ctp-raw-decoder]: e cls=>inps:0
[37144:ctp-raw-decoder]: e cls=>inps:0
[37144:ctp-raw-decoder]: e cls=>inps:0
[37144:ctp-raw-decoder]: e cls=>inps:0
[37144:ctp-raw-decoder]: e cls=>inps:0
[37144:ctp-raw-decoder]: e cls=>inps:0
[37144:ctp-raw-decoder]: e cls=>inps:0
[37144:ctp-raw-decoder]: e cls=>inps:0
[37144:ctp-raw-decoder]: e cls=>inps:0
[37144:ctp-raw-decoder]: e cls=>inps:0
[37144:ctp-raw-decoder]: e cls=>inps:0
[37144:ctp-raw-decoder]: e cls=>inps:0
[37144:ctp-raw-decoder]: e cls=>inps:0
[37144:ctp-raw-decoder]: e cls=>inps:0
[37144:ctp-raw-decoder]: e cls=>inps:0
[37144:ctp-raw-decoder]: e cls=>inps:0
[37144:ctp-raw-decoder]: e cls=>inps:0
[37144:ctp-raw-decoder]: e cls=>inps:0
[37144:ctp-raw-decoder]: e cls=>inps:0
[37144:ctp-raw-decoder]: e cls=>inps:0
[37144:ctp-raw-decoder]: e cls=>inps:0
[37144:ctp-raw-decoder]: e cls=>inps:0
[37144:ctp-raw-decoder]: e cls=>inps:0
[37144:ctp-raw-decoder]: e cls=>inps:0
[37144:ctp-raw-decoder]: e cls=>inps:0
[37144:ctp-raw-decoder]: e cls=>inps:0
[37144:ctp-raw-decoder]: e cls=>inps:0
[37144:ctp-raw-decoder]: e cls=>inps:0
[37144:ctp-raw-decoder]: e cls=>inps:0
[37144:ctp-raw-decoder]: e cls=>inps:0
[37144:ctp-raw-decoder]: a cls=>inps:0
[37144:ctp-raw-decoder]: e cls=>inps:0
[37144:ctp-raw-decoder]: e cls=>inps:0
[37144:ctp-raw-decoder]: e cls=>inps:0
[37144:ctp-raw-decoder]: e cls=>inps:0
[37144:ctp-raw-decoder]: e cls=>inps:0
[37144:ctp-raw-decoder]: e cls=>inps:0
[37144:ctp-raw-decoder]: e cls=>inps:0
[37144:ctp-raw-decoder]: 0 cls=>inps:0
[37144:ctp-raw-decoder]: 1 cls=>inps:0
[37144:ctp-raw-decoder]: 2 cls=>inps:0
[37144:ctp-raw-decoder]: 6 cls=>inps:0
[37144:ctp-raw-decoder]: e cls=>inps:0
[37144:ctp-raw-decoder]: e cls=>inps:0
[37144:ctp-raw-decoder]: e cls=>inps:0
[37144:ctp-raw-decoder]: e cls=>inps:0
[37144:ctp-raw-decoder]: e cls=>inps:0
[37144:ctp-raw-decoder]: e cls=>inps:0
[37144:ctp-raw-decoder]: e cls=>inps:0
[37144:ctp-raw-decoder]: e cls=>inps:0
[37144:ctp-raw-decoder]: e cls=>inps:0
[37144:ctp-raw-decoder]: e cls=>inps:0
[37144:ctp-raw-decoder]: e cls=>inps:0
[37144:ctp-raw-decoder]: e cls=>inps:0
[37144:ctp-raw-decoder]: e cls=>inps:0
[37144:ctp-raw-decoder]: e cls=>inps:0
[37144:ctp-raw-decoder]: e cls=>inps:0
[37144:ctp-raw-decoder]: e cls=>inps:0
[37144:ctp-raw-decoder]: e cls=>inps:0
[37144:ctp-raw-decoder]: e cls=>inps:0
[37144:ctp-raw-decoder]: e cls=>inps:0
[37144:ctp-raw-decoder]: e cls=>inps:0
[37144:ctp-raw-decoder]: e cls=>inps:0
[37144:ctp-raw-decoder]: e cls=>inps:0
[37144:ctp-raw-decoder]: e cls=>inps:0
[37144:ctp-raw-decoder]: e cls=>inps:0
[37144:ctp-raw-decoder]: e cls=>inps:0
[37144:ctp-raw-decoder]: e cls=>inps:0
[37144:ctp-raw-decoder]: 0 cls=>inps:0
[37144:ctp-raw-decoder]: 1 cls=>inps:0
[37144:ctp-raw-decoder]: 2 cls=>inps:0
[37144:ctp-raw-decoder]: 6 cls=>inps:0
[37144:ctp-raw-decoder]: e cls=>inps:0
[37144:ctp-raw-decoder]: e cls=>inps:0
[37144:ctp-raw-decoder]: e cls=>inps:0
[37144:ctp-raw-decoder]: e cls=>inps:0
[37144:ctp-raw-decoder]: e cls=>inps:0
[37144:ctp-raw-decoder]: e cls=>inps:0
[37144:ctp-raw-decoder]: e cls=>inps:0
[37144:ctp-raw-decoder]: e cls=>inps:0
[37144:ctp-raw-decoder]: e cls=>inps:0
[37144:ctp-raw-decoder]: e cls=>inps:0
[37144:ctp-raw-decoder]: e cls=>inps:0
[37144:ctp-raw-decoder]: e cls=>inps:0
[37144:ctp-raw-decoder]: e cls=>inps:0
[37144:ctp-raw-decoder]: e cls=>inps:0
[37144:ctp-raw-decoder]: e cls=>inps:0
[37144:ctp-raw-decoder]: e cls=>inps:0
[37144:ctp-raw-decoder]: e cls=>inps:0
[37144:ctp-raw-decoder]: e cls=>inps:0
[37144:ctp-raw-decoder]: e cls=>inps:0
[37144:ctp-raw-decoder]: e cls=>inps:0
[37144:ctp-raw-decoder]: e cls=>inps:0
[37144:ctp-raw-decoder]: e cls=>inps:0
[37144:ctp-raw-decoder]: e cls=>inps:0
[37144:ctp-raw-decoder]: e cls=>inps:0
[37144:ctp-raw-decoder]: e cls=>inps:0
[37144:ctp-raw-decoder]: e cls=>inps:0
[37144:ctp-raw-decoder]: e cls=>inps:0
[37144:ctp-raw-decoder]: e cls=>inps:0
[37144:ctp-raw-decoder]: e cls=>inps:0
[37144:ctp-raw-decoder]: e cls=>inps:0
[37144:ctp-raw-decoder]: e cls=>inps:0
[37144:ctp-raw-decoder]: e cls=>inps:0
[37144:ctp-raw-decoder]: e cls=>inps:0
[37144:ctp-raw-decoder]: e cls=>inps:0
[37144:ctp-raw-decoder]: e cls=>inps:0
[37144:ctp-raw-decoder]: e cls=>inps:0
[37144:ctp-raw-decoder]: e cls=>inps:0
[37144:ctp-raw-decoder]: e cls=>inps:0
[37144:ctp-raw-decoder]: e cls=>inps:0
[37144:ctp-raw-decoder]: e cls=>inps:0
[37144:ctp-raw-decoder]: [18:22:26][INFO] [CTPRawToDigitConverter - run] Writing 6930 digits. IR rejected:0 TCR rejected:21
[37145:ctp-digit-writer]: [18:22:26][INFO] CTPDigitWriter pulled 6930 digits
[37144:ctp-raw-decoder]: tforbit==================>93c08c0 93c08c0
[37144:ctp-raw-decoder]: tforbit==================>93c08c0 93c08c0
[37144:ctp-raw-decoder]: [18:22:26][INFO] LOST:BCid:   62 Orbit: 154929344 shift:296
[37144:ctp-raw-decoder]: [18:22:26][INFO] LOST:BCid:   94 Orbit: 154929344 shift:296
[37144:ctp-raw-decoder]: [18:22:26][INFO] LOST:BCid:  223 Orbit: 154929344 shift:296
[37144:ctp-raw-decoder]: [18:22:26][INFO] Checking readout
[37144:ctp-raw-decoder]: e cls=>inps:0
[37144:ctp-raw-decoder]: e cls=>inps:0
[37144:ctp-raw-decoder]: e cls=>inps:0
[37144:ctp-raw-decoder]: e cls=>inps:0
[37144:ctp-raw-decoder]: e cls=>inps:0
[37144:ctp-raw-decoder]: e cls=>inps:0
[37144:ctp-raw-decoder]: a cls=>inps:0
[37144:ctp-raw-decoder]: e cls=>inps:0
[37144:ctp-raw-decoder]: e cls=>inps:0
[37144:ctp-raw-decoder]: e cls=>inps:0
[37144:ctp-raw-decoder]: e cls=>inps:0
[37144:ctp-raw-decoder]: e cls=>inps:0
[37144:ctp-raw-decoder]: e cls=>inps:0
[37144:ctp-raw-decoder]: 0 cls=>inps:0
[37144:ctp-raw-decoder]: 1 cls=>inps:0
[37144:ctp-raw-decoder]: 2 cls=>inps:0
[37144:ctp-raw-decoder]: 6 cls=>inps:0
[37144:ctp-raw-decoder]: e cls=>inps:0
[37144:ctp-raw-decoder]: e cls=>inps:0
[37144:ctp-raw-decoder]: e cls=>inps:0
[37144:ctp-raw-decoder]: e cls=>inps:0
[37144:ctp-raw-decoder]: e cls=>inps:0
[37144:ctp-raw-decoder]: e cls=>inps:0
[37144:ctp-raw-decoder]: e cls=>inps:0
[37144:ctp-raw-decoder]: e cls=>inps:0
[37144:ctp-raw-decoder]: e cls=>inps:0
[37144:ctp-raw-decoder]: e cls=>inps:0
[37144:ctp-raw-decoder]: e cls=>inps:0
[37144:ctp-raw-decoder]: e cls=>inps:0
[37144:ctp-raw-decoder]: e cls=>inps:0
[37144:ctp-raw-decoder]: e cls=>inps:0
[37144:ctp-raw-decoder]: e cls=>inps:0
[37144:ctp-raw-decoder]: e cls=>inps:0
[37144:ctp-raw-decoder]: e cls=>inps:0
[37144:ctp-raw-decoder]: e cls=>inps:0
[37144:ctp-raw-decoder]: e cls=>inps:0
[37144:ctp-raw-decoder]: a cls=>inps:0
[37144:ctp-raw-decoder]: e cls=>inps:0
[37144:ctp-raw-decoder]: e cls=>inps:0
[37144:ctp-raw-decoder]: e cls=>inps:0
[37144:ctp-raw-decoder]: e cls=>inps:0
[37144:ctp-raw-decoder]: e cls=>inps:0
[37144:ctp-raw-decoder]: e cls=>inps:0
[37144:ctp-raw-decoder]: e cls=>inps:0
[37144:ctp-raw-decoder]: e cls=>inps:0
[37144:ctp-raw-decoder]: e cls=>inps:0
[37144:ctp-raw-decoder]: e cls=>inps:0
[37144:ctp-raw-decoder]: e cls=>inps:0
[37144:ctp-raw-decoder]: e cls=>inps:0
[37144:ctp-raw-decoder]: e cls=>inps:0
[37144:ctp-raw-decoder]: e cls=>inps:0
[37144:ctp-raw-decoder]: e cls=>inps:0
[37144:ctp-raw-decoder]: 0 cls=>inps:0
[37144:ctp-raw-decoder]: 1 cls=>inps:0
[37144:ctp-raw-decoder]: 2 cls=>inps:0
[37144:ctp-raw-decoder]: 6 cls=>inps:0
[37144:ctp-raw-decoder]: e cls=>inps:0
[37144:ctp-raw-decoder]: e cls=>inps:0
[37144:ctp-raw-decoder]: e cls=>inps:0
[37144:ctp-raw-decoder]: e cls=>inps:0
[37144:ctp-raw-decoder]: e cls=>inps:0
[37144:ctp-raw-decoder]: e cls=>inps:0
[37144:ctp-raw-decoder]: e cls=>inps:0
[37144:ctp-raw-decoder]: e cls=>inps:0
[37144:ctp-raw-decoder]: e cls=>inps:0
[37144:ctp-raw-decoder]: e cls=>inps:0
[37144:ctp-raw-decoder]: e cls=>inps:0
[37144:ctp-raw-decoder]: e cls=>inps:0
[37144:ctp-raw-decoder]: e cls=>inps:0
[37144:ctp-raw-decoder]: e cls=>inps:0
[37144:ctp-raw-decoder]: e cls=>inps:0
[37144:ctp-raw-decoder]: e cls=>inps:0
[37144:ctp-raw-decoder]: e cls=>inps:0
[37144:ctp-raw-decoder]: e cls=>inps:0
[37144:ctp-raw-decoder]: e cls=>inps:0
[37144:ctp-raw-decoder]: e cls=>inps:0
[37144:ctp-raw-decoder]: e cls=>inps:0
[37144:ctp-raw-decoder]: e cls=>inps:0
[37144:ctp-raw-decoder]: e cls=>inps:0
[37144:ctp-raw-decoder]: e cls=>inps:0
[37144:ctp-raw-decoder]: e cls=>inps:0
[37144:ctp-raw-decoder]: 0 cls=>inps:0
[37144:ctp-raw-decoder]: 2 cls=>inps:0
[37144:ctp-raw-decoder]: e cls=>inps:0
[37144:ctp-raw-decoder]: e cls=>inps:0
[37144:ctp-raw-decoder]: e cls=>inps:0
[37144:ctp-raw-decoder]: e cls=>inps:0
[37144:ctp-raw-decoder]: e cls=>inps:0
[37144:ctp-raw-decoder]: e cls=>inps:0
[37144:ctp-raw-decoder]: e cls=>inps:0
[37144:ctp-raw-decoder]: e cls=>inps:0
[37144:ctp-raw-decoder]: e cls=>inps:0
[37144:ctp-raw-decoder]: e cls=>inps:0
[37144:ctp-raw-decoder]: e cls=>inps:0
[37144:ctp-raw-decoder]: e cls=>inps:0
[37144:ctp-raw-decoder]: e cls=>inps:0
[37144:ctp-raw-decoder]: e cls=>inps:0
[37144:ctp-raw-decoder]: e cls=>inps:0
[37144:ctp-raw-decoder]: e cls=>inps:0
[37144:ctp-raw-decoder]: e cls=>inps:0
[37144:ctp-raw-decoder]: e cls=>inps:0
[37144:ctp-raw-decoder]: e cls=>inps:0
[37144:ctp-raw-decoder]: e cls=>inps:0
[37144:ctp-raw-decoder]: e cls=>inps:0
[37144:ctp-raw-decoder]: e cls=>inps:0
[37144:ctp-raw-decoder]: e cls=>inps:0
[37144:ctp-raw-decoder]: e cls=>inps:0
[37144:ctp-raw-decoder]: e cls=>inps:0
[37144:ctp-raw-decoder]: 0 cls=>inps:0
[37144:ctp-raw-decoder]: 1 cls=>inps:0
[37144:ctp-raw-decoder]: 2 cls=>inps:0
[37144:ctp-raw-decoder]: 6 cls=>inps:0
[37144:ctp-raw-decoder]: e cls=>inps:0
[37144:ctp-raw-decoder]: e cls=>inps:0
[37144:ctp-raw-decoder]: e cls=>inps:0
[37144:ctp-raw-decoder]: e cls=>inps:0
[37144:ctp-raw-decoder]: e cls=>inps:0
[37144:ctp-raw-decoder]: e cls=>inps:0
[37144:ctp-raw-decoder]: e cls=>inps:0
[37144:ctp-raw-decoder]: e cls=>inps:0
[37144:ctp-raw-decoder]: e cls=>inps:0
[37144:ctp-raw-decoder]: e cls=>inps:0
[37144:ctp-raw-decoder]: e cls=>inps:0
[37144:ctp-raw-decoder]: e cls=>inps:0
[37144:ctp-raw-decoder]: e cls=>inps:0
[37144:ctp-raw-decoder]: e cls=>inps:0
[37144:ctp-raw-decoder]: e cls=>inps:0
[37144:ctp-raw-decoder]: e cls=>inps:0
[37144:ctp-raw-decoder]: e cls=>inps:0
[37144:ctp-raw-decoder]: e cls=>inps:0
[37144:ctp-raw-decoder]: e cls=>inps:0
[37144:ctp-raw-decoder]: e cls=>inps:0
[37144:ctp-raw-decoder]: e cls=>inps:0
[37144:ctp-raw-decoder]: e cls=>inps:0
[37144:ctp-raw-decoder]: a cls=>inps:0
[37144:ctp-raw-decoder]: e cls=>inps:0
[37144:ctp-raw-decoder]: 0 cls=>inps:0
[37144:ctp-raw-decoder]: 1 cls=>inps:0
[37144:ctp-raw-decoder]: 2 cls=>inps:0
[37144:ctp-raw-decoder]: 6 cls=>inps:0
[37144:ctp-raw-decoder]: e cls=>inps:0
[37144:ctp-raw-decoder]: e cls=>inps:0
[37144:ctp-raw-decoder]: e cls=>inps:0
[37144:ctp-raw-decoder]: e cls=>inps:0
[37144:ctp-raw-decoder]: e cls=>inps:0
[37144:ctp-raw-decoder]: e cls=>inps:0
[37144:ctp-raw-decoder]: e cls=>inps:0
[37144:ctp-raw-decoder]: e cls=>inps:0
[37144:ctp-raw-decoder]: e cls=>inps:0
[37144:ctp-raw-decoder]: e cls=>inps:0
[37144:ctp-raw-decoder]: e cls=>inps:0
[37144:ctp-raw-decoder]: e cls=>inps:0
[37144:ctp-raw-decoder]: e cls=>inps:0
[37144:ctp-raw-decoder]: e cls=>inps:0
[37144:ctp-raw-decoder]: e cls=>inps:0
[37144:ctp-raw-decoder]: e cls=>inps:0
[37144:ctp-raw-decoder]: e cls=>inps:0
[37144:ctp-raw-decoder]: e cls=>inps:0
[37144:ctp-raw-decoder]: e cls=>inps:0
[37144:ctp-raw-decoder]: e cls=>inps:0
[37144:ctp-raw-decoder]: e cls=>inps:0
[37144:ctp-raw-decoder]: e cls=>inps:0
[37144:ctp-raw-decoder]: e cls=>inps:0
[37144:ctp-raw-decoder]: e cls=>inps:0
[37144:ctp-raw-decoder]: e cls=>inps:0
[37144:ctp-raw-decoder]: e cls=>inps:0
[37144:ctp-raw-decoder]: a cls=>inps:0
[37144:ctp-raw-decoder]: e cls=>inps:0
[37144:ctp-raw-decoder]: e cls=>inps:0
[37144:ctp-raw-decoder]: e cls=>inps:0
[37144:ctp-raw-decoder]: e cls=>inps:0
[37144:ctp-raw-decoder]: e cls=>inps:0
[37144:ctp-raw-decoder]: e cls=>inps:0
[37144:ctp-raw-decoder]: e cls=>inps:0
[37144:ctp-raw-decoder]: e cls=>inps:0
[37144:ctp-raw-decoder]: e cls=>inps:0
[37144:ctp-raw-decoder]: e cls=>inps:0
[37144:ctp-raw-decoder]: e cls=>inps:0
[37144:ctp-raw-decoder]: e cls=>inps:0
[37144:ctp-raw-decoder]: e cls=>inps:0
[37144:ctp-raw-decoder]: e cls=>inps:0
[37144:ctp-raw-decoder]: e cls=>inps:0
[37144:ctp-raw-decoder]: e cls=>inps:0
[37144:ctp-raw-decoder]: e cls=>inps:0
[37144:ctp-raw-decoder]: e cls=>inps:0
[37144:ctp-raw-decoder]: e cls=>inps:0
[37144:ctp-raw-decoder]: e cls=>inps:0
[37144:ctp-raw-decoder]: e cls=>inps:0
[37144:ctp-raw-decoder]: e cls=>inps:0
[37144:ctp-raw-decoder]: e cls=>inps:0
[37144:ctp-raw-decoder]: e cls=>inps:0
[37144:ctp-raw-decoder]: e cls=>inps:0
[37144:ctp-raw-decoder]: e cls=>inps:0
[37144:ctp-raw-decoder]: e cls=>inps:0
[37144:ctp-raw-decoder]: e cls=>inps:0
[37144:ctp-raw-decoder]: e cls=>inps:0
[37144:ctp-raw-decoder]: e cls=>inps:0
[37144:ctp-raw-decoder]: e cls=>inps:0
[37144:ctp-raw-decoder]: e cls=>inps:0
[37144:ctp-raw-decoder]: e cls=>inps:0
[37144:ctp-raw-decoder]: e cls=>inps:0
[37144:ctp-raw-decoder]: e cls=>inps:0
[37144:ctp-raw-decoder]: e cls=>inps:0
[37144:ctp-raw-decoder]: e cls=>inps:0
[37144:ctp-raw-decoder]: e cls=>inps:0
[37144:ctp-raw-decoder]: e cls=>inps:0
[37144:ctp-raw-decoder]: e cls=>inps:0
[37144:ctp-raw-decoder]: e cls=>inps:0
[37144:ctp-raw-decoder]: e cls=>inps:0
[37144:ctp-raw-decoder]: e cls=>inps:0
[37144:ctp-raw-decoder]: e cls=>inps:0
[37144:ctp-raw-decoder]: e cls=>inps:0
[37144:ctp-raw-decoder]: e cls=>inps:0
[37144:ctp-raw-decoder]: e cls=>inps:0
[37144:ctp-raw-decoder]: e cls=>inps:0
[37144:ctp-raw-decoder]: e cls=>inps:0
[37144:ctp-raw-decoder]: e cls=>inps:0
[37144:ctp-raw-decoder]: e cls=>inps:0
[37144:ctp-raw-decoder]: e cls=>inps:0
[37144:ctp-raw-decoder]: e cls=>inps:0
[37144:ctp-raw-decoder]: e cls=>inps:0
[37144:ctp-raw-decoder]: e cls=>inps:0
[37144:ctp-raw-decoder]: e cls=>inps:0
[37144:ctp-raw-decoder]: 0 cls=>inps:0
[37144:ctp-raw-decoder]: 1 cls=>inps:0
[37144:ctp-raw-decoder]: 2 cls=>inps:0
[37144:ctp-raw-decoder]: 6 cls=>inps:0
[37144:ctp-raw-decoder]: e cls=>inps:0
[37144:ctp-raw-decoder]: e cls=>inps:0
[37144:ctp-raw-decoder]: e cls=>inps:0
[37144:ctp-raw-decoder]: e cls=>inps:0
[37144:ctp-raw-decoder]: e cls=>inps:0
[37144:ctp-raw-decoder]: e cls=>inps:0
[37144:ctp-raw-decoder]: e cls=>inps:0
[37144:ctp-raw-decoder]: e cls=>inps:0
[37144:ctp-raw-decoder]: e cls=>inps:0
[37144:ctp-raw-decoder]: e cls=>inps:0
[37144:ctp-raw-decoder]: e cls=>inps:0
[37144:ctp-raw-decoder]: e cls=>inps:0
[37144:ctp-raw-decoder]: e cls=>inps:0
[37144:ctp-raw-decoder]: e cls=>inps:0
[37144:ctp-raw-decoder]: e cls=>inps:0
[37144:ctp-raw-decoder]: e cls=>inps:0
[37144:ctp-raw-decoder]: e cls=>inps:0
[37144:ctp-raw-decoder]: e cls=>inps:0
[37144:ctp-raw-decoder]: e cls=>inps:0
[37144:ctp-raw-decoder]: e cls=>inps:0
[37144:ctp-raw-decoder]: e cls=>inps:0
[37144:ctp-raw-decoder]: e cls=>inps:0
[37144:ctp-raw-decoder]: e cls=>inps:0
[37144:ctp-raw-decoder]: e cls=>inps:0
[37144:ctp-raw-decoder]: 0 cls=>inps:0
[37144:ctp-raw-decoder]: 1 cls=>inps:0
[37144:ctp-raw-decoder]: 2 cls=>inps:0
[37144:ctp-raw-decoder]: 6 cls=>inps:0
[37144:ctp-raw-decoder]: e cls=>inps:0
[37144:ctp-raw-decoder]: e cls=>inps:0
[37144:ctp-raw-decoder]: e cls=>inps:0
[37144:ctp-raw-decoder]: e cls=>inps:0
[37144:ctp-raw-decoder]: e cls=>inps:0
[37144:ctp-raw-decoder]: e cls=>inps:0
[37144:ctp-raw-decoder]: e cls=>inps:0
[37144:ctp-raw-decoder]: e cls=>inps:0
[37144:ctp-raw-decoder]: e cls=>inps:0
[37144:ctp-raw-decoder]: e cls=>inps:0
[37144:ctp-raw-decoder]: e cls=>inps:0
[37144:ctp-raw-decoder]: e cls=>inps:0
[37144:ctp-raw-decoder]: e cls=>inps:0
[37144:ctp-raw-decoder]: e cls=>inps:0
[37144:ctp-raw-decoder]: e cls=>inps:0
[37144:ctp-raw-decoder]: e cls=>inps:0
[37144:ctp-raw-decoder]: e cls=>inps:0
[37144:ctp-raw-decoder]: e cls=>inps:0
[37144:ctp-raw-decoder]: e cls=>inps:0
[37144:ctp-raw-decoder]: e cls=>inps:0
[37144:ctp-raw-decoder]: e cls=>inps:0
[37144:ctp-raw-decoder]: e cls=>inps:0
[37144:ctp-raw-decoder]: e cls=>inps:0
[37144:ctp-raw-decoder]: e cls=>inps:0
[37144:ctp-raw-decoder]: e cls=>inps:0
[37144:ctp-raw-decoder]: e cls=>inps:0
[37144:ctp-raw-decoder]: e cls=>inps:0
[37144:ctp-raw-decoder]: e cls=>inps:0
[37144:ctp-raw-decoder]: e cls=>inps:0
[37144:ctp-raw-decoder]: e cls=>inps:0
[37144:ctp-raw-decoder]: e cls=>inps:0
[37144:ctp-raw-decoder]: e cls=>inps:0
[37144:ctp-raw-decoder]: e cls=>inps:0
[37144:ctp-raw-decoder]: e cls=>inps:0
[37144:ctp-raw-decoder]: e cls=>inps:0
[37144:ctp-raw-decoder]: e cls=>inps:0
[37144:ctp-raw-decoder]: e cls=>inps:0
[37144:ctp-raw-decoder]: e cls=>inps:0
[37144:ctp-raw-decoder]: e cls=>inps:0
[37144:ctp-raw-decoder]: e cls=>inps:0
[37144:ctp-raw-decoder]: e cls=>inps:0
[37144:ctp-raw-decoder]: e cls=>inps:0
[37144:ctp-raw-decoder]: e cls=>inps:0
[37144:ctp-raw-decoder]: e cls=>inps:0
[37144:ctp-raw-decoder]: e cls=>inps:0
[37144:ctp-raw-decoder]: e cls=>inps:0
[37144:ctp-raw-decoder]: e cls=>inps:0
[37144:ctp-raw-decoder]: e cls=>inps:0
[37144:ctp-raw-decoder]: e cls=>inps:0
[37144:ctp-raw-decoder]: e cls=>inps:0
[37144:ctp-raw-decoder]: e cls=>inps:0
[37144:ctp-raw-decoder]: e cls=>inps:0
[37144:ctp-raw-decoder]: e cls=>inps:0
[37144:ctp-raw-decoder]: e cls=>inps:0
[37144:ctp-raw-decoder]: e cls=>inps:0
[37144:ctp-raw-decoder]: e cls=>inps:0
[37144:ctp-raw-decoder]: e cls=>inps:0
[37144:ctp-raw-decoder]: e cls=>inps:0
[37144:ctp-raw-decoder]: e cls=>inps:0
[37144:ctp-raw-decoder]: e cls=>inps:0
[37144:ctp-raw-decoder]: e cls=>inps:0
[37144:ctp-raw-decoder]: e cls=>inps:0
[37144:ctp-raw-decoder]: e cls=>inps:0
[37144:ctp-raw-decoder]: e cls=>inps:0
[37144:ctp-raw-decoder]: e cls=>inps:0
[37144:ctp-raw-decoder]: e cls=>inps:0
[37144:ctp-raw-decoder]: e cls=>inps:0
[37144:ctp-raw-decoder]: e cls=>inps:0
[37144:ctp-raw-decoder]: e cls=>inps:0
[37144:ctp-raw-decoder]: e cls=>inps:0
[37144:ctp-raw-decoder]: e cls=>inps:0
[37144:ctp-raw-decoder]: e cls=>inps:0
[37144:ctp-raw-decoder]: e cls=>inps:0
[37144:ctp-raw-decoder]: e cls=>inps:0
[37144:ctp-raw-decoder]: e cls=>inps:0
[37144:ctp-raw-decoder]: e cls=>inps:0
[37144:ctp-raw-decoder]: e cls=>inps:0
[37144:ctp-raw-decoder]: e cls=>inps:0
[37144:ctp-raw-decoder]: e cls=>inps:0
[37144:ctp-raw-decoder]: e cls=>inps:0
[37144:ctp-raw-decoder]: e cls=>inps:0
[37144:ctp-raw-decoder]: e cls=>inps:0
[37144:ctp-raw-decoder]: e cls=>inps:0
[37144:ctp-raw-decoder]: e cls=>inps:0
[37144:ctp-raw-decoder]: e cls=>inps:0
[37144:ctp-raw-decoder]: e cls=>inps:0
[37144:ctp-raw-decoder]: e cls=>inps:0
[37144:ctp-raw-decoder]: e cls=>inps:0
[37144:ctp-raw-decoder]: e cls=>inps:0
[37144:ctp-raw-decoder]: e cls=>inps:0
[37144:ctp-raw-decoder]: e cls=>inps:0
[37144:ctp-raw-decoder]: e cls=>inps:0
[37144:ctp-raw-decoder]: e cls=>inps:0
[37144:ctp-raw-decoder]: e cls=>inps:0
[37144:ctp-raw-decoder]: e cls=>inps:0
[37144:ctp-raw-decoder]: e cls=>inps:0
[37144:ctp-raw-decoder]: e cls=>inps:0
[37144:ctp-raw-decoder]: e cls=>inps:0
[37144:ctp-raw-decoder]: e cls=>inps:0
[37144:ctp-raw-decoder]: e cls=>inps:0
[37144:ctp-raw-decoder]: e cls=>inps:0
[37144:ctp-raw-decoder]: e cls=>inps:0
[37144:ctp-raw-decoder]: e cls=>inps:0
[37144:ctp-raw-decoder]: e cls=>inps:0
[37144:ctp-raw-decoder]: e cls=>inps:0
[37144:ctp-raw-decoder]: e cls=>inps:0
[37144:ctp-raw-decoder]: e cls=>inps:0
[37144:ctp-raw-decoder]: e cls=>inps:0
[37144:ctp-raw-decoder]: e cls=>inps:0
[37144:ctp-raw-decoder]: e cls=>inps:0
[37144:ctp-raw-decoder]: e cls=>inps:0
[37144:ctp-raw-decoder]: 0 cls=>inps:0
[37144:ctp-raw-decoder]: 1 cls=>inps:0
[37144:ctp-raw-decoder]: 2 cls=>inps:0
[37144:ctp-raw-decoder]: 6 cls=>inps:0
[37144:ctp-raw-decoder]: e cls=>inps:0
[37144:ctp-raw-decoder]: e cls=>inps:0
[37144:ctp-raw-decoder]: e cls=>inps:0
[37144:ctp-raw-decoder]: e cls=>inps:0
[37144:ctp-raw-decoder]: e cls=>inps:0
[37144:ctp-raw-decoder]: e cls=>inps:0
[37144:ctp-raw-decoder]: e cls=>inps:0
[37144:ctp-raw-decoder]: e cls=>inps:0
[37144:ctp-raw-decoder]: e cls=>inps:0
[37144:ctp-raw-decoder]: e cls=>inps:0
[37144:ctp-raw-decoder]: e cls=>inps:0
[37144:ctp-raw-decoder]: e cls=>inps:0
[37144:ctp-raw-decoder]: e cls=>inps:0
[37144:ctp-raw-decoder]: e cls=>inps:0
[37144:ctp-raw-decoder]: e cls=>inps:0
[37144:ctp-raw-decoder]: e cls=>inps:0
[37144:ctp-raw-decoder]: e cls=>inps:0
[37144:ctp-raw-decoder]: e cls=>inps:0
[37144:ctp-raw-decoder]: e cls=>inps:0
[37144:ctp-raw-decoder]: e cls=>inps:0
[37144:ctp-raw-decoder]: e cls=>inps:0
[37144:ctp-raw-decoder]: e cls=>inps:0
[37144:ctp-raw-decoder]: e cls=>inps:0
[37144:ctp-raw-decoder]: e cls=>inps:0
[37144:ctp-raw-decoder]: e cls=>inps:0
[37144:ctp-raw-decoder]: e cls=>inps:0
[37144:ctp-raw-decoder]: e cls=>inps:0
[37144:ctp-raw-decoder]: 0 cls=>inps:0
[37144:ctp-raw-decoder]: 1 cls=>inps:0
[37144:ctp-raw-decoder]: 2 cls=>inps:0
[37144:ctp-raw-decoder]: 6 cls=>inps:0
[37144:ctp-raw-decoder]: e cls=>inps:0
[37144:ctp-raw-decoder]: e cls=>inps:0
[37144:ctp-raw-decoder]: e cls=>inps:0
[37144:ctp-raw-decoder]: e cls=>inps:0
[37144:ctp-raw-decoder]: e cls=>inps:0
[37144:ctp-raw-decoder]: e cls=>inps:0
[37144:ctp-raw-decoder]: e cls=>inps:0
[37144:ctp-raw-decoder]: e cls=>inps:0
[37144:ctp-raw-decoder]: e cls=>inps:0
[37144:ctp-raw-decoder]: e cls=>inps:0
[37144:ctp-raw-decoder]: e cls=>inps:0
[37144:ctp-raw-decoder]: e cls=>inps:0
[37144:ctp-raw-decoder]: e cls=>inps:0
[37144:ctp-raw-decoder]: e cls=>inps:0
[37144:ctp-raw-decoder]: e cls=>inps:0
[37144:ctp-raw-decoder]: e cls=>inps:0
[37144:ctp-raw-decoder]: e cls=>inps:0
[37144:ctp-raw-decoder]: e cls=>inps:0
[37144:ctp-raw-decoder]: e cls=>inps:0
[37144:ctp-raw-decoder]: e cls=>inps:0
[37144:ctp-raw-decoder]: e cls=>inps:0
[37144:ctp-raw-decoder]: e cls=>inps:0
[37144:ctp-raw-decoder]: e cls=>inps:0
[37144:ctp-raw-decoder]: e cls=>inps:0
[37144:ctp-raw-decoder]: e cls=>inps:0
[37144:ctp-raw-decoder]: e cls=>inps:0
[37144:ctp-raw-decoder]: e cls=>inps:0
[37144:ctp-raw-decoder]: e cls=>inps:0
[37144:ctp-raw-decoder]: e cls=>inps:0
[37144:ctp-raw-decoder]: e cls=>inps:0
[37144:ctp-raw-decoder]: e cls=>inps:0
[37144:ctp-raw-decoder]: e cls=>inps:0
[37144:ctp-raw-decoder]: e cls=>inps:0
[37144:ctp-raw-decoder]: e cls=>inps:0
[37144:ctp-raw-decoder]: e cls=>inps:0
[37144:ctp-raw-decoder]: e cls=>inps:0
[37144:ctp-raw-decoder]: e cls=>inps:0
[37144:ctp-raw-decoder]: e cls=>inps:0
[37144:ctp-raw-decoder]: e cls=>inps:0
[37144:ctp-raw-decoder]: e cls=>inps:0
[37144:ctp-raw-decoder]: e cls=>inps:0
[37144:ctp-raw-decoder]: e cls=>inps:0
[37144:ctp-raw-decoder]: 0 cls=>inps:0
[37144:ctp-raw-decoder]: 1 cls=>inps:0
[37144:ctp-raw-decoder]: 2 cls=>inps:0
[37144:ctp-raw-decoder]: 6 cls=>inps:0
[37144:ctp-raw-decoder]: e cls=>inps:0
[37144:ctp-raw-decoder]: e cls=>inps:0
[37144:ctp-raw-decoder]: e cls=>inps:0
[37144:ctp-raw-decoder]: e cls=>inps:0
[37144:ctp-raw-decoder]: e cls=>inps:0
[37144:ctp-raw-decoder]: e cls=>inps:0
[37144:ctp-raw-decoder]: e cls=>inps:0
[37144:ctp-raw-decoder]: e cls=>inps:0
[37144:ctp-raw-decoder]: e cls=>inps:0
[37144:ctp-raw-decoder]: e cls=>inps:0
[37144:ctp-raw-decoder]: e cls=>inps:0
[37144:ctp-raw-decoder]: e cls=>inps:0
[37144:ctp-raw-decoder]: e cls=>inps:0
[37144:ctp-raw-decoder]: e cls=>inps:0
[37144:ctp-raw-decoder]: e cls=>inps:0
[37144:ctp-raw-decoder]: e cls=>inps:0
[37144:ctp-raw-decoder]: e cls=>inps:0
[37144:ctp-raw-decoder]: e cls=>inps:0
[37144:ctp-raw-decoder]: e cls=>inps:0
[37144:ctp-raw-decoder]: e cls=>inps:0
[37144:ctp-raw-decoder]: e cls=>inps:0
[37144:ctp-raw-decoder]: e cls=>inps:0
[37144:ctp-raw-decoder]: e cls=>inps:0
[37144:ctp-raw-decoder]: e cls=>inps:0
[37144:ctp-raw-decoder]: e cls=>inps:0
[37144:ctp-raw-decoder]: e cls=>inps:0
[37144:ctp-raw-decoder]: e cls=>inps:0
[37144:ctp-raw-decoder]: e cls=>inps:0
[37144:ctp-raw-decoder]: e cls=>inps:0
[37144:ctp-raw-decoder]: e cls=>inps:0
[37144:ctp-raw-decoder]: e cls=>inps:0
[37144:ctp-raw-decoder]: e cls=>inps:0
[37144:ctp-raw-decoder]: e cls=>inps:0
[37144:ctp-raw-decoder]: e cls=>inps:0
[37144:ctp-raw-decoder]: e cls=>inps:0
[37144:ctp-raw-decoder]: e cls=>inps:0
[37144:ctp-raw-decoder]: e cls=>inps:0
[37144:ctp-raw-decoder]: e cls=>inps:0
[37144:ctp-raw-decoder]: e cls=>inps:0
[37144:ctp-raw-decoder]: e cls=>inps:0
[37144:ctp-raw-decoder]: e cls=>inps:0
[37144:ctp-raw-decoder]: e cls=>inps:0
[37144:ctp-raw-decoder]: e cls=>inps:0
[37144:ctp-raw-decoder]: e cls=>inps:0
[37144:ctp-raw-decoder]: e cls=>inps:0
[37144:ctp-raw-decoder]: e cls=>inps:0
[37144:ctp-raw-decoder]: e cls=>inps:0
[37144:ctp-raw-decoder]: e cls=>inps:0
[37144:ctp-raw-decoder]: e cls=>inps:0
[37144:ctp-raw-decoder]: e cls=>inps:0
[37144:ctp-raw-decoder]: e cls=>inps:0
[37144:ctp-raw-decoder]: e cls=>inps:0
[37144:ctp-raw-decoder]: e cls=>inps:0
[37144:ctp-raw-decoder]: e cls=>inps:0
[37144:ctp-raw-decoder]: e cls=>inps:0
[37144:ctp-raw-decoder]: e cls=>inps:0
[37144:ctp-raw-decoder]: e cls=>inps:0
[37144:ctp-raw-decoder]: e cls=>inps:0
[37144:ctp-raw-decoder]: e cls=>inps:0
[37144:ctp-raw-decoder]: e cls=>inps:0
[37144:ctp-raw-decoder]: e cls=>inps:0
[37144:ctp-raw-decoder]: e cls=>inps:0
[37144:ctp-raw-decoder]: e cls=>inps:0
[37144:ctp-raw-decoder]: e cls=>inps:0
[37144:ctp-raw-decoder]: e cls=>inps:0
[37144:ctp-raw-decoder]: e cls=>inps:0
[37144:ctp-raw-decoder]: e cls=>inps:0
[37144:ctp-raw-decoder]: e cls=>inps:0
[37144:ctp-raw-decoder]: e cls=>inps:0
[37144:ctp-raw-decoder]: e cls=>inps:0
[37144:ctp-raw-decoder]: e cls=>inps:0
[37144:ctp-raw-decoder]: e cls=>inps:0
[37144:ctp-raw-decoder]: e cls=>inps:0
[37144:ctp-raw-decoder]: 0 cls=>inps:0
[37144:ctp-raw-decoder]: 1 cls=>inps:0
[37144:ctp-raw-decoder]: 2 cls=>inps:0
[37144:ctp-raw-decoder]: 6 cls=>inps:0
[37144:ctp-raw-decoder]: e cls=>inps:0
[37144:ctp-raw-decoder]: e cls=>inps:0
[37144:ctp-raw-decoder]: e cls=>inps:0
[37144:ctp-raw-decoder]: e cls=>inps:0
[37144:ctp-raw-decoder]: e cls=>inps:0
[37144:ctp-raw-decoder]: e cls=>inps:0
[37144:ctp-raw-decoder]: e cls=>inps:0
[37144:ctp-raw-decoder]: e cls=>inps:0
[37144:ctp-raw-decoder]: e cls=>inps:0
[37144:ctp-raw-decoder]: e cls=>inps:0
[37144:ctp-raw-decoder]: e cls=>inps:0
[37144:ctp-raw-decoder]: 0 cls=>inps:0
[37144:ctp-raw-decoder]: 1 cls=>inps:0
[37144:ctp-raw-decoder]: 2 cls=>inps:0
[37144:ctp-raw-decoder]: 6 cls=>inps:0
[37144:ctp-raw-decoder]: e cls=>inps:0
[37144:ctp-raw-decoder]: e cls=>inps:0
[37144:ctp-raw-decoder]: e cls=>inps:0
[37144:ctp-raw-decoder]: e cls=>inps:0
[37144:ctp-raw-decoder]: e cls=>inps:0
[37144:ctp-raw-decoder]: e cls=>inps:0
[37144:ctp-raw-decoder]: e cls=>inps:0
[37144:ctp-raw-decoder]: e cls=>inps:0
[37144:ctp-raw-decoder]: e cls=>inps:0
[37144:ctp-raw-decoder]: e cls=>inps:0
[37144:ctp-raw-decoder]: e cls=>inps:0
[37144:ctp-raw-decoder]: e cls=>inps:0
[37144:ctp-raw-decoder]: e cls=>inps:0
[37144:ctp-raw-decoder]: e cls=>inps:0
[37144:ctp-raw-decoder]: e cls=>inps:0
[37144:ctp-raw-decoder]: e cls=>inps:0
[37144:ctp-raw-decoder]: e cls=>inps:0
[37144:ctp-raw-decoder]: e cls=>inps:0
[37144:ctp-raw-decoder]: e cls=>inps:0
[37144:ctp-raw-decoder]: e cls=>inps:0
[37144:ctp-raw-decoder]: e cls=>inps:0
[37144:ctp-raw-decoder]: e cls=>inps:0
[37144:ctp-raw-decoder]: e cls=>inps:0
[37144:ctp-raw-decoder]: e cls=>inps:0
[37144:ctp-raw-decoder]: e cls=>inps:0
[37144:ctp-raw-decoder]: e cls=>inps:0
[37144:ctp-raw-decoder]: e cls=>inps:0
[37144:ctp-raw-decoder]: e cls=>inps:0
[37144:ctp-raw-decoder]: e cls=>inps:0
[37144:ctp-raw-decoder]: e cls=>inps:0
[37144:ctp-raw-decoder]: e cls=>inps:0
[37144:ctp-raw-decoder]: e cls=>inps:0
[37144:ctp-raw-decoder]: e cls=>inps:0
[37144:ctp-raw-decoder]: e cls=>inps:0
[37144:ctp-raw-decoder]: e cls=>inps:0
[37144:ctp-raw-decoder]: e cls=>inps:0
[37144:ctp-raw-decoder]: e cls=>inps:0
[37144:ctp-raw-decoder]: e cls=>inps:0
[37144:ctp-raw-decoder]: e cls=>inps:0
[37144:ctp-raw-decoder]: e cls=>inps:0
[37144:ctp-raw-decoder]: e cls=>inps:0
[37144:ctp-raw-decoder]: e cls=>inps:0
[37144:ctp-raw-decoder]: e cls=>inps:0
[37144:ctp-raw-decoder]: e cls=>inps:0
[37144:ctp-raw-decoder]: e cls=>inps:0
[37144:ctp-raw-decoder]: e cls=>inps:0
[37144:ctp-raw-decoder]: e cls=>inps:0
[37144:ctp-raw-decoder]: e cls=>inps:0
[37144:ctp-raw-decoder]: e cls=>inps:0
[37144:ctp-raw-decoder]: e cls=>inps:0
[37144:ctp-raw-decoder]: e cls=>inps:0
[37144:ctp-raw-decoder]: e cls=>inps:0
[37144:ctp-raw-decoder]: e cls=>inps:0
[37144:ctp-raw-decoder]: e cls=>inps:0
[37144:ctp-raw-decoder]: e cls=>inps:0
[37144:ctp-raw-decoder]: e cls=>inps:0
[37144:ctp-raw-decoder]: e cls=>inps:0
[37144:ctp-raw-decoder]: e cls=>inps:0
[37144:ctp-raw-decoder]: 0 cls=>inps:0
[37144:ctp-raw-decoder]: 1 cls=>inps:0
[37144:ctp-raw-decoder]: 2 cls=>inps:0
[37144:ctp-raw-decoder]: 6 cls=>inps:0
[37144:ctp-raw-decoder]: e cls=>inps:0
[37144:ctp-raw-decoder]: e cls=>inps:0
[37144:ctp-raw-decoder]: e cls=>inps:0
[37144:ctp-raw-decoder]: e cls=>inps:0
[37144:ctp-raw-decoder]: e cls=>inps:0
[37144:ctp-raw-decoder]: e cls=>inps:0
[37144:ctp-raw-decoder]: e cls=>inps:0
[37144:ctp-raw-decoder]: a cls=>inps:0
[37144:ctp-raw-decoder]: e cls=>inps:0
[37144:ctp-raw-decoder]: e cls=>inps:0
[37144:ctp-raw-decoder]: e cls=>inps:0
[37144:ctp-raw-decoder]: e cls=>inps:0
[37144:ctp-raw-decoder]: e cls=>inps:0
[37144:ctp-raw-decoder]: e cls=>inps:0
[37144:ctp-raw-decoder]: e cls=>inps:0
[37144:ctp-raw-decoder]: e cls=>inps:0
[37144:ctp-raw-decoder]: e cls=>inps:0
[37144:ctp-raw-decoder]: e cls=>inps:0
[37144:ctp-raw-decoder]: e cls=>inps:0
[37144:ctp-raw-decoder]: e cls=>inps:0
[37144:ctp-raw-decoder]: e cls=>inps:0
[37144:ctp-raw-decoder]: e cls=>inps:0
[37144:ctp-raw-decoder]: e cls=>inps:0
[37144:ctp-raw-decoder]: e cls=>inps:0
[37144:ctp-raw-decoder]: e cls=>inps:0
[37144:ctp-raw-decoder]: e cls=>inps:0
[37144:ctp-raw-decoder]: e cls=>inps:0
[37144:ctp-raw-decoder]: e cls=>inps:0
[37144:ctp-raw-decoder]: e cls=>inps:0
[37144:ctp-raw-decoder]: e cls=>inps:0
[37144:ctp-raw-decoder]: e cls=>inps:0
[37144:ctp-raw-decoder]: e cls=>inps:0
[37144:ctp-raw-decoder]: e cls=>inps:0
[37144:ctp-raw-decoder]: e cls=>inps:0
[37144:ctp-raw-decoder]: e cls=>inps:0
[37144:ctp-raw-decoder]: e cls=>inps:0
[37144:ctp-raw-decoder]: e cls=>inps:0
[37144:ctp-raw-decoder]: e cls=>inps:0
[37144:ctp-raw-decoder]: e cls=>inps:0
[37144:ctp-raw-decoder]: e cls=>inps:0
[37144:ctp-raw-decoder]: e cls=>inps:0
[37144:ctp-raw-decoder]: e cls=>inps:0
[37144:ctp-raw-decoder]: e cls=>inps:0
[37144:ctp-raw-decoder]: e cls=>inps:0
[37144:ctp-raw-decoder]: e cls=>inps:0
[37144:ctp-raw-decoder]: e cls=>inps:0
[37144:ctp-raw-decoder]: e cls=>inps:0
[37144:ctp-raw-decoder]: e cls=>inps:0
[37144:ctp-raw-decoder]: e cls=>inps:0
[37144:ctp-raw-decoder]: e cls=>inps:0
[37144:ctp-raw-decoder]: e cls=>inps:0
[37144:ctp-raw-decoder]: e cls=>inps:0
[37144:ctp-raw-decoder]: e cls=>inps:0
[37144:ctp-raw-decoder]: e cls=>inps:0
[37144:ctp-raw-decoder]: e cls=>inps:0
[37144:ctp-raw-decoder]: e cls=>inps:0
[37144:ctp-raw-decoder]: e cls=>inps:0
[37144:ctp-raw-decoder]: e cls=>inps:0
[37144:ctp-raw-decoder]: e cls=>inps:0
[37144:ctp-raw-decoder]: e cls=>inps:0
[37144:ctp-raw-decoder]: e cls=>inps:0
[37144:ctp-raw-decoder]: e cls=>inps:0
[37144:ctp-raw-decoder]: e cls=>inps:0
[37144:ctp-raw-decoder]: e cls=>inps:0
[37144:ctp-raw-decoder]: e cls=>inps:0
[37144:ctp-raw-decoder]: e cls=>inps:0
[37144:ctp-raw-decoder]: e cls=>inps:0
[37144:ctp-raw-decoder]: e cls=>inps:0
[37144:ctp-raw-decoder]: e cls=>inps:0
[37144:ctp-raw-decoder]: e cls=>inps:0
[37144:ctp-raw-decoder]: e cls=>inps:0
[37144:ctp-raw-decoder]: e cls=>inps:0
[37144:ctp-raw-decoder]: e cls=>inps:0
[37144:ctp-raw-decoder]: e cls=>inps:0
[37144:ctp-raw-decoder]: e cls=>inps:0
[37144:ctp-raw-decoder]: e cls=>inps:0
[37144:ctp-raw-decoder]: e cls=>inps:0
[37144:ctp-raw-decoder]: e cls=>inps:0
[37144:ctp-raw-decoder]: e cls=>inps:0
[37144:ctp-raw-decoder]: e cls=>inps:0
[37144:ctp-raw-decoder]: e cls=>inps:0
[37144:ctp-raw-decoder]: e cls=>inps:0
[37144:ctp-raw-decoder]: e cls=>inps:0
[37144:ctp-raw-decoder]: e cls=>inps:0
[37144:ctp-raw-decoder]: e cls=>inps:0
[37144:ctp-raw-decoder]: e cls=>inps:0
[37144:ctp-raw-decoder]: e cls=>inps:0
[37144:ctp-raw-decoder]: e cls=>inps:0
[37144:ctp-raw-decoder]: e cls=>inps:0
[37144:ctp-raw-decoder]: e cls=>inps:0
[37144:ctp-raw-decoder]: e cls=>inps:0
[37144:ctp-raw-decoder]: e cls=>inps:0
[37144:ctp-raw-decoder]: e cls=>inps:0
[37144:ctp-raw-decoder]: e cls=>inps:0
[37144:ctp-raw-decoder]: e cls=>inps:0
[37144:ctp-raw-decoder]: e cls=>inps:0
[37144:ctp-raw-decoder]: e cls=>inps:0
[37144:ctp-raw-decoder]: e cls=>inps:0
[37144:ctp-raw-decoder]: e cls=>inps:0
[37144:ctp-raw-decoder]: e cls=>inps:0
[37144:ctp-raw-decoder]: e cls=>inps:0
[37144:ctp-raw-decoder]: e cls=>inps:0
[37144:ctp-raw-decoder]: e cls=>inps:0
[37144:ctp-raw-decoder]: e cls=>inps:0
[37144:ctp-raw-decoder]: e cls=>inps:0
[37144:ctp-raw-decoder]: e cls=>inps:0
[37144:ctp-raw-decoder]: e cls=>inps:0
[37144:ctp-raw-decoder]: e cls=>inps:0
[37144:ctp-raw-decoder]: e cls=>inps:0
[37144:ctp-raw-decoder]: e cls=>inps:0
[37144:ctp-raw-decoder]: e cls=>inps:0
[37144:ctp-raw-decoder]: e cls=>inps:0
[37144:ctp-raw-decoder]: e cls=>inps:0
[37144:ctp-raw-decoder]: e cls=>inps:0
[37144:ctp-raw-decoder]: e cls=>inps:0
[37144:ctp-raw-decoder]: e cls=>inps:0
[37144:ctp-raw-decoder]: e cls=>inps:0
[37144:ctp-raw-decoder]: e cls=>inps:0
[37144:ctp-raw-decoder]: e cls=>inps:0
[37144:ctp-raw-decoder]: e cls=>inps:0
[37144:ctp-raw-decoder]: e cls=>inps:0
[37144:ctp-raw-decoder]: e cls=>inps:0
[37144:ctp-raw-decoder]: e cls=>inps:0
[37144:ctp-raw-decoder]: e cls=>inps:0
[37144:ctp-raw-decoder]: e cls=>inps:0
[37144:ctp-raw-decoder]: e cls=>inps:0
[37144:ctp-raw-decoder]: e cls=>inps:0
[37144:ctp-raw-decoder]: e cls=>inps:0
[37144:ctp-raw-decoder]: e cls=>inps:0
[37144:ctp-raw-decoder]: e cls=>inps:0
[37144:ctp-raw-decoder]: e cls=>inps:0
[37144:ctp-raw-decoder]: e cls=>inps:0
[37144:ctp-raw-decoder]: e cls=>inps:0
[37144:ctp-raw-decoder]: e cls=>inps:0
[37144:ctp-raw-decoder]: e cls=>inps:0
[37144:ctp-raw-decoder]: e cls=>inps:0
[37144:ctp-raw-decoder]: e cls=>inps:0
[37144:ctp-raw-decoder]: e cls=>inps:0
[37144:ctp-raw-decoder]: e cls=>inps:0
[37144:ctp-raw-decoder]: e cls=>inps:0
[37144:ctp-raw-decoder]: e cls=>inps:0
[37144:ctp-raw-decoder]: e cls=>inps:0
[37144:ctp-raw-decoder]: e cls=>inps:0
[37144:ctp-raw-decoder]: e cls=>inps:0
[37144:ctp-raw-decoder]: e cls=>inps:0
[37144:ctp-raw-decoder]: e cls=>inps:0
[37144:ctp-raw-decoder]: e cls=>inps:0
[37144:ctp-raw-decoder]: e cls=>inps:0
[37144:ctp-raw-decoder]: 0 cls=>inps:0
[37144:ctp-raw-decoder]: 1 cls=>inps:0
[37144:ctp-raw-decoder]: 2 cls=>inps:0
[37144:ctp-raw-decoder]: 6 cls=>inps:0
[37144:ctp-raw-decoder]: e cls=>inps:0
[37144:ctp-raw-decoder]: e cls=>inps:0
[37144:ctp-raw-decoder]: e cls=>inps:0
[37144:ctp-raw-decoder]: e cls=>inps:0
[37144:ctp-raw-decoder]: e cls=>inps:0
[37144:ctp-raw-decoder]: e cls=>inps:0
[37144:ctp-raw-decoder]: e cls=>inps:0
[37144:ctp-raw-decoder]: e cls=>inps:0
[37144:ctp-raw-decoder]: e cls=>inps:0
[37144:ctp-raw-decoder]: e cls=>inps:0
[37144:ctp-raw-decoder]: e cls=>inps:0
[37144:ctp-raw-decoder]: e cls=>inps:0
[37144:ctp-raw-decoder]: e cls=>inps:0
[37144:ctp-raw-decoder]: e cls=>inps:0
[37144:ctp-raw-decoder]: e cls=>inps:0
[37144:ctp-raw-decoder]: e cls=>inps:0
[37144:ctp-raw-decoder]: e cls=>inps:0
[37144:ctp-raw-decoder]: e cls=>inps:0
[37144:ctp-raw-decoder]: e cls=>inps:0
[37144:ctp-raw-decoder]: e cls=>inps:0
[37144:ctp-raw-decoder]: e cls=>inps:0
[37144:ctp-raw-decoder]: e cls=>inps:0
[37144:ctp-raw-decoder]: e cls=>inps:0
[37144:ctp-raw-decoder]: e cls=>inps:0
[37144:ctp-raw-decoder]: e cls=>inps:0
[37144:ctp-raw-decoder]: e cls=>inps:0
[37144:ctp-raw-decoder]: e cls=>inps:0
[37144:ctp-raw-decoder]: e cls=>inps:0
[37144:ctp-raw-decoder]: e cls=>inps:0
[37144:ctp-raw-decoder]: e cls=>inps:0
[37144:ctp-raw-decoder]: e cls=>inps:0
[37144:ctp-raw-decoder]: e cls=>inps:0
[37144:ctp-raw-decoder]: e cls=>inps:0
[37144:ctp-raw-decoder]: a cls=>inps:0
[37144:ctp-raw-decoder]: e cls=>inps:0
[37144:ctp-raw-decoder]: e cls=>inps:0
[37144:ctp-raw-decoder]: e cls=>inps:0
[37144:ctp-raw-decoder]: e cls=>inps:0
[37144:ctp-raw-decoder]: e cls=>inps:0
[37144:ctp-raw-decoder]: e cls=>inps:0
[37144:ctp-raw-decoder]: e cls=>inps:0
[37144:ctp-raw-decoder]: e cls=>inps:0
[37144:ctp-raw-decoder]: e cls=>inps:0
[37144:ctp-raw-decoder]: e cls=>inps:0
[37144:ctp-raw-decoder]: e cls=>inps:0
[37144:ctp-raw-decoder]: e cls=>inps:0
[37144:ctp-raw-decoder]: e cls=>inps:0
[37144:ctp-raw-decoder]: e cls=>inps:0
[37144:ctp-raw-decoder]: e cls=>inps:0
[37144:ctp-raw-decoder]: 0 cls=>inps:0
[37144:ctp-raw-decoder]: 1 cls=>inps:0
[37144:ctp-raw-decoder]: 2 cls=>inps:0
[37144:ctp-raw-decoder]: 6 cls=>inps:0
[37144:ctp-raw-decoder]: e cls=>inps:0
[37144:ctp-raw-decoder]: e cls=>inps:0
[37144:ctp-raw-decoder]: e cls=>inps:0
[37144:ctp-raw-decoder]: e cls=>inps:0
[37144:ctp-raw-decoder]: e cls=>inps:0
[37144:ctp-raw-decoder]: e cls=>inps:0
[37144:ctp-raw-decoder]: e cls=>inps:0
[37144:ctp-raw-decoder]: e cls=>inps:0
[37144:ctp-raw-decoder]: e cls=>inps:0
[37144:ctp-raw-decoder]: e cls=>inps:0
[37144:ctp-raw-decoder]: e cls=>inps:0
[37144:ctp-raw-decoder]: e cls=>inps:0
[37144:ctp-raw-decoder]: e cls=>inps:0
[37144:ctp-raw-decoder]: e cls=>inps:0
[37144:ctp-raw-decoder]: e cls=>inps:0
[37144:ctp-raw-decoder]: e cls=>inps:0
[37144:ctp-raw-decoder]: e cls=>inps:0
[37144:ctp-raw-decoder]: e cls=>inps:0
[37144:ctp-raw-decoder]: e cls=>inps:0
[37144:ctp-raw-decoder]: e cls=>inps:0
[37144:ctp-raw-decoder]: e cls=>inps:0
[37144:ctp-raw-decoder]: e cls=>inps:0
[37144:ctp-raw-decoder]: e cls=>inps:0
[37144:ctp-raw-decoder]: e cls=>inps:0
[37144:ctp-raw-decoder]: e cls=>inps:0
[37144:ctp-raw-decoder]: e cls=>inps:0
[37144:ctp-raw-decoder]: e cls=>inps:0
[37144:ctp-raw-decoder]: e cls=>inps:0
[37144:ctp-raw-decoder]: e cls=>inps:0
[37144:ctp-raw-decoder]: 0 cls=>inps:0
[37144:ctp-raw-decoder]: 1 cls=>inps:0
[37144:ctp-raw-decoder]: 2 cls=>inps:0
[37144:ctp-raw-decoder]: 6 cls=>inps:0
[37144:ctp-raw-decoder]: e cls=>inps:0
[37144:ctp-raw-decoder]: e cls=>inps:0
[37144:ctp-raw-decoder]: e cls=>inps:0
[37144:ctp-raw-decoder]: e cls=>inps:0
[37144:ctp-raw-decoder]: e cls=>inps:0
[37144:ctp-raw-decoder]: e cls=>inps:0
[37144:ctp-raw-decoder]: e cls=>inps:0
[37144:ctp-raw-decoder]: e cls=>inps:0
[37144:ctp-raw-decoder]: e cls=>inps:0
[37144:ctp-raw-decoder]: e cls=>inps:0
[37144:ctp-raw-decoder]: e cls=>inps:0
[37144:ctp-raw-decoder]: e cls=>inps:0
[37144:ctp-raw-decoder]: e cls=>inps:0
[37144:ctp-raw-decoder]: e cls=>inps:0
[37144:ctp-raw-decoder]: e cls=>inps:0
[37144:ctp-raw-decoder]: e cls=>inps:0
[37144:ctp-raw-decoder]: e cls=>inps:0
[37144:ctp-raw-decoder]: e cls=>inps:0
[37144:ctp-raw-decoder]: e cls=>inps:0
[37144:ctp-raw-decoder]: e cls=>inps:0
[37144:ctp-raw-decoder]: e cls=>inps:0
[37144:ctp-raw-decoder]: e cls=>inps:0
[37144:ctp-raw-decoder]: e cls=>inps:0
[37144:ctp-raw-decoder]: e cls=>inps:0
[37144:ctp-raw-decoder]: e cls=>inps:0
[37144:ctp-raw-decoder]: e cls=>inps:0
[37144:ctp-raw-decoder]: e cls=>inps:0
[37144:ctp-raw-decoder]: e cls=>inps:0
[37144:ctp-raw-decoder]: e cls=>inps:0
[37144:ctp-raw-decoder]: e cls=>inps:0
[37144:ctp-raw-decoder]: a cls=>inps:0
[37144:ctp-raw-decoder]: e cls=>inps:0
[37144:ctp-raw-decoder]: e cls=>inps:0
[37144:ctp-raw-decoder]: e cls=>inps:0
[37144:ctp-raw-decoder]: e cls=>inps:0
[37144:ctp-raw-decoder]: e cls=>inps:0
[37144:ctp-raw-decoder]: e cls=>inps:0
[37144:ctp-raw-decoder]: e cls=>inps:0
[37144:ctp-raw-decoder]: e cls=>inps:0
[37144:ctp-raw-decoder]: e cls=>inps:0
[37144:ctp-raw-decoder]: e cls=>inps:0
[37144:ctp-raw-decoder]: a cls=>inps:0
[37144:ctp-raw-decoder]: e cls=>inps:0
[37144:ctp-raw-decoder]: e cls=>inps:0
[37144:ctp-raw-decoder]: e cls=>inps:0
[37144:ctp-raw-decoder]: a cls=>inps:0
[37144:ctp-raw-decoder]: e cls=>inps:0
[37144:ctp-raw-decoder]: e cls=>inps:0
[37144:ctp-raw-decoder]: e cls=>inps:0
[37144:ctp-raw-decoder]: e cls=>inps:0
[37144:ctp-raw-decoder]: e cls=>inps:0
[37144:ctp-raw-decoder]: e cls=>inps:0
[37144:ctp-raw-decoder]: e cls=>inps:0
[37144:ctp-raw-decoder]: e cls=>inps:0
[37144:ctp-raw-decoder]: e cls=>inps:0
[37144:ctp-raw-decoder]: e cls=>inps:0
[37144:ctp-raw-decoder]: e cls=>inps:0
[37144:ctp-raw-decoder]: e cls=>inps:0
[37144:ctp-raw-decoder]: e cls=>inps:0
[37144:ctp-raw-decoder]: e cls=>inps:0
[37144:ctp-raw-decoder]: e cls=>inps:0
[37144:ctp-raw-decoder]: e cls=>inps:0
[37144:ctp-raw-decoder]: e cls=>inps:0
[37144:ctp-raw-decoder]: e cls=>inps:0
[37144:ctp-raw-decoder]: e cls=>inps:0
[37144:ctp-raw-decoder]: e cls=>inps:0
[37144:ctp-raw-decoder]: e cls=>inps:0
[37144:ctp-raw-decoder]: e cls=>inps:0
[37144:ctp-raw-decoder]: e cls=>inps:0
[37144:ctp-raw-decoder]: e cls=>inps:0
[37144:ctp-raw-decoder]: e cls=>inps:0
[37144:ctp-raw-decoder]: e cls=>inps:0
[37144:ctp-raw-decoder]: e cls=>inps:0
[37144:ctp-raw-decoder]: e cls=>inps:0
[37144:ctp-raw-decoder]: e cls=>inps:0
[37144:ctp-raw-decoder]: e cls=>inps:0
[37144:ctp-raw-decoder]: e cls=>inps:0
[37144:ctp-raw-decoder]: e cls=>inps:0
[37144:ctp-raw-decoder]: e cls=>inps:0
[37144:ctp-raw-decoder]: e cls=>inps:0
[37144:ctp-raw-decoder]: e cls=>inps:0
[37144:ctp-raw-decoder]: e cls=>inps:0
[37144:ctp-raw-decoder]: e cls=>inps:0
[37144:ctp-raw-decoder]: e cls=>inps:0
[37144:ctp-raw-decoder]: e cls=>inps:0
[37144:ctp-raw-decoder]: e cls=>inps:0
[37144:ctp-raw-decoder]: e cls=>inps:0
[37144:ctp-raw-decoder]: e cls=>inps:0
[37144:ctp-raw-decoder]: e cls=>inps:0
[37144:ctp-raw-decoder]: e cls=>inps:0
[37144:ctp-raw-decoder]: e cls=>inps:0
[37144:ctp-raw-decoder]: e cls=>inps:0
[37144:ctp-raw-decoder]: e cls=>inps:0
[37144:ctp-raw-decoder]: e cls=>inps:0
[37144:ctp-raw-decoder]: e cls=>inps:0
[37144:ctp-raw-decoder]: e cls=>inps:0
[37144:ctp-raw-decoder]: e cls=>inps:0
[37144:ctp-raw-decoder]: e cls=>inps:0
[37144:ctp-raw-decoder]: 0 cls=>inps:0
[37144:ctp-raw-decoder]: 1 cls=>inps:0
[37144:ctp-raw-decoder]: 2 cls=>inps:0
[37144:ctp-raw-decoder]: 6 cls=>inps:0
[37144:ctp-raw-decoder]: e cls=>inps:0
[37144:ctp-raw-decoder]: e cls=>inps:0
[37144:ctp-raw-decoder]: e cls=>inps:0
[37144:ctp-raw-decoder]: e cls=>inps:0
[37144:ctp-raw-decoder]: e cls=>inps:0
[37144:ctp-raw-decoder]: e cls=>inps:0
[37144:ctp-raw-decoder]: e cls=>inps:0
[37144:ctp-raw-decoder]: e cls=>inps:0
[37144:ctp-raw-decoder]: e cls=>inps:0
[37144:ctp-raw-decoder]: e cls=>inps:0
[37144:ctp-raw-decoder]: e cls=>inps:0
[37144:ctp-raw-decoder]: e cls=>inps:0
[37144:ctp-raw-decoder]: e cls=>inps:0
[37144:ctp-raw-decoder]: e cls=>inps:0
[37144:ctp-raw-decoder]: e cls=>inps:0
[37144:ctp-raw-decoder]: e cls=>inps:0
[37144:ctp-raw-decoder]: e cls=>inps:0
[37144:ctp-raw-decoder]: e cls=>inps:0
[37144:ctp-raw-decoder]: e cls=>inps:0
[37144:ctp-raw-decoder]: e cls=>inps:0
[37144:ctp-raw-decoder]: e cls=>inps:0
[37144:ctp-raw-decoder]: e cls=>inps:0
[37144:ctp-raw-decoder]: e cls=>inps:0
[37144:ctp-raw-decoder]: e cls=>inps:0
[37144:ctp-raw-decoder]: e cls=>inps:0
[37144:ctp-raw-decoder]: 0 cls=>inps:0
[37144:ctp-raw-decoder]: 1 cls=>inps:0
[37144:ctp-raw-decoder]: 2 cls=>inps:0
[37144:ctp-raw-decoder]: 6 cls=>inps:0
[37144:ctp-raw-decoder]: e cls=>inps:0
[37144:ctp-raw-decoder]: e cls=>inps:0
[37144:ctp-raw-decoder]: e cls=>inps:0
[37144:ctp-raw-decoder]: e cls=>inps:0
[37144:ctp-raw-decoder]: e cls=>inps:0
[37144:ctp-raw-decoder]: e cls=>inps:0
[37144:ctp-raw-decoder]: e cls=>inps:0
[37144:ctp-raw-decoder]: e cls=>inps:0
[37144:ctp-raw-decoder]: e cls=>inps:0
[37144:ctp-raw-decoder]: e cls=>inps:0
[37144:ctp-raw-decoder]: e cls=>inps:0
[37144:ctp-raw-decoder]: e cls=>inps:0
[37144:ctp-raw-decoder]: e cls=>inps:0
[37144:ctp-raw-decoder]: e cls=>inps:0
[37144:ctp-raw-decoder]: e cls=>inps:0
[37144:ctp-raw-decoder]: e cls=>inps:0
[37144:ctp-raw-decoder]: e cls=>inps:0
[37144:ctp-raw-decoder]: e cls=>inps:0
[37144:ctp-raw-decoder]: e cls=>inps:0
[37144:ctp-raw-decoder]: e cls=>inps:0
[37144:ctp-raw-decoder]: e cls=>inps:0
[37144:ctp-raw-decoder]: e cls=>inps:0
[37144:ctp-raw-decoder]: e cls=>inps:0
[37144:ctp-raw-decoder]: e cls=>inps:0
[37144:ctp-raw-decoder]: e cls=>inps:0
[37144:ctp-raw-decoder]: e cls=>inps:0
[37144:ctp-raw-decoder]: e cls=>inps:0
[37144:ctp-raw-decoder]: e cls=>inps:0
[37144:ctp-raw-decoder]: e cls=>inps:0
[37144:ctp-raw-decoder]: e cls=>inps:0
[37144:ctp-raw-decoder]: 0 cls=>inps:0
[37144:ctp-raw-decoder]: 1 cls=>inps:0
[37144:ctp-raw-decoder]: 2 cls=>inps:0
[37144:ctp-raw-decoder]: 6 cls=>inps:0
[37144:ctp-raw-decoder]: e cls=>inps:0
[37144:ctp-raw-decoder]: e cls=>inps:0
[37144:ctp-raw-decoder]: e cls=>inps:0
[37144:ctp-raw-decoder]: e cls=>inps:0
[37144:ctp-raw-decoder]: e cls=>inps:0
[37144:ctp-raw-decoder]: e cls=>inps:0
[37144:ctp-raw-decoder]: e cls=>inps:0
[37144:ctp-raw-decoder]: e cls=>inps:0
[37144:ctp-raw-decoder]: 0 cls=>inps:0
[37144:ctp-raw-decoder]: 1 cls=>inps:0
[37144:ctp-raw-decoder]: 2 cls=>inps:0
[37144:ctp-raw-decoder]: 6 cls=>inps:0
[37144:ctp-raw-decoder]: e cls=>inps:0
[37144:ctp-raw-decoder]: e cls=>inps:0
[37144:ctp-raw-decoder]: e cls=>inps:0
[37144:ctp-raw-decoder]: e cls=>inps:0
[37144:ctp-raw-decoder]: e cls=>inps:0
[37144:ctp-raw-decoder]: e cls=>inps:0
[37144:ctp-raw-decoder]: e cls=>inps:0
[37144:ctp-raw-decoder]: e cls=>inps:0
[37144:ctp-raw-decoder]: e cls=>inps:0
[37144:ctp-raw-decoder]: e cls=>inps:0
[37144:ctp-raw-decoder]: e cls=>inps:0
[37144:ctp-raw-decoder]: e cls=>inps:0
[37144:ctp-raw-decoder]: e cls=>inps:0
[37144:ctp-raw-decoder]: e cls=>inps:0
[37144:ctp-raw-decoder]: e cls=>inps:0
[37144:ctp-raw-decoder]: e cls=>inps:0
[37144:ctp-raw-decoder]: e cls=>inps:0
[37144:ctp-raw-decoder]: e cls=>inps:0
[37144:ctp-raw-decoder]: e cls=>inps:0
[37144:ctp-raw-decoder]: e cls=>inps:0
[37144:ctp-raw-decoder]: e cls=>inps:0
[37144:ctp-raw-decoder]: e cls=>inps:0
[37144:ctp-raw-decoder]: e cls=>inps:0
[37144:ctp-raw-decoder]: a cls=>inps:0
[37144:ctp-raw-decoder]: e cls=>inps:0
[37144:ctp-raw-decoder]: e cls=>inps:0
[37144:ctp-raw-decoder]: e cls=>inps:0
[37144:ctp-raw-decoder]: e cls=>inps:0
[37144:ctp-raw-decoder]: e cls=>inps:0
[37144:ctp-raw-decoder]: e cls=>inps:0
[37144:ctp-raw-decoder]: e cls=>inps:0
[37144:ctp-raw-decoder]: [18:22:26][ERROR] Cls=>Inps: CTP class:C1ZNC-B-NOPF-CRU inpmask:33554432 not compatible with inputs mask:1 BCid: 3268 Orbit: 154929375
[37144:ctp-raw-decoder]: e cls=>inps:1
[37144:ctp-raw-decoder]: [18:22:26][INFO] [CTPRawToDigitConverter - run] Writing 6811 digits. IR rejected:0 TCR rejected:22
[37145:ctp-digit-writer]: [18:22:26][INFO] CTPDigitWriter pulled 6811 digits
[37144:ctp-raw-decoder]: tforbit==================>93c2240 93c2240
[37144:ctp-raw-decoder]: tforbit==================>93c2240 93c2240
[37144:ctp-raw-decoder]: [18:22:26][INFO] LOST:BCid:    1 Orbit: 154935872 shift:15
[37144:ctp-raw-decoder]: [18:22:26][INFO] LOST:BCid:    4 Orbit: 154935872 shift:296
[37144:ctp-raw-decoder]: [18:22:26][INFO] LOST:BCid:   48 Orbit: 154935872 shift:296
[37144:ctp-raw-decoder]: [18:22:26][INFO] LOST:BCid:   62 Orbit: 154935872 shift:296
[37144:ctp-raw-decoder]: [18:22:26][INFO] LOST:BCid:   66 Orbit: 154935872 shift:296
[37144:ctp-raw-decoder]: [18:22:26][INFO] LOST:BCid:   72 Orbit: 154935872 shift:296
[37144:ctp-raw-decoder]: [18:22:26][INFO] LOST:BCid:   84 Orbit: 154935872 shift:296
[37144:ctp-raw-decoder]: [18:22:26][INFO] LOST:BCid:  282 Orbit: 154935872 shift:296
[37144:ctp-raw-decoder]: [18:22:26][INFO] Checking readout
[37144:ctp-raw-decoder]: e cls=>inps:1
[37144:ctp-raw-decoder]: e cls=>inps:1
[37144:ctp-raw-decoder]: e cls=>inps:1
[37144:ctp-raw-decoder]: e cls=>inps:1
[37144:ctp-raw-decoder]: e cls=>inps:1
[37144:ctp-raw-decoder]: e cls=>inps:1
[37144:ctp-raw-decoder]: e cls=>inps:1
[37144:ctp-raw-decoder]: e cls=>inps:1
[37144:ctp-raw-decoder]: e cls=>inps:1
[37144:ctp-raw-decoder]: e cls=>inps:1
[37144:ctp-raw-decoder]: e cls=>inps:1
[37144:ctp-raw-decoder]: e cls=>inps:1
[37144:ctp-raw-decoder]: e cls=>inps:1
[37144:ctp-raw-decoder]: e cls=>inps:1
[37144:ctp-raw-decoder]: e cls=>inps:1
[37144:ctp-raw-decoder]: e cls=>inps:1
[37144:ctp-raw-decoder]: e cls=>inps:1
[37144:ctp-raw-decoder]: e cls=>inps:1
[37144:ctp-raw-decoder]: e cls=>inps:1
[37144:ctp-raw-decoder]: e cls=>inps:1
[37144:ctp-raw-decoder]: e cls=>inps:1
[37144:ctp-raw-decoder]: e cls=>inps:1
[37144:ctp-raw-decoder]: e cls=>inps:1
[37144:ctp-raw-decoder]: e cls=>inps:1
[37144:ctp-raw-decoder]: e cls=>inps:1
[37144:ctp-raw-decoder]: e cls=>inps:1
[37144:ctp-raw-decoder]: e cls=>inps:1
[37144:ctp-raw-decoder]: e cls=>inps:1
[37144:ctp-raw-decoder]: e cls=>inps:1
[37144:ctp-raw-decoder]: e cls=>inps:1
[37144:ctp-raw-decoder]: e cls=>inps:1
[37144:ctp-raw-decoder]: e cls=>inps:1
[37144:ctp-raw-decoder]: e cls=>inps:1
[37144:ctp-raw-decoder]: e cls=>inps:1
[37144:ctp-raw-decoder]: e cls=>inps:1
[37144:ctp-raw-decoder]: e cls=>inps:1
[37144:ctp-raw-decoder]: e cls=>inps:1
[37144:ctp-raw-decoder]: e cls=>inps:1
[37144:ctp-raw-decoder]: e cls=>inps:1
[37144:ctp-raw-decoder]: e cls=>inps:1
[37144:ctp-raw-decoder]: e cls=>inps:1
[37144:ctp-raw-decoder]: e cls=>inps:1
[37144:ctp-raw-decoder]: e cls=>inps:1
[37144:ctp-raw-decoder]: e cls=>inps:1
[37144:ctp-raw-decoder]: e cls=>inps:1
[37144:ctp-raw-decoder]: e cls=>inps:1
[37144:ctp-raw-decoder]: e cls=>inps:1
[37144:ctp-raw-decoder]: e cls=>inps:1
[37144:ctp-raw-decoder]: e cls=>inps:1
[37144:ctp-raw-decoder]: e cls=>inps:1
[37144:ctp-raw-decoder]: a cls=>inps:0
[37144:ctp-raw-decoder]: e cls=>inps:1
[37144:ctp-raw-decoder]: e cls=>inps:1
[37144:ctp-raw-decoder]: e cls=>inps:1
[37144:ctp-raw-decoder]: e cls=>inps:1
[37144:ctp-raw-decoder]: e cls=>inps:1
[37144:ctp-raw-decoder]: e cls=>inps:1
[37144:ctp-raw-decoder]: e cls=>inps:1
[37144:ctp-raw-decoder]: e cls=>inps:1
[37144:ctp-raw-decoder]: e cls=>inps:1
[37144:ctp-raw-decoder]: e cls=>inps:1
[37144:ctp-raw-decoder]: e cls=>inps:1
[37144:ctp-raw-decoder]: e cls=>inps:1
[37144:ctp-raw-decoder]: e cls=>inps:1
[37144:ctp-raw-decoder]: e cls=>inps:1
[37144:ctp-raw-decoder]: e cls=>inps:1
[37144:ctp-raw-decoder]: e cls=>inps:1
[37144:ctp-raw-decoder]: e cls=>inps:1
[37144:ctp-raw-decoder]: e cls=>inps:1
[37144:ctp-raw-decoder]: e cls=>inps:1
[37144:ctp-raw-decoder]: e cls=>inps:1
[37144:ctp-raw-decoder]: e cls=>inps:1
[37144:ctp-raw-decoder]: e cls=>inps:1
[37144:ctp-raw-decoder]: e cls=>inps:1
[37144:ctp-raw-decoder]: e cls=>inps:1
[37144:ctp-raw-decoder]: e cls=>inps:1
[37144:ctp-raw-decoder]: e cls=>inps:1
[37144:ctp-raw-decoder]: e cls=>inps:1
[37144:ctp-raw-decoder]: e cls=>inps:1
[37144:ctp-raw-decoder]: e cls=>inps:1
[37144:ctp-raw-decoder]: e cls=>inps:1
[37144:ctp-raw-decoder]: e cls=>inps:1
[37144:ctp-raw-decoder]: e cls=>inps:1
[37144:ctp-raw-decoder]: e cls=>inps:1
[37144:ctp-raw-decoder]: e cls=>inps:1
[37144:ctp-raw-decoder]: e cls=>inps:1
[37144:ctp-raw-decoder]: e cls=>inps:1
[37144:ctp-raw-decoder]: e cls=>inps:1
[37144:ctp-raw-decoder]: e cls=>inps:1
[37144:ctp-raw-decoder]: e cls=>inps:1
[37144:ctp-raw-decoder]: e cls=>inps:1
[37144:ctp-raw-decoder]: e cls=>inps:1
[37144:ctp-raw-decoder]: e cls=>inps:1
[37144:ctp-raw-decoder]: e cls=>inps:1
[37144:ctp-raw-decoder]: 0 cls=>inps:0
[37144:ctp-raw-decoder]: 1 cls=>inps:0
[37144:ctp-raw-decoder]: 2 cls=>inps:0
[37144:ctp-raw-decoder]: 6 cls=>inps:0
[37144:ctp-raw-decoder]: e cls=>inps:1
[37144:ctp-raw-decoder]: e cls=>inps:1
[37144:ctp-raw-decoder]: e cls=>inps:1
[37144:ctp-raw-decoder]: e cls=>inps:1
[37144:ctp-raw-decoder]: e cls=>inps:1
[37144:ctp-raw-decoder]: e cls=>inps:1
[37144:ctp-raw-decoder]: e cls=>inps:1
[37144:ctp-raw-decoder]: e cls=>inps:1
[37144:ctp-raw-decoder]: e cls=>inps:1
[37144:ctp-raw-decoder]: e cls=>inps:1
[37144:ctp-raw-decoder]: e cls=>inps:1
[37144:ctp-raw-decoder]: e cls=>inps:1
[37144:ctp-raw-decoder]: e cls=>inps:1
[37144:ctp-raw-decoder]: e cls=>inps:1
[37144:ctp-raw-decoder]: e cls=>inps:1
[37144:ctp-raw-decoder]: e cls=>inps:1
[37144:ctp-raw-decoder]: e cls=>inps:1
[37144:ctp-raw-decoder]: e cls=>inps:1
[37144:ctp-raw-decoder]: e cls=>inps:1
[37144:ctp-raw-decoder]: e cls=>inps:1
[37144:ctp-raw-decoder]: e cls=>inps:1
[37144:ctp-raw-decoder]: e cls=>inps:1
[37144:ctp-raw-decoder]: e cls=>inps:1
[37144:ctp-raw-decoder]: e cls=>inps:1
[37144:ctp-raw-decoder]: e cls=>inps:1
[37144:ctp-raw-decoder]: e cls=>inps:1
[37144:ctp-raw-decoder]: e cls=>inps:1
[37144:ctp-raw-decoder]: e cls=>inps:1
[37144:ctp-raw-decoder]: e cls=>inps:1
[37144:ctp-raw-decoder]: e cls=>inps:1
[37144:ctp-raw-decoder]: e cls=>inps:1
[37144:ctp-raw-decoder]: e cls=>inps:1
[37144:ctp-raw-decoder]: e cls=>inps:1
[37144:ctp-raw-decoder]: e cls=>inps:1
[37144:ctp-raw-decoder]: e cls=>inps:1
[37144:ctp-raw-decoder]: e cls=>inps:1
[37144:ctp-raw-decoder]: e cls=>inps:1
[37144:ctp-raw-decoder]: e cls=>inps:1
[37144:ctp-raw-decoder]: e cls=>inps:1
[37144:ctp-raw-decoder]: e cls=>inps:1
[37144:ctp-raw-decoder]: e cls=>inps:1
[37144:ctp-raw-decoder]: e cls=>inps:1
[37144:ctp-raw-decoder]: e cls=>inps:1
[37144:ctp-raw-decoder]: e cls=>inps:1
[37144:ctp-raw-decoder]: e cls=>inps:1
[37144:ctp-raw-decoder]: e cls=>inps:1
[37144:ctp-raw-decoder]: e cls=>inps:1
[37144:ctp-raw-decoder]: e cls=>inps:1
[37144:ctp-raw-decoder]: e cls=>inps:1
[37144:ctp-raw-decoder]: e cls=>inps:1
[37144:ctp-raw-decoder]: e cls=>inps:1
[37144:ctp-raw-decoder]: e cls=>inps:1
[37144:ctp-raw-decoder]: e cls=>inps:1
[37144:ctp-raw-decoder]: e cls=>inps:1
[37144:ctp-raw-decoder]: e cls=>inps:1
[37144:ctp-raw-decoder]: e cls=>inps:1
[37144:ctp-raw-decoder]: e cls=>inps:1
[37144:ctp-raw-decoder]: e cls=>inps:1
[37144:ctp-raw-decoder]: e cls=>inps:1
[37144:ctp-raw-decoder]: e cls=>inps:1
[37144:ctp-raw-decoder]: e cls=>inps:1
[37144:ctp-raw-decoder]: e cls=>inps:1
[37144:ctp-raw-decoder]: e cls=>inps:1
[37144:ctp-raw-decoder]: e cls=>inps:1
[37144:ctp-raw-decoder]: e cls=>inps:1
[37144:ctp-raw-decoder]: e cls=>inps:1
[37144:ctp-raw-decoder]: e cls=>inps:1
[37144:ctp-raw-decoder]: e cls=>inps:1
[37144:ctp-raw-decoder]: e cls=>inps:1
[37144:ctp-raw-decoder]: e cls=>inps:1
[37144:ctp-raw-decoder]: e cls=>inps:1
[37144:ctp-raw-decoder]: e cls=>inps:1
[37144:ctp-raw-decoder]: e cls=>inps:1
[37144:ctp-raw-decoder]: e cls=>inps:1
[37144:ctp-raw-decoder]: e cls=>inps:1
[37144:ctp-raw-decoder]: e cls=>inps:1
[37144:ctp-raw-decoder]: e cls=>inps:1
[37144:ctp-raw-decoder]: e cls=>inps:1
[37144:ctp-raw-decoder]: e cls=>inps:1
[37144:ctp-raw-decoder]: e cls=>inps:1
[37144:ctp-raw-decoder]: e cls=>inps:1
[37144:ctp-raw-decoder]: e cls=>inps:1
[37144:ctp-raw-decoder]: e cls=>inps:1
[37144:ctp-raw-decoder]: e cls=>inps:1
[37144:ctp-raw-decoder]: e cls=>inps:1
[37144:ctp-raw-decoder]: e cls=>inps:1
[37144:ctp-raw-decoder]: e cls=>inps:1
[37144:ctp-raw-decoder]: e cls=>inps:1
[37144:ctp-raw-decoder]: e cls=>inps:1
[37144:ctp-raw-decoder]: e cls=>inps:1
[37144:ctp-raw-decoder]: e cls=>inps:1
[37144:ctp-raw-decoder]: e cls=>inps:1
[37144:ctp-raw-decoder]: e cls=>inps:1
[37144:ctp-raw-decoder]: e cls=>inps:1
[37144:ctp-raw-decoder]: e cls=>inps:1
[37144:ctp-raw-decoder]: e cls=>inps:1
[37144:ctp-raw-decoder]: e cls=>inps:1
[37144:ctp-raw-decoder]: e cls=>inps:1
[37144:ctp-raw-decoder]: e cls=>inps:1
[37144:ctp-raw-decoder]: e cls=>inps:1
[37144:ctp-raw-decoder]: e cls=>inps:1
[37144:ctp-raw-decoder]: e cls=>inps:1
[37144:ctp-raw-decoder]: e cls=>inps:1
[37144:ctp-raw-decoder]: e cls=>inps:1
[37144:ctp-raw-decoder]: e cls=>inps:1
[37144:ctp-raw-decoder]: e cls=>inps:1
[37144:ctp-raw-decoder]: a cls=>inps:0
[37144:ctp-raw-decoder]: e cls=>inps:1
[37144:ctp-raw-decoder]: e cls=>inps:1
[37144:ctp-raw-decoder]: e cls=>inps:1
[37144:ctp-raw-decoder]: e cls=>inps:1
[37144:ctp-raw-decoder]: e cls=>inps:1
[37144:ctp-raw-decoder]: e cls=>inps:1
[37144:ctp-raw-decoder]: e cls=>inps:1
[37144:ctp-raw-decoder]: e cls=>inps:1
[37144:ctp-raw-decoder]: 0 cls=>inps:0
[37144:ctp-raw-decoder]: 1 cls=>inps:0
[37144:ctp-raw-decoder]: 2 cls=>inps:0
[37144:ctp-raw-decoder]: 6 cls=>inps:0
[37144:ctp-raw-decoder]: e cls=>inps:1
[37144:ctp-raw-decoder]: e cls=>inps:1
[37144:ctp-raw-decoder]: e cls=>inps:1
[37144:ctp-raw-decoder]: e cls=>inps:1
[37144:ctp-raw-decoder]: e cls=>inps:1
[37144:ctp-raw-decoder]: e cls=>inps:1
[37144:ctp-raw-decoder]: e cls=>inps:1
[37144:ctp-raw-decoder]: e cls=>inps:1
[37144:ctp-raw-decoder]: e cls=>inps:1
[37144:ctp-raw-decoder]: e cls=>inps:1
[37144:ctp-raw-decoder]: e cls=>inps:1
[37144:ctp-raw-decoder]: e cls=>inps:1
[37144:ctp-raw-decoder]: e cls=>inps:1
[37144:ctp-raw-decoder]: e cls=>inps:1
[37144:ctp-raw-decoder]: e cls=>inps:1
[37144:ctp-raw-decoder]: e cls=>inps:1
[37144:ctp-raw-decoder]: e cls=>inps:1
[37144:ctp-raw-decoder]: e cls=>inps:1
[37144:ctp-raw-decoder]: e cls=>inps:1
[37144:ctp-raw-decoder]: e cls=>inps:1
[37144:ctp-raw-decoder]: e cls=>inps:1
[37144:ctp-raw-decoder]: e cls=>inps:1
[37144:ctp-raw-decoder]: e cls=>inps:1
[37144:ctp-raw-decoder]: e cls=>inps:1
[37144:ctp-raw-decoder]: e cls=>inps:1
[37144:ctp-raw-decoder]: e cls=>inps:1
[37144:ctp-raw-decoder]: e cls=>inps:1
[37144:ctp-raw-decoder]: e cls=>inps:1
[37144:ctp-raw-decoder]: a cls=>inps:0
[37144:ctp-raw-decoder]: e cls=>inps:1
[37144:ctp-raw-decoder]: e cls=>inps:1
[37144:ctp-raw-decoder]: e cls=>inps:1
[37144:ctp-raw-decoder]: e cls=>inps:1
[37144:ctp-raw-decoder]: e cls=>inps:1
[37144:ctp-raw-decoder]: e cls=>inps:1
[37144:ctp-raw-decoder]: e cls=>inps:1
[37144:ctp-raw-decoder]: e cls=>inps:1
[37144:ctp-raw-decoder]: e cls=>inps:1
[37144:ctp-raw-decoder]: e cls=>inps:1
[37144:ctp-raw-decoder]: e cls=>inps:1
[37144:ctp-raw-decoder]: e cls=>inps:1
[37144:ctp-raw-decoder]: e cls=>inps:1
[37144:ctp-raw-decoder]: e cls=>inps:1
[37144:ctp-raw-decoder]: e cls=>inps:1
[37144:ctp-raw-decoder]: e cls=>inps:1
[37144:ctp-raw-decoder]: e cls=>inps:1
[37144:ctp-raw-decoder]: e cls=>inps:1
[37144:ctp-raw-decoder]: e cls=>inps:1
[37144:ctp-raw-decoder]: e cls=>inps:1
[37144:ctp-raw-decoder]: e cls=>inps:1
[37144:ctp-raw-decoder]: e cls=>inps:1
[37144:ctp-raw-decoder]: e cls=>inps:1
[37144:ctp-raw-decoder]: e cls=>inps:1
[37144:ctp-raw-decoder]: e cls=>inps:1
[37144:ctp-raw-decoder]: e cls=>inps:1
[37144:ctp-raw-decoder]: e cls=>inps:1
[37144:ctp-raw-decoder]: e cls=>inps:1
[37144:ctp-raw-decoder]: e cls=>inps:1
[37144:ctp-raw-decoder]: e cls=>inps:1
[37144:ctp-raw-decoder]: e cls=>inps:1
[37144:ctp-raw-decoder]: e cls=>inps:1
[37144:ctp-raw-decoder]: e cls=>inps:1
[37144:ctp-raw-decoder]: e cls=>inps:1
[37144:ctp-raw-decoder]: e cls=>inps:1
[37144:ctp-raw-decoder]: e cls=>inps:1
[37144:ctp-raw-decoder]: e cls=>inps:1
[37144:ctp-raw-decoder]: e cls=>inps:1
[37144:ctp-raw-decoder]: e cls=>inps:1
[37144:ctp-raw-decoder]: e cls=>inps:1
[37144:ctp-raw-decoder]: e cls=>inps:1
[37144:ctp-raw-decoder]: e cls=>inps:1
[37144:ctp-raw-decoder]: e cls=>inps:1
[37144:ctp-raw-decoder]: e cls=>inps:1
[37144:ctp-raw-decoder]: e cls=>inps:1
[37144:ctp-raw-decoder]: e cls=>inps:1
[37144:ctp-raw-decoder]: e cls=>inps:1
[37144:ctp-raw-decoder]: e cls=>inps:1
[37144:ctp-raw-decoder]: e cls=>inps:1
[37144:ctp-raw-decoder]: e cls=>inps:1
[37144:ctp-raw-decoder]: e cls=>inps:1
[37144:ctp-raw-decoder]: e cls=>inps:1
[37144:ctp-raw-decoder]: e cls=>inps:1
[37144:ctp-raw-decoder]: e cls=>inps:1
[37144:ctp-raw-decoder]: e cls=>inps:1
[37144:ctp-raw-decoder]: e cls=>inps:1
[37144:ctp-raw-decoder]: e cls=>inps:1
[37144:ctp-raw-decoder]: e cls=>inps:1
[37144:ctp-raw-decoder]: e cls=>inps:1
[37144:ctp-raw-decoder]: e cls=>inps:1
[37144:ctp-raw-decoder]: e cls=>inps:1
[37144:ctp-raw-decoder]: e cls=>inps:1
[37144:ctp-raw-decoder]: e cls=>inps:1
[37144:ctp-raw-decoder]: e cls=>inps:1
[37144:ctp-raw-decoder]: e cls=>inps:1
[37144:ctp-raw-decoder]: e cls=>inps:1
[37144:ctp-raw-decoder]: e cls=>inps:1
[37144:ctp-raw-decoder]: e cls=>inps:1
[37144:ctp-raw-decoder]: e cls=>inps:1
[37144:ctp-raw-decoder]: e cls=>inps:1
[37144:ctp-raw-decoder]: e cls=>inps:1
[37144:ctp-raw-decoder]: e cls=>inps:1
[37144:ctp-raw-decoder]: e cls=>inps:1
[37144:ctp-raw-decoder]: e cls=>inps:1
[37144:ctp-raw-decoder]: e cls=>inps:1
[37144:ctp-raw-decoder]: e cls=>inps:1
[37144:ctp-raw-decoder]: e cls=>inps:1
[37144:ctp-raw-decoder]: e cls=>inps:1
[37144:ctp-raw-decoder]: e cls=>inps:1
[37144:ctp-raw-decoder]: e cls=>inps:1
[37144:ctp-raw-decoder]: e cls=>inps:1
[37144:ctp-raw-decoder]: e cls=>inps:1
[37144:ctp-raw-decoder]: e cls=>inps:1
[37144:ctp-raw-decoder]: e cls=>inps:1
[37144:ctp-raw-decoder]: e cls=>inps:1
[37144:ctp-raw-decoder]: e cls=>inps:1
[37144:ctp-raw-decoder]: e cls=>inps:1
[37144:ctp-raw-decoder]: e cls=>inps:1
[37144:ctp-raw-decoder]: e cls=>inps:1
[37144:ctp-raw-decoder]: e cls=>inps:1
[37144:ctp-raw-decoder]: 0 cls=>inps:0
[37144:ctp-raw-decoder]: 1 cls=>inps:0
[37144:ctp-raw-decoder]: 2 cls=>inps:0
[37144:ctp-raw-decoder]: 6 cls=>inps:0
[37144:ctp-raw-decoder]: e cls=>inps:1
[37144:ctp-raw-decoder]: e cls=>inps:1
[37144:ctp-raw-decoder]: e cls=>inps:1
[37144:ctp-raw-decoder]: e cls=>inps:1
[37144:ctp-raw-decoder]: 0 cls=>inps:0
[37144:ctp-raw-decoder]: 1 cls=>inps:0
[37144:ctp-raw-decoder]: 2 cls=>inps:0
[37144:ctp-raw-decoder]: 6 cls=>inps:0
[37144:ctp-raw-decoder]: e cls=>inps:1
[37144:ctp-raw-decoder]: e cls=>inps:1
[37144:ctp-raw-decoder]: e cls=>inps:1
[37144:ctp-raw-decoder]: e cls=>inps:1
[37144:ctp-raw-decoder]: e cls=>inps:1
[37144:ctp-raw-decoder]: e cls=>inps:1
[37144:ctp-raw-decoder]: e cls=>inps:1
[37144:ctp-raw-decoder]: e cls=>inps:1
[37144:ctp-raw-decoder]: e cls=>inps:1
[37144:ctp-raw-decoder]: e cls=>inps:1
[37144:ctp-raw-decoder]: e cls=>inps:1
[37144:ctp-raw-decoder]: e cls=>inps:1
[37144:ctp-raw-decoder]: e cls=>inps:1
[37144:ctp-raw-decoder]: e cls=>inps:1
[37144:ctp-raw-decoder]: e cls=>inps:1
[37144:ctp-raw-decoder]: e cls=>inps:1
[37144:ctp-raw-decoder]: e cls=>inps:1
[37144:ctp-raw-decoder]: e cls=>inps:1
[37144:ctp-raw-decoder]: e cls=>inps:1
[37144:ctp-raw-decoder]: e cls=>inps:1
[37144:ctp-raw-decoder]: e cls=>inps:1
[37144:ctp-raw-decoder]: e cls=>inps:1
[37144:ctp-raw-decoder]: e cls=>inps:1
[37144:ctp-raw-decoder]: e cls=>inps:1
[37144:ctp-raw-decoder]: e cls=>inps:1
[37144:ctp-raw-decoder]: e cls=>inps:1
[37144:ctp-raw-decoder]: e cls=>inps:1
[37144:ctp-raw-decoder]: e cls=>inps:1
[37144:ctp-raw-decoder]: e cls=>inps:1
[37144:ctp-raw-decoder]: e cls=>inps:1
[37144:ctp-raw-decoder]: e cls=>inps:1
[37144:ctp-raw-decoder]: e cls=>inps:1
[37144:ctp-raw-decoder]: e cls=>inps:1
[37144:ctp-raw-decoder]: e cls=>inps:1
[37144:ctp-raw-decoder]: e cls=>inps:1
[37144:ctp-raw-decoder]: e cls=>inps:1
[37144:ctp-raw-decoder]: e cls=>inps:1
[37144:ctp-raw-decoder]: e cls=>inps:1
[37144:ctp-raw-decoder]: e cls=>inps:1
[37144:ctp-raw-decoder]: e cls=>inps:1
[37144:ctp-raw-decoder]: e cls=>inps:1
[37144:ctp-raw-decoder]: e cls=>inps:1
[37144:ctp-raw-decoder]: e cls=>inps:1
[37144:ctp-raw-decoder]: e cls=>inps:1
[37144:ctp-raw-decoder]: e cls=>inps:1
[37144:ctp-raw-decoder]: e cls=>inps:1
[37144:ctp-raw-decoder]: e cls=>inps:1
[37144:ctp-raw-decoder]: a cls=>inps:0
[37144:ctp-raw-decoder]: e cls=>inps:1
[37144:ctp-raw-decoder]: 0 cls=>inps:0
[37144:ctp-raw-decoder]: 1 cls=>inps:0
[37144:ctp-raw-decoder]: 2 cls=>inps:0
[37144:ctp-raw-decoder]: 6 cls=>inps:0
[37144:ctp-raw-decoder]: e cls=>inps:1
[37144:ctp-raw-decoder]: e cls=>inps:1
[37144:ctp-raw-decoder]: e cls=>inps:1
[37144:ctp-raw-decoder]: e cls=>inps:1
[37144:ctp-raw-decoder]: e cls=>inps:1
[37144:ctp-raw-decoder]: e cls=>inps:1
[37144:ctp-raw-decoder]: e cls=>inps:1
[37144:ctp-raw-decoder]: e cls=>inps:1
[37144:ctp-raw-decoder]: e cls=>inps:1
[37144:ctp-raw-decoder]: e cls=>inps:1
[37144:ctp-raw-decoder]: e cls=>inps:1
[37144:ctp-raw-decoder]: e cls=>inps:1
[37144:ctp-raw-decoder]: e cls=>inps:1
[37144:ctp-raw-decoder]: e cls=>inps:1
[37144:ctp-raw-decoder]: e cls=>inps:1
[37144:ctp-raw-decoder]: e cls=>inps:1
[37144:ctp-raw-decoder]: e cls=>inps:1
[37144:ctp-raw-decoder]: e cls=>inps:1
[37144:ctp-raw-decoder]: e cls=>inps:1
[37144:ctp-raw-decoder]: e cls=>inps:1
[37144:ctp-raw-decoder]: e cls=>inps:1
[37144:ctp-raw-decoder]: e cls=>inps:1
[37144:ctp-raw-decoder]: e cls=>inps:1
[37144:ctp-raw-decoder]: e cls=>inps:1
[37144:ctp-raw-decoder]: e cls=>inps:1
[37144:ctp-raw-decoder]: e cls=>inps:1
[37144:ctp-raw-decoder]: e cls=>inps:1
[37144:ctp-raw-decoder]: e cls=>inps:1
[37144:ctp-raw-decoder]: e cls=>inps:1
[37144:ctp-raw-decoder]: 0 cls=>inps:0
[37144:ctp-raw-decoder]: 1 cls=>inps:0
[37144:ctp-raw-decoder]: 2 cls=>inps:0
[37144:ctp-raw-decoder]: 6 cls=>inps:0
[37144:ctp-raw-decoder]: e cls=>inps:1
[37144:ctp-raw-decoder]: e cls=>inps:1
[37144:ctp-raw-decoder]: e cls=>inps:1
[37144:ctp-raw-decoder]: e cls=>inps:1
[37144:ctp-raw-decoder]: e cls=>inps:1
[37144:ctp-raw-decoder]: e cls=>inps:1
[37144:ctp-raw-decoder]: e cls=>inps:1
[37144:ctp-raw-decoder]: e cls=>inps:1
[37144:ctp-raw-decoder]: e cls=>inps:1
[37144:ctp-raw-decoder]: e cls=>inps:1
[37144:ctp-raw-decoder]: e cls=>inps:1
[37144:ctp-raw-decoder]: e cls=>inps:1
[37144:ctp-raw-decoder]: e cls=>inps:1
[37144:ctp-raw-decoder]: e cls=>inps:1
[37144:ctp-raw-decoder]: e cls=>inps:1
[37144:ctp-raw-decoder]: e cls=>inps:1
[37144:ctp-raw-decoder]: e cls=>inps:1
[37144:ctp-raw-decoder]: e cls=>inps:1
[37144:ctp-raw-decoder]: e cls=>inps:1
[37144:ctp-raw-decoder]: e cls=>inps:1
[37144:ctp-raw-decoder]: e cls=>inps:1
[37144:ctp-raw-decoder]: e cls=>inps:1
[37144:ctp-raw-decoder]: e cls=>inps:1
[37144:ctp-raw-decoder]: e cls=>inps:1
[37144:ctp-raw-decoder]: e cls=>inps:1
[37144:ctp-raw-decoder]: e cls=>inps:1
[37144:ctp-raw-decoder]: e cls=>inps:1
[37144:ctp-raw-decoder]: e cls=>inps:1
[37144:ctp-raw-decoder]: e cls=>inps:1
[37144:ctp-raw-decoder]: e cls=>inps:1
[37144:ctp-raw-decoder]: e cls=>inps:1
[37144:ctp-raw-decoder]: e cls=>inps:1
[37144:ctp-raw-decoder]: e cls=>inps:1
[37144:ctp-raw-decoder]: e cls=>inps:1
[37144:ctp-raw-decoder]: e cls=>inps:1
[37144:ctp-raw-decoder]: e cls=>inps:1
[37144:ctp-raw-decoder]: e cls=>inps:1
[37144:ctp-raw-decoder]: e cls=>inps:1
[37144:ctp-raw-decoder]: e cls=>inps:1
[37144:ctp-raw-decoder]: e cls=>inps:1
[37144:ctp-raw-decoder]: e cls=>inps:1
[37144:ctp-raw-decoder]: e cls=>inps:1
[37144:ctp-raw-decoder]: e cls=>inps:1
[37144:ctp-raw-decoder]: e cls=>inps:1
[37144:ctp-raw-decoder]: e cls=>inps:1
[37144:ctp-raw-decoder]: e cls=>inps:1
[37144:ctp-raw-decoder]: e cls=>inps:1
[37144:ctp-raw-decoder]: e cls=>inps:1
[37144:ctp-raw-decoder]: 0 cls=>inps:0
[37144:ctp-raw-decoder]: 1 cls=>inps:0
[37144:ctp-raw-decoder]: 2 cls=>inps:0
[37144:ctp-raw-decoder]: 6 cls=>inps:0
[37144:ctp-raw-decoder]: e cls=>inps:1
[37144:ctp-raw-decoder]: e cls=>inps:1
[37144:ctp-raw-decoder]: e cls=>inps:1
[37144:ctp-raw-decoder]: e cls=>inps:1
[37144:ctp-raw-decoder]: e cls=>inps:1
[37144:ctp-raw-decoder]: e cls=>inps:1
[37144:ctp-raw-decoder]: e cls=>inps:1
[37144:ctp-raw-decoder]: e cls=>inps:1
[37144:ctp-raw-decoder]: e cls=>inps:1
[37144:ctp-raw-decoder]: e cls=>inps:1
[37144:ctp-raw-decoder]: e cls=>inps:1
[37144:ctp-raw-decoder]: e cls=>inps:1
[37144:ctp-raw-decoder]: e cls=>inps:1
[37144:ctp-raw-decoder]: e cls=>inps:1
[37144:ctp-raw-decoder]: e cls=>inps:1
[37144:ctp-raw-decoder]: e cls=>inps:1
[37144:ctp-raw-decoder]: e cls=>inps:1
[37144:ctp-raw-decoder]: e cls=>inps:1
[37144:ctp-raw-decoder]: e cls=>inps:1
[37144:ctp-raw-decoder]: e cls=>inps:1
[37144:ctp-raw-decoder]: e cls=>inps:1
[37144:ctp-raw-decoder]: e cls=>inps:1
[37144:ctp-raw-decoder]: e cls=>inps:1
[37144:ctp-raw-decoder]: e cls=>inps:1
[37144:ctp-raw-decoder]: e cls=>inps:1
[37144:ctp-raw-decoder]: e cls=>inps:1
[37144:ctp-raw-decoder]: e cls=>inps:1
[37144:ctp-raw-decoder]: e cls=>inps:1
[37144:ctp-raw-decoder]: e cls=>inps:1
[37144:ctp-raw-decoder]: e cls=>inps:1
[37144:ctp-raw-decoder]: e cls=>inps:1
[37144:ctp-raw-decoder]: e cls=>inps:1
[37144:ctp-raw-decoder]: e cls=>inps:1
[37144:ctp-raw-decoder]: e cls=>inps:1
[37144:ctp-raw-decoder]: e cls=>inps:1
[37144:ctp-raw-decoder]: a cls=>inps:0
[37144:ctp-raw-decoder]: e cls=>inps:1
[37144:ctp-raw-decoder]: e cls=>inps:1
[37144:ctp-raw-decoder]: e cls=>inps:1
[37144:ctp-raw-decoder]: e cls=>inps:1
[37144:ctp-raw-decoder]: e cls=>inps:1
[37144:ctp-raw-decoder]: e cls=>inps:1
[37144:ctp-raw-decoder]: e cls=>inps:1
[37144:ctp-raw-decoder]: e cls=>inps:1
[37144:ctp-raw-decoder]: e cls=>inps:1
[37144:ctp-raw-decoder]: e cls=>inps:1
[37144:ctp-raw-decoder]: e cls=>inps:1
[37144:ctp-raw-decoder]: e cls=>inps:1
[37144:ctp-raw-decoder]: e cls=>inps:1
[37144:ctp-raw-decoder]: e cls=>inps:1
[37144:ctp-raw-decoder]: e cls=>inps:1
[37144:ctp-raw-decoder]: e cls=>inps:1
[37144:ctp-raw-decoder]: e cls=>inps:1
[37144:ctp-raw-decoder]: e cls=>inps:1
[37144:ctp-raw-decoder]: e cls=>inps:1
[37144:ctp-raw-decoder]: e cls=>inps:1
[37144:ctp-raw-decoder]: e cls=>inps:1
[37144:ctp-raw-decoder]: e cls=>inps:1
[37144:ctp-raw-decoder]: e cls=>inps:1
[37144:ctp-raw-decoder]: e cls=>inps:1
[37144:ctp-raw-decoder]: e cls=>inps:1
[37144:ctp-raw-decoder]: e cls=>inps:1
[37144:ctp-raw-decoder]: e cls=>inps:1
[37144:ctp-raw-decoder]: e cls=>inps:1
[37144:ctp-raw-decoder]: e cls=>inps:1
[37144:ctp-raw-decoder]: e cls=>inps:1
[37144:ctp-raw-decoder]: e cls=>inps:1
[37144:ctp-raw-decoder]: e cls=>inps:1
[37144:ctp-raw-decoder]: e cls=>inps:1
[37144:ctp-raw-decoder]: e cls=>inps:1
[37144:ctp-raw-decoder]: e cls=>inps:1
[37144:ctp-raw-decoder]: e cls=>inps:1
[37144:ctp-raw-decoder]: e cls=>inps:1
[37144:ctp-raw-decoder]: e cls=>inps:1
[37144:ctp-raw-decoder]: e cls=>inps:1
[37144:ctp-raw-decoder]: e cls=>inps:1
[37144:ctp-raw-decoder]: e cls=>inps:1
[37144:ctp-raw-decoder]: e cls=>inps:1
[37144:ctp-raw-decoder]: e cls=>inps:1
[37144:ctp-raw-decoder]: e cls=>inps:1
[37144:ctp-raw-decoder]: e cls=>inps:1
[37144:ctp-raw-decoder]: e cls=>inps:1
[37144:ctp-raw-decoder]: e cls=>inps:1
[37144:ctp-raw-decoder]: e cls=>inps:1
[37144:ctp-raw-decoder]: e cls=>inps:1
[37144:ctp-raw-decoder]: e cls=>inps:1
[37144:ctp-raw-decoder]: e cls=>inps:1
[37144:ctp-raw-decoder]: e cls=>inps:1
[37144:ctp-raw-decoder]: e cls=>inps:1
[37144:ctp-raw-decoder]: e cls=>inps:1
[37144:ctp-raw-decoder]: e cls=>inps:1
[37144:ctp-raw-decoder]: e cls=>inps:1
[37144:ctp-raw-decoder]: e cls=>inps:1
[37144:ctp-raw-decoder]: e cls=>inps:1
[37144:ctp-raw-decoder]: e cls=>inps:1
[37144:ctp-raw-decoder]: a cls=>inps:0
[37144:ctp-raw-decoder]: e cls=>inps:1
[37144:ctp-raw-decoder]: e cls=>inps:1
[37144:ctp-raw-decoder]: e cls=>inps:1
[37144:ctp-raw-decoder]: e cls=>inps:1
[37144:ctp-raw-decoder]: e cls=>inps:1
[37144:ctp-raw-decoder]: e cls=>inps:1
[37144:ctp-raw-decoder]: e cls=>inps:1
[37144:ctp-raw-decoder]: e cls=>inps:1
[37144:ctp-raw-decoder]: e cls=>inps:1
[37144:ctp-raw-decoder]: e cls=>inps:1
[37144:ctp-raw-decoder]: e cls=>inps:1
[37144:ctp-raw-decoder]: e cls=>inps:1
[37144:ctp-raw-decoder]: e cls=>inps:1
[37144:ctp-raw-decoder]: e cls=>inps:1
[37144:ctp-raw-decoder]: e cls=>inps:1
[37144:ctp-raw-decoder]: a cls=>inps:0
[37144:ctp-raw-decoder]: e cls=>inps:1
[37144:ctp-raw-decoder]: e cls=>inps:1
[37144:ctp-raw-decoder]: e cls=>inps:1
[37144:ctp-raw-decoder]: e cls=>inps:1
[37144:ctp-raw-decoder]: e cls=>inps:1
[37144:ctp-raw-decoder]: e cls=>inps:1
[37144:ctp-raw-decoder]: e cls=>inps:1
[37144:ctp-raw-decoder]: e cls=>inps:1
[37144:ctp-raw-decoder]: e cls=>inps:1
[37144:ctp-raw-decoder]: e cls=>inps:1
[37144:ctp-raw-decoder]: e cls=>inps:1
[37144:ctp-raw-decoder]: e cls=>inps:1
[37144:ctp-raw-decoder]: e cls=>inps:1
[37144:ctp-raw-decoder]: e cls=>inps:1
[37144:ctp-raw-decoder]: e cls=>inps:1
[37144:ctp-raw-decoder]: e cls=>inps:1
[37144:ctp-raw-decoder]: e cls=>inps:1
[37144:ctp-raw-decoder]: e cls=>inps:1
[37144:ctp-raw-decoder]: e cls=>inps:1
[37144:ctp-raw-decoder]: e cls=>inps:1
[37144:ctp-raw-decoder]: e cls=>inps:1
[37144:ctp-raw-decoder]: e cls=>inps:1
[37144:ctp-raw-decoder]: e cls=>inps:1
[37144:ctp-raw-decoder]: e cls=>inps:1
[37144:ctp-raw-decoder]: e cls=>inps:1
[37144:ctp-raw-decoder]: e cls=>inps:1
[37144:ctp-raw-decoder]: e cls=>inps:1
[37144:ctp-raw-decoder]: e cls=>inps:1
[37144:ctp-raw-decoder]: 0 cls=>inps:0
[37144:ctp-raw-decoder]: 1 cls=>inps:0
[37144:ctp-raw-decoder]: 2 cls=>inps:0
[37144:ctp-raw-decoder]: 6 cls=>inps:0
[37144:ctp-raw-decoder]: e cls=>inps:1
[37144:ctp-raw-decoder]: e cls=>inps:1
[37144:ctp-raw-decoder]: e cls=>inps:1
[37144:ctp-raw-decoder]: e cls=>inps:1
[37144:ctp-raw-decoder]: e cls=>inps:1
[37144:ctp-raw-decoder]: e cls=>inps:1
[37144:ctp-raw-decoder]: e cls=>inps:1
[37144:ctp-raw-decoder]: 0 cls=>inps:0
[37144:ctp-raw-decoder]: 1 cls=>inps:0
[37144:ctp-raw-decoder]: 2 cls=>inps:0
[37144:ctp-raw-decoder]: 6 cls=>inps:0
[37144:ctp-raw-decoder]: e cls=>inps:1
[37144:ctp-raw-decoder]: e cls=>inps:1
[37144:ctp-raw-decoder]: e cls=>inps:1
[37144:ctp-raw-decoder]: e cls=>inps:1
[37144:ctp-raw-decoder]: e cls=>inps:1
[37144:ctp-raw-decoder]: e cls=>inps:1
[37144:ctp-raw-decoder]: e cls=>inps:1
[37144:ctp-raw-decoder]: e cls=>inps:1
[37144:ctp-raw-decoder]: e cls=>inps:1
[37144:ctp-raw-decoder]: e cls=>inps:1
[37144:ctp-raw-decoder]: e cls=>inps:1
[37144:ctp-raw-decoder]: e cls=>inps:1
[37144:ctp-raw-decoder]: e cls=>inps:1
[37144:ctp-raw-decoder]: e cls=>inps:1
[37144:ctp-raw-decoder]: e cls=>inps:1
[37144:ctp-raw-decoder]: e cls=>inps:1
[37144:ctp-raw-decoder]: e cls=>inps:1
[37144:ctp-raw-decoder]: e cls=>inps:1
[37144:ctp-raw-decoder]: e cls=>inps:1
[37144:ctp-raw-decoder]: e cls=>inps:1
[37144:ctp-raw-decoder]: e cls=>inps:1
[37144:ctp-raw-decoder]: e cls=>inps:1
[37144:ctp-raw-decoder]: e cls=>inps:1
[37144:ctp-raw-decoder]: e cls=>inps:1
[37144:ctp-raw-decoder]: e cls=>inps:1
[37144:ctp-raw-decoder]: e cls=>inps:1
[37144:ctp-raw-decoder]: e cls=>inps:1
[37144:ctp-raw-decoder]: e cls=>inps:1
[37144:ctp-raw-decoder]: e cls=>inps:1
[37144:ctp-raw-decoder]: e cls=>inps:1
[37144:ctp-raw-decoder]: e cls=>inps:1
[37144:ctp-raw-decoder]: e cls=>inps:1
[37144:ctp-raw-decoder]: e cls=>inps:1
[37144:ctp-raw-decoder]: e cls=>inps:1
[37144:ctp-raw-decoder]: e cls=>inps:1
[37144:ctp-raw-decoder]: e cls=>inps:1
[37144:ctp-raw-decoder]: e cls=>inps:1
[37144:ctp-raw-decoder]: e cls=>inps:1
[37144:ctp-raw-decoder]: e cls=>inps:1
[37144:ctp-raw-decoder]: e cls=>inps:1
[37144:ctp-raw-decoder]: e cls=>inps:1
[37144:ctp-raw-decoder]: e cls=>inps:1
[37144:ctp-raw-decoder]: e cls=>inps:1
[37144:ctp-raw-decoder]: e cls=>inps:1
[37144:ctp-raw-decoder]: e cls=>inps:1
[37144:ctp-raw-decoder]: e cls=>inps:1
[37144:ctp-raw-decoder]: e cls=>inps:1
[37144:ctp-raw-decoder]: e cls=>inps:1
[37144:ctp-raw-decoder]: e cls=>inps:1
[37144:ctp-raw-decoder]: e cls=>inps:1
[37144:ctp-raw-decoder]: e cls=>inps:1
[37144:ctp-raw-decoder]: e cls=>inps:1
[37144:ctp-raw-decoder]: e cls=>inps:1
[37144:ctp-raw-decoder]: e cls=>inps:1
[37144:ctp-raw-decoder]: e cls=>inps:1
[37144:ctp-raw-decoder]: e cls=>inps:1
[37144:ctp-raw-decoder]: e cls=>inps:1
[37144:ctp-raw-decoder]: e cls=>inps:1
[37144:ctp-raw-decoder]: e cls=>inps:1
[37144:ctp-raw-decoder]: e cls=>inps:1
[37144:ctp-raw-decoder]: e cls=>inps:1
[37144:ctp-raw-decoder]: e cls=>inps:1
[37144:ctp-raw-decoder]: e cls=>inps:1
[37144:ctp-raw-decoder]: e cls=>inps:1
[37144:ctp-raw-decoder]: e cls=>inps:1
[37144:ctp-raw-decoder]: e cls=>inps:1
[37144:ctp-raw-decoder]: e cls=>inps:1
[37144:ctp-raw-decoder]: e cls=>inps:1
[37144:ctp-raw-decoder]: e cls=>inps:1
[37144:ctp-raw-decoder]: e cls=>inps:1
[37144:ctp-raw-decoder]: e cls=>inps:1
[37144:ctp-raw-decoder]: e cls=>inps:1
[37144:ctp-raw-decoder]: e cls=>inps:1
[37144:ctp-raw-decoder]: e cls=>inps:1
[37144:ctp-raw-decoder]: e cls=>inps:1
[37144:ctp-raw-decoder]: 0 cls=>inps:0
[37144:ctp-raw-decoder]: 1 cls=>inps:0
[37144:ctp-raw-decoder]: 2 cls=>inps:0
[37144:ctp-raw-decoder]: 6 cls=>inps:0
[37144:ctp-raw-decoder]: e cls=>inps:1
[37144:ctp-raw-decoder]: e cls=>inps:1
[37144:ctp-raw-decoder]: e cls=>inps:1
[37144:ctp-raw-decoder]: e cls=>inps:1
[37144:ctp-raw-decoder]: e cls=>inps:1
[37144:ctp-raw-decoder]: e cls=>inps:1
[37144:ctp-raw-decoder]: e cls=>inps:1
[37144:ctp-raw-decoder]: e cls=>inps:1
[37144:ctp-raw-decoder]: e cls=>inps:1
[37144:ctp-raw-decoder]: e cls=>inps:1
[37144:ctp-raw-decoder]: e cls=>inps:1
[37144:ctp-raw-decoder]: e cls=>inps:1
[37144:ctp-raw-decoder]: e cls=>inps:1
[37144:ctp-raw-decoder]: e cls=>inps:1
[37144:ctp-raw-decoder]: e cls=>inps:1
[37144:ctp-raw-decoder]: e cls=>inps:1
[37144:ctp-raw-decoder]: e cls=>inps:1
[37144:ctp-raw-decoder]: e cls=>inps:1
[37144:ctp-raw-decoder]: e cls=>inps:1
[37144:ctp-raw-decoder]: e cls=>inps:1
[37144:ctp-raw-decoder]: e cls=>inps:1
[37144:ctp-raw-decoder]: e cls=>inps:1
[37144:ctp-raw-decoder]: e cls=>inps:1
[37144:ctp-raw-decoder]: e cls=>inps:1
[37144:ctp-raw-decoder]: e cls=>inps:1
[37144:ctp-raw-decoder]: e cls=>inps:1
[37144:ctp-raw-decoder]: e cls=>inps:1
[37144:ctp-raw-decoder]: e cls=>inps:1
[37144:ctp-raw-decoder]: e cls=>inps:1
[37144:ctp-raw-decoder]: e cls=>inps:1
[37144:ctp-raw-decoder]: e cls=>inps:1
[37144:ctp-raw-decoder]: e cls=>inps:1
[37144:ctp-raw-decoder]: e cls=>inps:1
[37144:ctp-raw-decoder]: e cls=>inps:1
[37144:ctp-raw-decoder]: e cls=>inps:1
[37144:ctp-raw-decoder]: e cls=>inps:1
[37144:ctp-raw-decoder]: e cls=>inps:1
[37144:ctp-raw-decoder]: e cls=>inps:1
[37144:ctp-raw-decoder]: e cls=>inps:1
[37144:ctp-raw-decoder]: e cls=>inps:1
[37144:ctp-raw-decoder]: e cls=>inps:1
[37144:ctp-raw-decoder]: e cls=>inps:1
[37144:ctp-raw-decoder]: e cls=>inps:1
[37144:ctp-raw-decoder]: e cls=>inps:1
[37144:ctp-raw-decoder]: a cls=>inps:0
[37144:ctp-raw-decoder]: e cls=>inps:1
[37144:ctp-raw-decoder]: e cls=>inps:1
[37144:ctp-raw-decoder]: e cls=>inps:1
[37144:ctp-raw-decoder]: e cls=>inps:1
[37144:ctp-raw-decoder]: e cls=>inps:1
[37144:ctp-raw-decoder]: e cls=>inps:1
[37144:ctp-raw-decoder]: e cls=>inps:1
[37144:ctp-raw-decoder]: e cls=>inps:1
[37144:ctp-raw-decoder]: e cls=>inps:1
[37144:ctp-raw-decoder]: e cls=>inps:1
[37144:ctp-raw-decoder]: e cls=>inps:1
[37144:ctp-raw-decoder]: e cls=>inps:1
[37144:ctp-raw-decoder]: e cls=>inps:1
[37144:ctp-raw-decoder]: e cls=>inps:1
[37144:ctp-raw-decoder]: e cls=>inps:1
[37144:ctp-raw-decoder]: e cls=>inps:1
[37144:ctp-raw-decoder]: e cls=>inps:1
[37144:ctp-raw-decoder]: e cls=>inps:1
[37144:ctp-raw-decoder]: e cls=>inps:1
[37144:ctp-raw-decoder]: e cls=>inps:1
[37144:ctp-raw-decoder]: e cls=>inps:1
[37144:ctp-raw-decoder]: e cls=>inps:1
[37144:ctp-raw-decoder]: e cls=>inps:1
[37144:ctp-raw-decoder]: e cls=>inps:1
[37144:ctp-raw-decoder]: e cls=>inps:1
[37144:ctp-raw-decoder]: e cls=>inps:1
[37144:ctp-raw-decoder]: e cls=>inps:1
[37144:ctp-raw-decoder]: e cls=>inps:1
[37144:ctp-raw-decoder]: e cls=>inps:1
[37144:ctp-raw-decoder]: e cls=>inps:1
[37144:ctp-raw-decoder]: e cls=>inps:1
[37144:ctp-raw-decoder]: e cls=>inps:1
[37144:ctp-raw-decoder]: e cls=>inps:1
[37144:ctp-raw-decoder]: e cls=>inps:1
[37144:ctp-raw-decoder]: e cls=>inps:1
[37144:ctp-raw-decoder]: e cls=>inps:1
[37144:ctp-raw-decoder]: e cls=>inps:1
[37144:ctp-raw-decoder]: e cls=>inps:1
[37144:ctp-raw-decoder]: e cls=>inps:1
[37144:ctp-raw-decoder]: e cls=>inps:1
[37144:ctp-raw-decoder]: e cls=>inps:1
[37144:ctp-raw-decoder]: e cls=>inps:1
[37144:ctp-raw-decoder]: e cls=>inps:1
[37144:ctp-raw-decoder]: e cls=>inps:1
[37144:ctp-raw-decoder]: e cls=>inps:1
[37144:ctp-raw-decoder]: e cls=>inps:1
[37144:ctp-raw-decoder]: e cls=>inps:1
[37144:ctp-raw-decoder]: e cls=>inps:1
[37144:ctp-raw-decoder]: e cls=>inps:1
[37144:ctp-raw-decoder]: e cls=>inps:1
[37144:ctp-raw-decoder]: e cls=>inps:1
[37144:ctp-raw-decoder]: e cls=>inps:1
[37144:ctp-raw-decoder]: e cls=>inps:1
[37144:ctp-raw-decoder]: e cls=>inps:1
[37144:ctp-raw-decoder]: e cls=>inps:1
[37144:ctp-raw-decoder]: e cls=>inps:1
[37144:ctp-raw-decoder]: e cls=>inps:1
[37144:ctp-raw-decoder]: e cls=>inps:1
[37144:ctp-raw-decoder]: e cls=>inps:1
[37144:ctp-raw-decoder]: e cls=>inps:1
[37144:ctp-raw-decoder]: e cls=>inps:1
[37144:ctp-raw-decoder]: e cls=>inps:1
[37144:ctp-raw-decoder]: e cls=>inps:1
[37144:ctp-raw-decoder]: e cls=>inps:1
[37144:ctp-raw-decoder]: e cls=>inps:1
[37144:ctp-raw-decoder]: e cls=>inps:1
[37144:ctp-raw-decoder]: e cls=>inps:1
[37144:ctp-raw-decoder]: e cls=>inps:1
[37144:ctp-raw-decoder]: e cls=>inps:1
[37144:ctp-raw-decoder]: e cls=>inps:1
[37144:ctp-raw-decoder]: e cls=>inps:1
[37144:ctp-raw-decoder]: e cls=>inps:1
[37144:ctp-raw-decoder]: e cls=>inps:1
[37144:ctp-raw-decoder]: e cls=>inps:1
[37144:ctp-raw-decoder]: e cls=>inps:1
[37144:ctp-raw-decoder]: e cls=>inps:1
[37144:ctp-raw-decoder]: e cls=>inps:1
[37144:ctp-raw-decoder]: e cls=>inps:1
[37144:ctp-raw-decoder]: e cls=>inps:1
[37144:ctp-raw-decoder]: e cls=>inps:1
[37144:ctp-raw-decoder]: e cls=>inps:1
[37144:ctp-raw-decoder]: e cls=>inps:1
[37144:ctp-raw-decoder]: e cls=>inps:1
[37144:ctp-raw-decoder]: e cls=>inps:1
[37144:ctp-raw-decoder]: e cls=>inps:1
[37144:ctp-raw-decoder]: e cls=>inps:1
[37144:ctp-raw-decoder]: e cls=>inps:1
[37144:ctp-raw-decoder]: 0 cls=>inps:0
[37144:ctp-raw-decoder]: 1 cls=>inps:0
[37144:ctp-raw-decoder]: 2 cls=>inps:0
[37144:ctp-raw-decoder]: 6 cls=>inps:0
[37144:ctp-raw-decoder]: e cls=>inps:1
[37144:ctp-raw-decoder]: e cls=>inps:1
[37144:ctp-raw-decoder]: e cls=>inps:1
[37144:ctp-raw-decoder]: e cls=>inps:1
[37144:ctp-raw-decoder]: e cls=>inps:1
[37144:ctp-raw-decoder]: e cls=>inps:1
[37144:ctp-raw-decoder]: e cls=>inps:1
[37144:ctp-raw-decoder]: e cls=>inps:1
[37144:ctp-raw-decoder]: e cls=>inps:1
[37144:ctp-raw-decoder]: e cls=>inps:1
[37144:ctp-raw-decoder]: e cls=>inps:1
[37144:ctp-raw-decoder]: e cls=>inps:1
[37144:ctp-raw-decoder]: e cls=>inps:1
[37144:ctp-raw-decoder]: e cls=>inps:1
[37144:ctp-raw-decoder]: e cls=>inps:1
[37144:ctp-raw-decoder]: e cls=>inps:1
[37144:ctp-raw-decoder]: 0 cls=>inps:0
[37144:ctp-raw-decoder]: 1 cls=>inps:0
[37144:ctp-raw-decoder]: 2 cls=>inps:0
[37144:ctp-raw-decoder]: 6 cls=>inps:0
[37144:ctp-raw-decoder]: e cls=>inps:1
[37144:ctp-raw-decoder]: e cls=>inps:1
[37144:ctp-raw-decoder]: e cls=>inps:1
[37144:ctp-raw-decoder]: e cls=>inps:1
[37144:ctp-raw-decoder]: e cls=>inps:1
[37144:ctp-raw-decoder]: e cls=>inps:1
[37144:ctp-raw-decoder]: e cls=>inps:1
[37144:ctp-raw-decoder]: e cls=>inps:1
[37144:ctp-raw-decoder]: e cls=>inps:1
[37144:ctp-raw-decoder]: e cls=>inps:1
[37144:ctp-raw-decoder]: e cls=>inps:1
[37144:ctp-raw-decoder]: e cls=>inps:1
[37144:ctp-raw-decoder]: e cls=>inps:1
[37144:ctp-raw-decoder]: e cls=>inps:1
[37144:ctp-raw-decoder]: e cls=>inps:1
[37144:ctp-raw-decoder]: e cls=>inps:1
[37144:ctp-raw-decoder]: e cls=>inps:1
[37144:ctp-raw-decoder]: e cls=>inps:1
[37144:ctp-raw-decoder]: e cls=>inps:1
[37144:ctp-raw-decoder]: e cls=>inps:1
[37144:ctp-raw-decoder]: e cls=>inps:1
[37144:ctp-raw-decoder]: e cls=>inps:1
[37144:ctp-raw-decoder]: e cls=>inps:1
[37144:ctp-raw-decoder]: e cls=>inps:1
[37144:ctp-raw-decoder]: e cls=>inps:1
[37144:ctp-raw-decoder]: e cls=>inps:1
[37144:ctp-raw-decoder]: e cls=>inps:1
[37144:ctp-raw-decoder]: e cls=>inps:1
[37144:ctp-raw-decoder]: 0 cls=>inps:0
[37144:ctp-raw-decoder]: 1 cls=>inps:0
[37144:ctp-raw-decoder]: 2 cls=>inps:0
[37144:ctp-raw-decoder]: 6 cls=>inps:0
[37144:ctp-raw-decoder]: e cls=>inps:1
[37144:ctp-raw-decoder]: e cls=>inps:1
[37144:ctp-raw-decoder]: e cls=>inps:1
[37144:ctp-raw-decoder]: e cls=>inps:1
[37144:ctp-raw-decoder]: e cls=>inps:1
[37144:ctp-raw-decoder]: e cls=>inps:1
[37144:ctp-raw-decoder]: e cls=>inps:1
[37144:ctp-raw-decoder]: e cls=>inps:1
[37144:ctp-raw-decoder]: e cls=>inps:1
[37144:ctp-raw-decoder]: e cls=>inps:1
[37144:ctp-raw-decoder]: e cls=>inps:1
[37144:ctp-raw-decoder]: e cls=>inps:1
[37144:ctp-raw-decoder]: e cls=>inps:1
[37144:ctp-raw-decoder]: e cls=>inps:1
[37144:ctp-raw-decoder]: e cls=>inps:1
[37144:ctp-raw-decoder]: e cls=>inps:1
[37144:ctp-raw-decoder]: e cls=>inps:1
[37144:ctp-raw-decoder]: e cls=>inps:1
[37144:ctp-raw-decoder]: e cls=>inps:1
[37144:ctp-raw-decoder]: a cls=>inps:0
[37144:ctp-raw-decoder]: e cls=>inps:1
[37144:ctp-raw-decoder]: e cls=>inps:1
[37144:ctp-raw-decoder]: e cls=>inps:1
[37144:ctp-raw-decoder]: e cls=>inps:1
[37144:ctp-raw-decoder]: e cls=>inps:1
[37144:ctp-raw-decoder]: e cls=>inps:1
[37144:ctp-raw-decoder]: e cls=>inps:1
[37144:ctp-raw-decoder]: e cls=>inps:1
[37144:ctp-raw-decoder]: e cls=>inps:1
[37144:ctp-raw-decoder]: e cls=>inps:1
[37144:ctp-raw-decoder]: e cls=>inps:1
[37144:ctp-raw-decoder]: e cls=>inps:1
[37144:ctp-raw-decoder]: e cls=>inps:1
[37144:ctp-raw-decoder]: e cls=>inps:1
[37144:ctp-raw-decoder]: e cls=>inps:1
[37144:ctp-raw-decoder]: e cls=>inps:1
[37144:ctp-raw-decoder]: e cls=>inps:1
[37144:ctp-raw-decoder]: e cls=>inps:1
[37144:ctp-raw-decoder]: e cls=>inps:1
[37144:ctp-raw-decoder]: e cls=>inps:1
[37144:ctp-raw-decoder]: e cls=>inps:1
[37144:ctp-raw-decoder]: e cls=>inps:1
[37144:ctp-raw-decoder]: e cls=>inps:1
[37144:ctp-raw-decoder]: e cls=>inps:1
[37144:ctp-raw-decoder]: e cls=>inps:1
[37144:ctp-raw-decoder]: e cls=>inps:1
[37144:ctp-raw-decoder]: e cls=>inps:1
[37144:ctp-raw-decoder]: e cls=>inps:1
[37144:ctp-raw-decoder]: a cls=>inps:0
[37144:ctp-raw-decoder]: e cls=>inps:1
[37144:ctp-raw-decoder]: e cls=>inps:1
[37144:ctp-raw-decoder]: e cls=>inps:1
[37144:ctp-raw-decoder]: e cls=>inps:1
[37144:ctp-raw-decoder]: e cls=>inps:1
[37144:ctp-raw-decoder]: e cls=>inps:1
[37144:ctp-raw-decoder]: e cls=>inps:1
[37144:ctp-raw-decoder]: e cls=>inps:1
[37144:ctp-raw-decoder]: e cls=>inps:1
[37144:ctp-raw-decoder]: e cls=>inps:1
[37144:ctp-raw-decoder]: e cls=>inps:1
[37144:ctp-raw-decoder]: e cls=>inps:1
[37144:ctp-raw-decoder]: e cls=>inps:1
[37144:ctp-raw-decoder]: e cls=>inps:1
[37144:ctp-raw-decoder]: e cls=>inps:1
[37144:ctp-raw-decoder]: e cls=>inps:1
[37144:ctp-raw-decoder]: e cls=>inps:1
[37144:ctp-raw-decoder]: e cls=>inps:1
[37144:ctp-raw-decoder]: e cls=>inps:1
[37144:ctp-raw-decoder]: e cls=>inps:1
[37144:ctp-raw-decoder]: e cls=>inps:1
[37144:ctp-raw-decoder]: e cls=>inps:1
[37144:ctp-raw-decoder]: e cls=>inps:1
[37144:ctp-raw-decoder]: e cls=>inps:1
[37144:ctp-raw-decoder]: e cls=>inps:1
[37144:ctp-raw-decoder]: e cls=>inps:1
[37144:ctp-raw-decoder]: e cls=>inps:1
[37144:ctp-raw-decoder]: e cls=>inps:1
[37144:ctp-raw-decoder]: e cls=>inps:1
[37144:ctp-raw-decoder]: e cls=>inps:1
[37144:ctp-raw-decoder]: e cls=>inps:1
[37144:ctp-raw-decoder]: e cls=>inps:1
[37144:ctp-raw-decoder]: e cls=>inps:1
[37144:ctp-raw-decoder]: e cls=>inps:1
[37144:ctp-raw-decoder]: a cls=>inps:0
[37144:ctp-raw-decoder]: e cls=>inps:1
[37144:ctp-raw-decoder]: e cls=>inps:1
[37144:ctp-raw-decoder]: e cls=>inps:1
[37144:ctp-raw-decoder]: e cls=>inps:1
[37144:ctp-raw-decoder]: e cls=>inps:1
[37144:ctp-raw-decoder]: e cls=>inps:1
[37144:ctp-raw-decoder]: e cls=>inps:1
[37144:ctp-raw-decoder]: e cls=>inps:1
[37144:ctp-raw-decoder]: e cls=>inps:1
[37144:ctp-raw-decoder]: e cls=>inps:1
[37144:ctp-raw-decoder]: e cls=>inps:1
[37144:ctp-raw-decoder]: e cls=>inps:1
[37144:ctp-raw-decoder]: e cls=>inps:1
[37144:ctp-raw-decoder]: e cls=>inps:1
[37144:ctp-raw-decoder]: e cls=>inps:1
[37144:ctp-raw-decoder]: e cls=>inps:1
[37144:ctp-raw-decoder]: e cls=>inps:1
[37144:ctp-raw-decoder]: e cls=>inps:1
[37144:ctp-raw-decoder]: e cls=>inps:1
[37144:ctp-raw-decoder]: e cls=>inps:1
[37144:ctp-raw-decoder]: e cls=>inps:1
[37144:ctp-raw-decoder]: e cls=>inps:1
[37144:ctp-raw-decoder]: e cls=>inps:1
[37144:ctp-raw-decoder]: e cls=>inps:1
[37144:ctp-raw-decoder]: 0 cls=>inps:0
[37144:ctp-raw-decoder]: 1 cls=>inps:0
[37144:ctp-raw-decoder]: 2 cls=>inps:0
[37144:ctp-raw-decoder]: 6 cls=>inps:0
[37144:ctp-raw-decoder]: e cls=>inps:1
[37144:ctp-raw-decoder]: e cls=>inps:1
[37144:ctp-raw-decoder]: e cls=>inps:1
[37144:ctp-raw-decoder]: e cls=>inps:1
[37144:ctp-raw-decoder]: a cls=>inps:0
[37144:ctp-raw-decoder]: e cls=>inps:1
[37144:ctp-raw-decoder]: e cls=>inps:1
[37144:ctp-raw-decoder]: e cls=>inps:1
[37144:ctp-raw-decoder]: e cls=>inps:1
[37144:ctp-raw-decoder]: e cls=>inps:1
[37144:ctp-raw-decoder]: e cls=>inps:1
[37144:ctp-raw-decoder]: e cls=>inps:1
[37144:ctp-raw-decoder]: e cls=>inps:1
[37144:ctp-raw-decoder]: e cls=>inps:1
[37144:ctp-raw-decoder]: e cls=>inps:1
[37144:ctp-raw-decoder]: e cls=>inps:1
[37144:ctp-raw-decoder]: e cls=>inps:1
[37144:ctp-raw-decoder]: e cls=>inps:1
[37144:ctp-raw-decoder]: e cls=>inps:1
[37144:ctp-raw-decoder]: e cls=>inps:1
[37144:ctp-raw-decoder]: e cls=>inps:1
[37144:ctp-raw-decoder]: e cls=>inps:1
[37144:ctp-raw-decoder]: e cls=>inps:1
[37144:ctp-raw-decoder]: e cls=>inps:1
[37144:ctp-raw-decoder]: e cls=>inps:1
[37144:ctp-raw-decoder]: e cls=>inps:1
[37144:ctp-raw-decoder]: e cls=>inps:1
[37144:ctp-raw-decoder]: e cls=>inps:1
[37144:ctp-raw-decoder]: e cls=>inps:1
[37144:ctp-raw-decoder]: e cls=>inps:1
[37144:ctp-raw-decoder]: e cls=>inps:1
[37144:ctp-raw-decoder]: e cls=>inps:1
[37144:ctp-raw-decoder]: e cls=>inps:1
[37144:ctp-raw-decoder]: e cls=>inps:1
[37144:ctp-raw-decoder]: e cls=>inps:1
[37144:ctp-raw-decoder]: e cls=>inps:1
[37144:ctp-raw-decoder]: e cls=>inps:1
[37144:ctp-raw-decoder]: e cls=>inps:1
[37144:ctp-raw-decoder]: e cls=>inps:1
[37144:ctp-raw-decoder]: e cls=>inps:1
[37144:ctp-raw-decoder]: e cls=>inps:1
[37144:ctp-raw-decoder]: e cls=>inps:1
[37144:ctp-raw-decoder]: e cls=>inps:1
[37144:ctp-raw-decoder]: e cls=>inps:1
[37144:ctp-raw-decoder]: e cls=>inps:1
[37144:ctp-raw-decoder]: [18:22:26][INFO] [CTPRawToDigitConverter - run] Writing 6775 digits. IR rejected:0 TCR rejected:27
[37145:ctp-digit-writer]: [18:22:26][INFO] CTPDigitWriter pulled 6775 digits
[37144:ctp-raw-decoder]: Missing orbits: 93b2340-93b3cc0 93b3cc0-93b5640 93b5640-93b6fc0 93b6fc0-93b8940 93b8940-93ba2c0 93ba2c0-93bbc40 93bbc40-93bd5c0 93bd5c0-93bef40 93bef40-93c08c0 93c08c0-93c2240
[37144:ctp-raw-decoder]: [18:22:26][INFO] Number of non continous TF:2040
[37144:ctp-raw-decoder]: 
[37144:ctp-raw-decoder]: [18:22:26][INFO] Lost in shiftInputs:432
[37144:ctp-raw-decoder]: [18:22:26][INFO] Lost in addDigit Inputs:0 Classes:156
[37144:ctp-raw-decoder]: [18:22:26][INFO] Lost due to the shift Consistency Checker:192
[37144:ctp-raw-decoder]: [18:22:26][IMPORTANT] CLASS:CMTCE-B-NOPF-CRU:0 Cls=>Inp:1279 Inp=>Cls:1279  ErrorsCls=>Inps:0  MissingInps=>Cls:0
[37144:ctp-raw-decoder]: [18:22:26][IMPORTANT] CLASS:CMVCH-B-NOPF-CRU:1 Cls=>Inp:1222 Inp=>Cls:1222  ErrorsCls=>Inps:0  MissingInps=>Cls:0
[37144:ctp-raw-decoder]: [18:22:26][IMPORTANT] CLASS:CMTVXTCE-B-NOPF-CRU:2 Cls=>Inp:1279 Inp=>Cls:1279  ErrorsCls=>Inps:0  MissingInps=>Cls:0
[37144:ctp-raw-decoder]: [18:22:26][IMPORTANT] CLASS:CMTVXTCE-A-NOPF-CRU:3 Cls=>Inp:0 Inp=>Cls:1279  ErrorsCls=>Inps:0  MissingInps=>Cls:1138
[37144:ctp-raw-decoder]: [18:22:26][IMPORTANT] CLASS:CMTVXTCE-C-NOPF-CRU:4 Cls=>Inp:0 Inp=>Cls:1279  ErrorsCls=>Inps:0  MissingInps=>Cls:1138
[37144:ctp-raw-decoder]: [18:22:26][IMPORTANT] CLASS:CMTVXTCE-E-NOPF-CRU:5 Cls=>Inp:0 Inp=>Cls:1279  ErrorsCls=>Inps:0  MissingInps=>Cls:1138
[37144:ctp-raw-decoder]: [18:22:26][IMPORTANT] CLASS:CMTVXVCH-B-NOPF-CRU:6 Cls=>Inp:1222 Inp=>Cls:1222  ErrorsCls=>Inps:0  MissingInps=>Cls:0
[37144:ctp-raw-decoder]: [18:22:26][IMPORTANT] CLASS:CMTVXVCH-A-NOPF-CRU:7 Cls=>Inp:0 Inp=>Cls:1222  ErrorsCls=>Inps:0  MissingInps=>Cls:1086
[37144:ctp-raw-decoder]: [18:22:26][IMPORTANT] CLASS:CMTVXVCH-C-NOPF-CRU:8 Cls=>Inp:0 Inp=>Cls:1222  ErrorsCls=>Inps:0  MissingInps=>Cls:1086
[37144:ctp-raw-decoder]: [18:22:26][IMPORTANT] CLASS:CMTVXVCH-E-NOPF-CRU:9 Cls=>Inp:0 Inp=>Cls:1222  ErrorsCls=>Inps:0  MissingInps=>Cls:1086
[37144:ctp-raw-decoder]: [18:22:26][IMPORTANT] CLASS:CMTVXTSC-B-NOPF-CRU:10 Cls=>Inp:1053 Inp=>Cls:1085  ErrorsCls=>Inps:0  MissingInps=>Cls:12
[37144:ctp-raw-decoder]: [18:22:26][IMPORTANT] CLASS:CMTVXTSC-A-NOPF-CRU:11 Cls=>Inp:0 Inp=>Cls:1085  ErrorsCls=>Inps:0  MissingInps=>Cls:964
[37144:ctp-raw-decoder]: [18:22:26][IMPORTANT] CLASS:CMTVXTSC-C-NOPF-CRU:12 Cls=>Inp:0 Inp=>Cls:1085  ErrorsCls=>Inps:0  MissingInps=>Cls:964
[37144:ctp-raw-decoder]: [18:22:26][IMPORTANT] CLASS:CMTVXTSC-E-NOPF-CRU:13 Cls=>Inp:0 Inp=>Cls:1085  ErrorsCls=>Inps:0  MissingInps=>Cls:964
[37144:ctp-raw-decoder]: [18:22:26][ERROR]  Class without inputs:
[37144:ctp-raw-decoder]: [18:22:26][IMPORTANT] CLASS:C1ZNC-B-NOPF-CRU:14 Cls=>Inp:64912 Inp=>Cls:64997  ErrorsCls=>Inps:2  MissingInps=>Cls:87
[37144:ctp-raw-decoder]: [18:22:26][IMPORTANT] CLASS:CMTRUE-B-NOPF-CRU:15 Cls=>Inp:0 Inp=>Cls:0  ErrorsCls=>Inps:0  MissingInps=>Cls:0
[37144:ctp-raw-decoder]: [18:22:26][IMPORTANT] CLASS:Cls16:16 Cls=>Inp:0 Inp=>Cls:0  ErrorsCls=>Inps:0  MissingInps=>Cls:0
[37144:ctp-raw-decoder]: [18:22:26][IMPORTANT] CLASS:Cls17:17 Cls=>Inp:0 Inp=>Cls:0  ErrorsCls=>Inps:0  MissingInps=>Cls:0
[37144:ctp-raw-decoder]: [18:22:26][IMPORTANT] CLASS:Cls18:18 Cls=>Inp:0 Inp=>Cls:0  ErrorsCls=>Inps:0  MissingInps=>Cls:0
[37144:ctp-raw-decoder]: [18:22:26][IMPORTANT] CLASS:Cls19:19 Cls=>Inp:0 Inp=>Cls:0  ErrorsCls=>Inps:0  MissingInps=>Cls:0
[37144:ctp-raw-decoder]: [18:22:26][IMPORTANT] CLASS:Cls20:20 Cls=>Inp:0 Inp=>Cls:0  ErrorsCls=>Inps:0  MissingInps=>Cls:0
[37144:ctp-raw-decoder]: [18:22:26][IMPORTANT] CLASS:Cls21:21 Cls=>Inp:0 Inp=>Cls:0  ErrorsCls=>Inps:0  MissingInps=>Cls:0
[37144:ctp-raw-decoder]: [18:22:26][IMPORTANT] CLASS:Cls22:22 Cls=>Inp:0 Inp=>Cls:0  ErrorsCls=>Inps:0  MissingInps=>Cls:0
[37144:ctp-raw-decoder]: [18:22:26][IMPORTANT] CLASS:Cls23:23 Cls=>Inp:0 Inp=>Cls:0  ErrorsCls=>Inps:0  MissingInps=>Cls:0
[37144:ctp-raw-decoder]: [18:22:26][IMPORTANT] CLASS:Cls24:24 Cls=>Inp:0 Inp=>Cls:0  ErrorsCls=>Inps:0  MissingInps=>Cls:0
[37144:ctp-raw-decoder]: [18:22:26][IMPORTANT] CLASS:Cls25:25 Cls=>Inp:0 Inp=>Cls:0  ErrorsCls=>Inps:0  MissingInps=>Cls:0
[37144:ctp-raw-decoder]: [18:22:26][IMPORTANT] CLASS:Cls26:26 Cls=>Inp:0 Inp=>Cls:0  ErrorsCls=>Inps:0  MissingInps=>Cls:0
[37144:ctp-raw-decoder]: [18:22:26][IMPORTANT] CLASS:Cls27:27 Cls=>Inp:0 Inp=>Cls:0  ErrorsCls=>Inps:0  MissingInps=>Cls:0
[37144:ctp-raw-decoder]: [18:22:26][IMPORTANT] CLASS:Cls28:28 Cls=>Inp:0 Inp=>Cls:0  ErrorsCls=>Inps:0  MissingInps=>Cls:0
[37144:ctp-raw-decoder]: [18:22:26][IMPORTANT] CLASS:Cls29:29 Cls=>Inp:0 Inp=>Cls:0  ErrorsCls=>Inps:0  MissingInps=>Cls:0
[37144:ctp-raw-decoder]: [18:22:26][IMPORTANT] CLASS:Cls30:30 Cls=>Inp:0 Inp=>Cls:0  ErrorsCls=>Inps:0  MissingInps=>Cls:0
[37144:ctp-raw-decoder]: [18:22:26][IMPORTANT] CLASS:Cls31:31 Cls=>Inp:0 Inp=>Cls:0  ErrorsCls=>Inps:0  MissingInps=>Cls:0
[37144:ctp-raw-decoder]: [18:22:26][IMPORTANT] CLASS:Cls32:32 Cls=>Inp:0 Inp=>Cls:0  ErrorsCls=>Inps:0  MissingInps=>Cls:0
[37144:ctp-raw-decoder]: [18:22:26][IMPORTANT] CLASS:Cls33:33 Cls=>Inp:0 Inp=>Cls:0  ErrorsCls=>Inps:0  MissingInps=>Cls:0
[37144:ctp-raw-decoder]: [18:22:26][IMPORTANT] CLASS:Cls34:34 Cls=>Inp:0 Inp=>Cls:0  ErrorsCls=>Inps:0  MissingInps=>Cls:0
[37144:ctp-raw-decoder]: [18:22:26][IMPORTANT] CLASS:Cls35:35 Cls=>Inp:0 Inp=>Cls:0  ErrorsCls=>Inps:0  MissingInps=>Cls:0
[37144:ctp-raw-decoder]: [18:22:26][IMPORTANT] CLASS:Cls36:36 Cls=>Inp:0 Inp=>Cls:0  ErrorsCls=>Inps:0  MissingInps=>Cls:0
[37144:ctp-raw-decoder]: [18:22:26][IMPORTANT] CLASS:Cls37:37 Cls=>Inp:0 Inp=>Cls:0  ErrorsCls=>Inps:0  MissingInps=>Cls:0
[37144:ctp-raw-decoder]: [18:22:26][IMPORTANT] CLASS:Cls38:38 Cls=>Inp:0 Inp=>Cls:0  ErrorsCls=>Inps:0  MissingInps=>Cls:0
[37144:ctp-raw-decoder]: [18:22:26][IMPORTANT] CLASS:Cls39:39 Cls=>Inp:0 Inp=>Cls:0  ErrorsCls=>Inps:0  MissingInps=>Cls:0
[37144:ctp-raw-decoder]: [18:22:26][IMPORTANT] CLASS:Cls40:40 Cls=>Inp:0 Inp=>Cls:0  ErrorsCls=>Inps:0  MissingInps=>Cls:0
[37144:ctp-raw-decoder]: [18:22:26][IMPORTANT] CLASS:Cls41:41 Cls=>Inp:0 Inp=>Cls:0  ErrorsCls=>Inps:0  MissingInps=>Cls:0
[37144:ctp-raw-decoder]: [18:22:26][IMPORTANT] CLASS:Cls42:42 Cls=>Inp:0 Inp=>Cls:0  ErrorsCls=>Inps:0  MissingInps=>Cls:0
[37144:ctp-raw-decoder]: [18:22:26][IMPORTANT] CLASS:Cls43:43 Cls=>Inp:0 Inp=>Cls:0  ErrorsCls=>Inps:0  MissingInps=>Cls:0
[37144:ctp-raw-decoder]: [18:22:26][IMPORTANT] CLASS:Cls44:44 Cls=>Inp:0 Inp=>Cls:0  ErrorsCls=>Inps:0  MissingInps=>Cls:0
[37144:ctp-raw-decoder]: [18:22:26][IMPORTANT] CLASS:Cls45:45 Cls=>Inp:0 Inp=>Cls:0  ErrorsCls=>Inps:0  MissingInps=>Cls:0
[37144:ctp-raw-decoder]: [18:22:26][IMPORTANT] CLASS:Cls46:46 Cls=>Inp:0 Inp=>Cls:0  ErrorsCls=>Inps:0  MissingInps=>Cls:0
[37144:ctp-raw-decoder]: [18:22:26][IMPORTANT] CLASS:Cls47:47 Cls=>Inp:0 Inp=>Cls:0  ErrorsCls=>Inps:0  MissingInps=>Cls:0
[37144:ctp-raw-decoder]: [18:22:26][IMPORTANT] CLASS:Cls48:48 Cls=>Inp:0 Inp=>Cls:0  ErrorsCls=>Inps:0  MissingInps=>Cls:0
[37144:ctp-raw-decoder]: [18:22:26][IMPORTANT] CLASS:Cls49:49 Cls=>Inp:0 Inp=>Cls:0  ErrorsCls=>Inps:0  MissingInps=>Cls:0
[37144:ctp-raw-decoder]: [18:22:26][IMPORTANT] CLASS:Cls50:50 Cls=>Inp:0 Inp=>Cls:0  ErrorsCls=>Inps:0  MissingInps=>Cls:0
[37144:ctp-raw-decoder]: [18:22:26][IMPORTANT] CLASS:Cls51:51 Cls=>Inp:0 Inp=>Cls:0  ErrorsCls=>Inps:0  MissingInps=>Cls:0
[37144:ctp-raw-decoder]: [18:22:26][IMPORTANT] CLASS:Cls52:52 Cls=>Inp:0 Inp=>Cls:0  ErrorsCls=>Inps:0  MissingInps=>Cls:0
[37144:ctp-raw-decoder]: [18:22:26][IMPORTANT] CLASS:Cls53:53 Cls=>Inp:0 Inp=>Cls:0  ErrorsCls=>Inps:0  MissingInps=>Cls:0
[37144:ctp-raw-decoder]: [18:22:26][IMPORTANT] CLASS:Cls54:54 Cls=>Inp:0 Inp=>Cls:0  ErrorsCls=>Inps:0  MissingInps=>Cls:0
[37144:ctp-raw-decoder]: [18:22:26][IMPORTANT] CLASS:Cls55:55 Cls=>Inp:0 Inp=>Cls:0  ErrorsCls=>Inps:0  MissingInps=>Cls:0
[37144:ctp-raw-decoder]: [18:22:26][IMPORTANT] CLASS:Cls56:56 Cls=>Inp:0 Inp=>Cls:0  ErrorsCls=>Inps:0  MissingInps=>Cls:0
[37144:ctp-raw-decoder]: [18:22:26][IMPORTANT] CLASS:Cls57:57 Cls=>Inp:0 Inp=>Cls:0  ErrorsCls=>Inps:0  MissingInps=>Cls:0
[37144:ctp-raw-decoder]: [18:22:26][IMPORTANT] CLASS:Cls58:58 Cls=>Inp:0 Inp=>Cls:0  ErrorsCls=>Inps:0  MissingInps=>Cls:0
[37144:ctp-raw-decoder]: [18:22:26][IMPORTANT] CLASS:Cls59:59 Cls=>Inp:0 Inp=>Cls:0  ErrorsCls=>Inps:0  MissingInps=>Cls:0
[37144:ctp-raw-decoder]: [18:22:26][IMPORTANT] CLASS:Cls60:60 Cls=>Inp:0 Inp=>Cls:0  ErrorsCls=>Inps:0  MissingInps=>Cls:0
[37144:ctp-raw-decoder]: [18:22:26][IMPORTANT] CLASS:Cls61:61 Cls=>Inp:0 Inp=>Cls:0  ErrorsCls=>Inps:0  MissingInps=>Cls:0
[37144:ctp-raw-decoder]: [18:22:26][IMPORTANT] CLASS:Cls62:62 Cls=>Inp:0 Inp=>Cls:0  ErrorsCls=>Inps:0  MissingInps=>Cls:0
[37144:ctp-raw-decoder]: [18:22:26][IMPORTANT] CLASS:Cls63:63 Cls=>Inp:0 Inp=>Cls:0  ErrorsCls=>Inps:0  MissingInps=>Cls:0
[37144:ctp-raw-decoder]: [18:22:26][INFO] Sending end-of-stream message to channel from_ctp-raw-decoder_to_ctp-digit-writer
[INFO] Quitting
[INFO] Quit requested at Wed May 27 18:22:26 2026

[37146:internal-dpl-injected-dummy-sink]: [18:22:26][INFO] Received device shutdown request (signal 15).
[37146:internal-dpl-injected-dummy-sink]: [18:22:26][INFO] Waiting for graceful device shutdown. Hit Ctrl-C again to abort immediately.
[37146:internal-dpl-injected-dummy-sink]: [18:22:26][INFO] New state requested. No timeout set, quitting immediately as per --completion-policy
[37146:internal-dpl-injected-dummy-sink]: [18:22:26][STATE] RUNNING ---> READY
[37146:internal-dpl-injected-dummy-sink]: [18:22:26][STATE] READY ---> RESETTING TASK
[37146:internal-dpl-injected-dummy-sink]: [18:22:26][STATE] RESETTING TASK ---> DEVICE READY
[37146:internal-dpl-injected-dummy-sink]: [18:22:26][STATE] DEVICE READY ---> RESETTING DEVICE
[37146:internal-dpl-injected-dummy-sink]: [18:22:26][STATE] RESETTING DEVICE ---> IDLE
[37146:internal-dpl-injected-dummy-sink]: [18:22:26][STATE] IDLE ---> EXITING
[37146:internal-dpl-injected-dummy-sink]: [18:22:26][STATE] Exiting FairMQ state machine
[37141:internal-dpl-clock]: [18:22:26][INFO] Received device shutdown request (signal 15).
[37141:internal-dpl-clock]: [18:22:26][INFO] Waiting for graceful device shutdown. Hit Ctrl-C again to abort immediately.
[37142:tf-reader]: [18:22:26][INFO] Received device shutdown request (signal 15).
[37142:tf-reader]: [18:22:26][INFO] Waiting for graceful device shutdown. Hit Ctrl-C again to abort immediately.
[37142:tf-reader]: [18:22:26][INFO] New state requested. No timeout set, quitting immediately as per --completion-policy
[37141:internal-dpl-clock]: [18:22:26][INFO] New state requested. No timeout set, quitting immediately as per --completion-policy
[37142:tf-reader]: [18:22:26][STATE] RUNNING ---> READY
[37142:tf-reader]: [18:22:26][STATE] READY ---> RESETTING TASK
[37142:tf-reader]: [18:22:26][STATE] RESETTING TASK ---> DEVICE READY
[37142:tf-reader]: [18:22:26][STATE] DEVICE READY ---> RESETTING DEVICE
[37141:internal-dpl-clock]: [18:22:26][INFO] Sending end-of-stream message to channel from_internal-dpl-clock_to_tf-reader
[37141:internal-dpl-clock]: [18:22:26][STATE] RUNNING ---> READY
[37141:internal-dpl-clock]: [18:22:26][STATE] READY ---> RESETTING TASK
[37141:internal-dpl-clock]: [18:22:26][STATE] RESETTING TASK ---> DEVICE READY
[37141:internal-dpl-clock]: [18:22:26][STATE] DEVICE READY ---> RESETTING DEVICE
[37141:internal-dpl-clock]: [18:22:26][STATE] RESETTING DEVICE ---> IDLE
[37141:internal-dpl-clock]: [18:22:26][STATE] IDLE ---> EXITING
[37141:internal-dpl-clock]: [18:22:26][STATE] Exiting FairMQ state machine
[37142:tf-reader]: [18:22:26][STATE] RESETTING DEVICE ---> IDLE
[37142:tf-reader]: [18:22:26][STATE] IDLE ---> EXITING
[37142:tf-reader]: [18:22:26][STATE] Exiting FairMQ state machine
[37144:ctp-raw-decoder]: [18:22:26][INFO] Received device shutdown request (signal 15).
[37144:ctp-raw-decoder]: [18:22:26][INFO] Waiting for graceful device shutdown. Hit Ctrl-C again to abort immediately.
[37144:ctp-raw-decoder]: [18:22:26][INFO] New state requested. No timeout set, quitting immediately as per --completion-policy
[37144:ctp-raw-decoder]: [18:22:26][STATE] RUNNING ---> READY
[37144:ctp-raw-decoder]: [18:22:26][STATE] READY ---> RESETTING TASK
[37144:ctp-raw-decoder]: [18:22:26][STATE] RESETTING TASK ---> DEVICE READY
[37144:ctp-raw-decoder]: [18:22:26][STATE] DEVICE READY ---> RESETTING DEVICE
[37144:ctp-raw-decoder]: [18:22:26][STATE] RESETTING DEVICE ---> IDLE
[37144:ctp-raw-decoder]: [18:22:26][STATE] IDLE ---> EXITING
[37144:ctp-raw-decoder]: [18:22:26][STATE] Exiting FairMQ state machine
[37143:internal-dpl-ccdb-backend]: [18:22:26][INFO] Received device shutdown request (signal 15).
[37143:internal-dpl-ccdb-backend]: [18:22:26][INFO] Waiting for graceful device shutdown. Hit Ctrl-C again to abort immediately.
[37143:internal-dpl-ccdb-backend]: [18:22:26][INFO] New state requested. No timeout set, quitting immediately as per --completion-policy
[37143:internal-dpl-ccdb-backend]: [18:22:26][INFO] CCDB cache miss/hit ratio (7168 fetched / 79872 requested bytes):
[37143:internal-dpl-ccdb-backend]: [18:22:26][INFO]   CTP/Config/TriggerOffsets: 1/10 (2048-2048 bytes)
[37143:internal-dpl-ccdb-backend]: [18:22:26][INFO]   CTP/Config/Config: 1/10 (4096-4096 bytes)
[37143:internal-dpl-ccdb-backend]: [18:22:26][INFO]   CTP/Calib/OrbitReset: 1/11 (1024-1024 bytes)
[37143:internal-dpl-ccdb-backend]: [18:22:26][STATE] RUNNING ---> READY
[37143:internal-dpl-ccdb-backend]: [18:22:26][STATE] READY ---> RESETTING TASK
[37143:internal-dpl-ccdb-backend]: [18:22:26][STATE] RESETTING TASK ---> DEVICE READY
[37143:internal-dpl-ccdb-backend]: [18:22:26][STATE] DEVICE READY ---> RESETTING DEVICE
[37143:internal-dpl-ccdb-backend]: [18:22:26][STATE] RESETTING DEVICE ---> IDLE
[37143:internal-dpl-ccdb-backend]: [18:22:26][STATE] IDLE ---> EXITING
[37143:internal-dpl-ccdb-backend]: [18:22:26][STATE] Exiting FairMQ state machine
[37145:ctp-digit-writer]: [18:22:26][INFO] Received device shutdown request (signal 15).
[37145:ctp-digit-writer]: [18:22:26][INFO] Waiting for graceful device shutdown. Hit Ctrl-C again to abort immediately.
[37145:ctp-digit-writer]: [18:22:26][INFO] New state requested. No timeout set, quitting immediately as per --completion-policy
[37145:ctp-digit-writer]: [18:22:26][STATE] RUNNING ---> READY
[37145:ctp-digit-writer]: [18:22:26][STATE] READY ---> RESETTING TASK
[37145:ctp-digit-writer]: [18:22:26][STATE] RESETTING TASK ---> DEVICE READY
[37145:ctp-digit-writer]: [18:22:26][STATE] DEVICE READY ---> RESETTING DEVICE
[37145:ctp-digit-writer]: [18:22:26][INFO] Cleaning up for shared memory id 'a046eec5'...
[37145:ctp-digit-writer]: [18:22:26][INFO] Found 0 unmanaged regions...
[37145:ctp-digit-writer]: [18:22:26][INFO] Found 1 managed segments...
[37145:ctp-digit-writer]: [18:22:26][INFO] Successfully removed 'fmq_a046eec5_m_0'.
[37145:ctp-digit-writer]: [18:22:26][INFO] Successfully removed 'fmq_a046eec5_mng'.
[37145:ctp-digit-writer]: [18:22:26][STATE] RESETTING DEVICE ---> IDLE
[37145:ctp-digit-writer]: [18:22:26][STATE] IDLE ---> EXITING
[37145:ctp-digit-writer]: [18:22:26][STATE] Exiting FairMQ state machine
[INFO] ## Processes completed. Run summary:
[INFO] ### Devices started: 6
[INFO]  - Device internal-dpl-clock: pid 37141 (exit 0)
[INFO]  - Device tf-reader: pid 37142 (exit 0)
[INFO]  - Device internal-dpl-ccdb-backend: pid 37143 (exit 0)
[INFO]  - Device ctp-raw-decoder: pid 37144 (exit 0)
[INFO]  - Device ctp-digit-writer: pid 37145 (exit 0)
[INFO]  - Device internal-dpl-injected-dummy-sink: pid 37146 (exit 0)
[INFO] Dumping used configuration in dpl-config.json
