{"o2-analysis-pid-tof-merge": {"wagon_id": 12925, "cpu": [92.090993], "proportionalSetSize_summary": {"avg": [492316645.8333333], "max": [565669000.0]}}, "o2-analysis-ft0-corrected-table": {"wagon_id": 1560, "cpu": [0.339157], "proportionalSetSize_summary": {"avg": [28062375.0], "max": [29834000.0]}}, "o2-analysis-tracks-extra-v002-converter": {"wagon_id": 21259, "cpu": [25.608182], "proportionalSetSize_summary": {"avg": [279122312.5], "max": [382998000.0]}}, "o2-analysis-mm-track-propagation": {"wagon_id": 23496, "cpu": [8.39505], "proportionalSetSize_summary": {"avg": [165768229.16666666], "max": [192441000.0]}}, "o2-analysis-fwdtrack-to-collision-associator": {"wagon_id": 25073, "cpu": [43.693429], "proportionalSetSize_summary": {"avg": [92943666.66666667], "max": [110256000.0]}}, "o2-analysis-lf-non-prompt-cascade": {"wagon_id": 30095, "cpu": [4.279395], "proportionalSetSize_summary": {"avg": [442749000.0], "max": [486807000.0]}}, "o2-analysis-multcenttable": {"wagon_id": 31037, "cpu": [16.562779], "proportionalSetSize_summary": {"avg": [191722666.66666666], "max": [209680000.0]}}, "o2-analysis-event-selection-service": {"wagon_id": 31191, "cpu": [71.333201], "proportionalSetSize_summary": {"avg": [407942791.6666667], "max": [472313000.0]}}, "o2-analysis-propagationservice": {"wagon_id": 33511, "cpu": [36.657423], "proportionalSetSize_summary": {"avg": [312959416.6666667], "max": [354300000.0]}}, "o2-analysis-pid-tpc-service": {"wagon_id": 34291, "cpu": [143.288185], "proportionalSetSize_summary": {"avg": [379215979.1666667], "max": [424233000.0]}}, "o2-analysis-lf-st-coll-ids": {"wagon_id": 6570, "cpu": [0.330293], "proportionalSetSize_summary": {"avg": [27557333.333333332], "max": [28952000.0]}}, "o2-analysis-trackselection": {"wagon_id": 951, "cpu": [0.344693], "proportionalSetSize_summary": {"avg": [28584708.333333332], "max": [31470000.0]}}, "writer": {"cpu": [3.055539], "proportionalSetSize_summary": {"avg": [146540750.0], "max": [244902000.0]}}, "reader": {"cpu": [204.919516], "proportionalSetSize_summary": {"avg": [623023354.1666666], "max": [888230000.0]}, "aod-file-read-info": [{"timestamp": "1760455489735", "value": "lfn=/home/rl/TEST/omegaProdDerived/datain/AO2D550889.root,size=4033675028,total_df=105,read_df=105,read_bytes=3873725699,read_calls=3407,io_time=21.7,wait_time=197.6,level=0,ce="}]}, "__full_train__": {"cpu": [650.897835], "proportionalSetSize_summary": {"avg": [3618509229.1666665], "max": [3847120000.0]}, "start_time": [1760455268], "wall": [448], "number_of_input_files": [1], "aod-bytes-read-compressed": [0.0], "alien_site": [""], "host_name": ["ctpo2a9.cern.ch"], "job_id": ["41128"]}}